{ "name": "LE_CRC_13_7_2023_nick",
"remark": "",
"date":1689239490,
"datasets":  [ 
{ "CRC_TR_s34":
	{
		"remark": "CRC-nickchamber",
		"reps":
			{
"REP_1": {
	"header":{
		"Chamber":"82s-1031",
		"Version":"1.1",
		"InstrumentModel":"LI-7810",
		"InstrumentSerialNumber":"TG10-01028",
		"Date":"2023-07-13 10:15:34",
		"RepNum":1,
		"DeadBand":5,
		"Area":318,
		"Offset":5,
		"ChamVolume":4244.1,
		"IrgaVolume":80.46,
		"TotalVolume":5914.56,
		"gps_time":1689257733,
		"latitude":41.622,
		"longitude":-83.2381,
		"gps_hdop":0.78,
		"altitude":179.9,
		"gps_sats":15,
		"TimeZone":"US/Eastern"
	},
	"labels":{
		"area":"Area",
		"volume":"TotalVolume",
		"deadband":"DeadBand",
		"etime":"timestamp",
		"pressure":"chamber_p",
		"temperature":"chamber_t",
		"h2o":"h2o"
	},
	"data":{
		"timestamp":[],
		"chamber_p":[],
		"chamber_p_t":[],
		"chamber_t":[],
		"soil_t":[],
		"soilp_c":[],
		"soilp_m":[],
		"soilp_t":[],
		"ch4":[],
		"co2":[],
		"h2o":[],
		"err":[]
	},
	"summary":{
		"timestamp":[0,0,0],
		"chamber_p":[0,0,0],
		"chamber_p_t":[0,0,0],
		"chamber_t":[0,0,0],
		"soil_t":[0,0,0],
		"soilp_c":[0,0,0],
		"soilp_m":[0,0,0],
		"soilp_t":[0,0,0],
		"ch4":[0,0,0],
		"co2":[0,0,0],
		"h2o":[0,0,0],
		"err":[0,0,0]
	},
	"footer":{
		"P_o":0,
		"T_o":0,
		"W_o":0,
		"fluxes":[
			{
			"name":"ch4",
			"F_o":0,
			"F_cv":0,
			"t_o":0,
			"C_o":0,
			"a":0,
			"C_x":0,
			"iter":0,
			"sei":0,
			"ses":0,
			"r2":0,
			"slope":0,
			"domain":0,
			"n":0
			},
			{
			"name":"co2",
			"F_o":0,
			"F_cv":0,
			"t_o":0,
			"C_o":0,
			"a":0,
			"C_x":0,
			"iter":0,
			"sei":0,
			"ses":0,
			"r2":0,
			"slope":0,
			"domain":0,
			"n":0
			}
		]
	}
}
			}
	}
}
, 
{ "CRC_TR_s34_2":
	{
		"remark": "CRC-nickchamber",
		"reps":
			{
"REP_1": {
	"header":{
		"Chamber":"82s-1031",
		"Version":"1.1",
		"InstrumentModel":"LI-7810",
		"InstrumentSerialNumber":"TG10-01028",
		"Date":"2023-07-13 10:17:54",
		"RepNum":1,
		"DeadBand":5,
		"Area":318,
		"Offset":5,
		"ChamVolume":4244.1,
		"IrgaVolume":80.46,
		"TotalVolume":5914.56,
		"gps_time":1689257873,
		"latitude":41.622,
		"longitude":-83.238,
		"gps_hdop":0.64,
		"altitude":178.3,
		"gps_sats":19,
		"TimeZone":"US/Eastern"
	},
	"labels":{
		"area":"Area",
		"volume":"TotalVolume",
		"deadband":"DeadBand",
		"etime":"timestamp",
		"pressure":"chamber_p",
		"temperature":"chamber_t",
		"h2o":"h2o"
	},
	"data":{
		"timestamp":[],
		"chamber_p":[],
		"chamber_p_t":[],
		"chamber_t":[],
		"soil_t":[],
		"soilp_c":[],
		"soilp_m":[],
		"soilp_t":[],
		"ch4":[],
		"co2":[],
		"h2o":[],
		"err":[]
	},
	"summary":{
		"timestamp":[0,0,0],
		"chamber_p":[0,0,0],
		"chamber_p_t":[0,0,0],
		"chamber_t":[0,0,0],
		"soil_t":[0,0,0],
		"soilp_c":[0,0,0],
		"soilp_m":[0,0,0],
		"soilp_t":[0,0,0],
		"ch4":[0,0,0],
		"co2":[0,0,0],
		"h2o":[0,0,0],
		"err":[0,0,0]
	},
	"footer":{
		"P_o":0,
		"T_o":0,
		"W_o":0,
		"fluxes":[
			{
			"name":"ch4",
			"F_o":0,
			"F_cv":0,
			"t_o":0,
			"C_o":0,
			"a":0,
			"C_x":0,
			"iter":0,
			"sei":0,
			"ses":0,
			"r2":0,
			"slope":0,
			"domain":0,
			"n":0
			},
			{
			"name":"co2",
			"F_o":0,
			"F_cv":0,
			"t_o":0,
			"C_o":0,
			"a":0,
			"C_x":0,
			"iter":0,
			"sei":0,
			"ses":0,
			"r2":0,
			"slope":0,
			"domain":0,
			"n":0
			}
		]
	}
}
,"REP_2": {
	"header":{
		"Chamber":"82s-1031",
		"Version":"1.1",
		"InstrumentModel":"LI-7810",
		"InstrumentSerialNumber":"TG10-01028",
		"Date":"2023-07-13 10:19:19",
		"RepNum":2,
		"DeadBand":5,
		"Area":318,
		"Offset":5,
		"ChamVolume":4244.1,
		"IrgaVolume":80.46,
		"TotalVolume":5914.56,
		"gps_time":1689257958,
		"latitude":41.622,
		"longitude":-83.2381,
		"gps_hdop":0.72,
		"altitude":178.2,
		"gps_sats":16,
		"TimeZone":"US/Eastern"
	},
	"labels":{
		"area":"Area",
		"volume":"TotalVolume",
		"deadband":"DeadBand",
		"etime":"timestamp",
		"pressure":"chamber_p",
		"temperature":"chamber_t",
		"h2o":"h2o"
	},
	"data":{
		"timestamp":[],
		"chamber_p":[],
		"chamber_p_t":[],
		"chamber_t":[],
		"soil_t":[],
		"soilp_c":[],
		"soilp_m":[],
		"soilp_t":[],
		"ch4":[],
		"co2":[],
		"h2o":[],
		"err":[]
	},
	"summary":{
		"timestamp":[0,0,0],
		"chamber_p":[0,0,0],
		"chamber_p_t":[0,0,0],
		"chamber_t":[0,0,0],
		"soil_t":[0,0,0],
		"soilp_c":[0,0,0],
		"soilp_m":[0,0,0],
		"soilp_t":[0,0,0],
		"ch4":[0,0,0],
		"co2":[0,0,0],
		"h2o":[0,0,0],
		"err":[0,0,0]
	},
	"footer":{
		"P_o":0,
		"T_o":0,
		"W_o":0,
		"fluxes":[
			{
			"name":"ch4",
			"F_o":0,
			"F_cv":0,
			"t_o":0,
			"C_o":0,
			"a":0,
			"C_x":0,
			"iter":0,
			"sei":0,
			"ses":0,
			"r2":0,
			"slope":0,
			"domain":0,
			"n":0
			},
			{
			"name":"co2",
			"F_o":0,
			"F_cv":0,
			"t_o":0,
			"C_o":0,
			"a":0,
			"C_x":0,
			"iter":0,
			"sei":0,
			"ses":0,
			"r2":0,
			"slope":0,
			"domain":0,
			"n":0
			}
		]
	}
}
			}
	}
}
, 
{ "CRC_TR_s34_3":
	{
		"remark": "CRC-nickchamber",
		"reps":
			{
"REP_1": {
	"header":{
		"Chamber":"82s-1031",
		"Version":"1.1",
		"InstrumentModel":"LI-7810",
		"InstrumentSerialNumber":"TG10-01028",
		"Date":"2023-07-13 10:27:22",
		"RepNum":1,
		"DeadBand":5,
		"Area":318,
		"Offset":5,
		"ChamVolume":4244.1,
		"IrgaVolume":80.46,
		"TotalVolume":5914.56,
		"gps_time":1689258441,
		"latitude":41.622,
		"longitude":-83.2381,
		"gps_hdop":1.07,
		"altitude":175.6,
		"gps_sats":8,
		"TimeZone":"US/Eastern"
	},
	"labels":{
		"area":"Area",
		"volume":"TotalVolume",
		"deadband":"DeadBand",
		"etime":"timestamp",
		"pressure":"chamber_p",
		"temperature":"chamber_t",
		"h2o":"h2o"
	},
	"data":{
		"timestamp":[0,1,2,3,4,5,6,7,8,
			9,10,11,12,13,14,15,16,17,18,
			19,20,21,22,23,24,25,26,27,28,
			29,30,31,32,33,34,35,36,37,38,
			39,40,41,42,43,44,45,46,47,48,
			49,50,51,52,53,54,55,56,57,58,
			59],
		"chamber_p":[99.138,99.1276,99.135,99.1345,99.132,99.133,99.132,99.1318,99.1345,
			99.1331,99.1317,99.1338,99.1325,99.1339,99.1331,99.1327,99.1305,99.1348,99.1336,
			99.1322,99.1278,99.135,99.1305,99.1245,99.131,99.1258,99.1232,99.1273,99.1255,
			99.1278,99.1253,99.1239,99.128,99.1241,99.1227,99.1309,99.1256,99.1302,99.1247,
			99.1227,99.1252,99.1285,99.1217,99.1314,99.1274,99.1298,99.1263,99.128,99.1281,
			99.1251,99.1283,99.1269,99.1321,99.1299,99.1242,99.1259,99.1299,99.1243,99.1312,
			99.1279],
		"chamber_p_t":[28.675,28.6458,28.6667,28.6771,28.6562,28.6771,28.6875,28.6979,28.7292,
			28.725,28.7292,28.7604,28.7604,28.7812,28.7917,28.8021,28.8021,28.85,28.8438,
			28.8542,28.8542,28.9062,28.8854,28.875,28.9062,28.9,28.8958,28.9271,28.9375,
			28.9583,28.9375,28.9479,28.9792,28.9625,28.9688,29,29,29.0417,29.0104,
			29.0312,29.0521,29.0625,29.0375,29.0938,29.0833,29.1042,29.1042,29.1146,29.125,
			29.1042,29.15,29.1354,29.1875,29.1875,29.1667,29.1875,29.2188,29.1979,29.2396,
			29.225],
		"chamber_t":[19.7415,19.7415,19.7415,19.7415,19.7415,19.7424,19.7433,19.7433,19.7449,
			19.7449,19.7449,19.7449,19.7464,19.7466,19.7472,19.7489,19.75,19.7514,19.752,
			19.7537,19.7554,19.7568,19.7582,19.7602,19.7613,19.7629,19.7644,19.7669,19.7678,
			19.7703,19.772,19.7746,19.7762,19.7778,19.7802,19.7825,19.7844,19.787,19.7886,
			19.7909,19.7937,19.7954,19.7974,19.7994,19.8019,19.8039,19.807,19.809,19.8113,
			19.8141,19.816,19.8186,19.8203,19.822,19.8254,19.8271,19.8288,19.8322,19.8339,
			19.8364],
		"soil_t":[9999,9999,9999,9999,9999,9999,9999,9999,9999,
			9999,9999,9999,9999,9999,9999,9999,9999,9999,9999,
			9999,9999,9999,9999,9999,9999,9999,9999,9999,9999,
			9999,9999,9999,9999,9999,9999,9999,9999,9999,9999,
			9999,9999,9999,9999,9999,9999,9999,9999,9999,9999,
			9999,9999,9999,9999,9999,9999,9999,9999,9999,9999,
			9999],
		"soilp_c":[0.001,0.001,0.001,0.001,0.001,0.001,0.001,0.001,0.001,
			0.001,0.001,0.001,0.001,0.001,0.001,0.001,0.001,0.001,0.001,
			0.001,0.001,0.001,0.001,0.001,0.001,0.001,0.001,0.001,0.001,
			0.001,0.001,0.001,0.001,0.001,0.001,0.001,0.001,0.001,0.001,
			0.001,0.001,0.001,0.001,0.001,0.001,0.001,0.001,0.001,0.001,
			0.001,0.001,0.001,0.001,0.001,0.001,0.001,0.001,0.001,0.001,
			0.001],
		"soilp_m":[0,0,0,0,0,0,0,0,0,
			0,0,0,0,0,0,0,0,0,0,
			0,0,0,0,0,0,0,0,0,0,
			0,0,0,0,0,0,0,0,0,0,
			0,0,0,0,0,0,0,0,0,0,
			0,0,0,0,0,0,0,0,0,0,
			0],
		"soilp_t":[20.7,20.7,20.7,20.7,20.7,20.7,20.7,20.7,20.7,
			20.7,20.7,20.7,20.7,20.7,20.7,20.7,20.7,20.7,20.7,
			20.7,20.7,20.7,20.7,20.7,20.7,20.7,20.7,20.7,20.7,
			20.7,20.7,20.7,20.7,20.7,20.7,20.7,20.7,20.7,20.7,
			20.7,20.7,20.7,20.7,20.7,20.7,20.7,20.7,20.7,20.7,
			20.7,20.7,20.7,20.7,20.7,20.7,20.7,20.7,20.7,20.7,
			20.7],
		"ch4":[2061.74,2061.84,2061.81,2061.64,2061.74,2061.69,2061.66,2061.29,2061.18,
			2061.35,2061.05,2060.73,2060.6,2060.45,2060.42,2059.91,2060.05,2059.67,2059.66,
			2059.9,2059.72,2059.8,2059.96,2059.81,2059.7,2059.5,2059.53,2059.24,2059.25,
			2059.17,2059.17,2058.97,2059.07,2059.08,2058.93,2058.88,2058.64,2058.68,2058.31,
			2058.39,2058.44,2058.18,2058.24,2057.97,2058,2057.89,2057.85,2057.84,2057.74,
			2057.65,2057.73,2057.3,2057.67,2057.46,2057.16,2057.23,2057.15,2057.03,2056.89,
			2057.29],
		"co2":[421.861,420.562,421.496,421.174,422.444,423.503,427.522,430.907,433.994,
			435.064,436.065,438.198,440.707,445.096,449.298,451.724,453.821,456.417,456.476,
			454.388,453.577,453.923,456.312,457.946,458.154,459.809,461.775,462.886,465.524,
			465.415,467.423,468.135,471.016,471.144,472.332,473.109,475.239,477.337,477.847,
			478.785,480.052,481.218,481.954,483.916,485.894,487.616,488.489,490.503,491.342,
			493.026,494.146,495.707,496.874,497.986,498.836,498.949,500.883,502.768,502.909,
			504.172],
		"h2o":[19.591,19.5991,19.6301,19.6664,19.6994,19.7291,19.7562,19.788,19.8221,
			19.8611,19.9011,19.9374,19.9783,20.0224,20.0731,20.1262,20.1801,20.2287,20.2771,
			20.3194,20.3552,20.3862,20.4134,20.441,20.4682,20.4935,20.5204,20.5454,20.5733,
			20.5986,20.6218,20.6465,20.6687,20.6915,20.7121,20.7317,20.752,20.7718,20.7914,
			20.8112,20.8318,20.8512,20.8661,20.8848,20.9022,20.9212,20.9386,20.9575,20.9739,
			20.9917,21.008,21.0223,21.0368,21.0533,21.07,21.0832,21.0951,21.1079,21.1207,
			21.1323],
		"err":[0,0,0,0,0,0,0,0,0,
			0,0,0,0,0,0,0,0,0,0,
			0,0,0,0,0,0,0,0,0,0,
			0,0,0,0,0,0,0,0,0,0,
			0,0,0,0,0,0,0,0,0,0,
			0,0,0,0,0,0,0,0,0,0,
			0]
	},
	"summary":{
		"timestamp":[0,29.5,59],
		"chamber_p":[99.1338,99.1291,0.0163422],
		"chamber_p_t":[28.6493,28.9419,0.59375],
		"chamber_t":[19.7408,19.7774,0.0948792],
		"soil_t":[9999,9999,0],
		"soilp_c":[0.001,0.001,0],
		"soilp_m":[0,0,0],
		"soilp_t":[20.7,20.7,0],
		"ch4":[2061.91,2059.25,4.95386],
		"co2":[418.096,465.427,83.6099],
		"h2o":[19.5733,20.5005,1.54132],
		"err":[0,0,0]
	},
	"footer":{
		"P_o":99.1338,
		"T_o":19.7408,
		"W_o":19.5733,
		"fluxes":[
			{
			"name":"ch4",
			"F_o":-0.592383,
			"F_cv":4.66417,
			"t_o":0,
			"C_o":2061.91,
			"a":3.87005e-05,
			"C_x":0,
			"iter":10,
			"sei":0.117735,
			"ses":0.00362263,
			"r2":0.895688,
			"slope":-0.079797,
			"domain":53,
			"n":54
			},
			{
			"name":"co2",
			"F_o":12.4323,
			"F_cv":1.57201,
			"t_o":-2.83744,
			"C_o":418.096,
			"a":0.00619518,
			"C_x":688.417,
			"iter":3,
			"sei":0.626879,
			"ses":0.0192886,
			"r2":0.989516,
			"slope":1.67469,
			"domain":53,
			"n":54
			}
		]
	}
}
,"REP_2": {
	"header":{
		"Chamber":"82s-1031",
		"Version":"1.1",
		"InstrumentModel":"LI-7810",
		"InstrumentSerialNumber":"TG10-01028",
		"Date":"2023-07-13 10:28:47",
		"RepNum":2,
		"DeadBand":5,
		"Area":318,
		"Offset":5,
		"ChamVolume":4244.1,
		"IrgaVolume":80.46,
		"TotalVolume":5914.56,
		"gps_time":1689258526,
		"latitude":41.622,
		"longitude":-83.2381,
		"gps_hdop":1.02,
		"altitude":174.5,
		"gps_sats":9,
		"TimeZone":"US/Eastern"
	},
	"labels":{
		"area":"Area",
		"volume":"TotalVolume",
		"deadband":"DeadBand",
		"etime":"timestamp",
		"pressure":"chamber_p",
		"temperature":"chamber_t",
		"h2o":"h2o"
	},
	"data":{
		"timestamp":[0,1,2,3,4,5,6,7,8,
			9,10,11,12,13,14,15,16,17,18,
			19,20,21,22,23,24,25,26,27,28,
			29,30,31,32,33,34,35,36,37,38,
			39,40,41,42,43,44,45,46,47,48,
			49,50,51,52,53,54,55,56,57,58,
			59],
		"chamber_p":[99.1225,99.1268,99.1229,99.1247,99.1233,99.1261,99.1234,99.1263,99.1246,
			99.1265,99.1282,99.1266,99.1217,99.1269,99.1232,99.1205,99.1276,99.1266,99.1197,
			99.1163,99.1253,99.1269,99.1299,99.1243,99.1258,99.1218,99.1218,99.1258,99.1256,
			99.1193,99.1286,99.1252,99.1252,99.1258,99.1299,99.128,99.1281,99.1245,99.1303,
			99.1248,99.1304,99.1326,99.1285,99.1324,99.1288,99.1326,99.1288,99.1319,99.1275,
			99.1284,99.1259,99.1294,99.1312,99.1252,99.1301,99.1307,99.1337,99.1276,99.1309,
			99.1308],
		"chamber_p_t":[29.2917,29.3021,29.2812,29.3021,29.3021,29.3333,29.3438,29.3542,29.375,
			29.3958,29.4062,29.4062,29.4062,29.4375,29.4375,29.4375,29.4875,29.4896,29.4688,
			29.4792,29.5312,29.5417,29.5625,29.5521,29.5625,29.5625,29.5625,29.5938,29.6042,
			29.5938,29.6354,29.625,29.6354,29.6375,29.6771,29.6771,29.6875,29.6875,29.7292,
			29.7083,29.7396,29.75,29.7396,29.7708,29.7708,29.7812,29.7812,29.8021,29.8125,
			29.8021,29.7875,29.8229,29.8438,29.8229,29.875,29.875,29.8958,29.875,29.9,
			29.8958],
		"chamber_t":[19.8282,19.8265,19.8257,19.8245,19.824,19.8223,19.8206,19.8189,19.8174,
			19.8158,19.8144,19.8141,19.8127,19.8127,19.8115,19.811,19.811,19.811,19.811,
			19.811,19.8118,19.8127,19.8127,19.8144,19.8151,19.816,19.8175,19.8183,19.82,
			19.8211,19.8226,19.8242,19.8259,19.8266,19.8291,19.8299,19.8325,19.8333,19.8359,
			19.8376,19.8384,19.8398,19.8415,19.8432,19.8441,19.8466,19.8483,19.85,19.8526,
			19.8534,19.8551,19.8565,19.8587,19.8602,19.8616,19.8633,19.865,19.8672,19.869,
			19.8706],
		"soil_t":[9999,9999,9999,9999,9999,9999,9999,9999,9999,
			9999,9999,9999,9999,9999,9999,9999,9999,9999,9999,
			9999,9999,9999,9999,9999,9999,9999,9999,9999,9999,
			9999,9999,9999,9999,9999,9999,9999,9999,9999,9999,
			9999,9999,9999,9999,9999,9999,9999,9999,9999,9999,
			9999,9999,9999,9999,9999,9999,9999,9999,9999,9999,
			9999],
		"soilp_c":[0.001,0.001,0.001,0.001,0.001,0.001,0.001,0.001,0.001,
			0.001,0.001,0.001,0.001,0.001,0.001,0.001,0.001,0.001,0.001,
			0.001,0.001,0.001,0.001,0.001,0.001,0.001,0.001,0.001,0.001,
			0.001,0.001,0.001,0.001,0.001,0.001,0.001,0.001,0.001,0.001,
			0.001,0.001,0.001,0.001,0.001,0.001,0.001,0.001,0.001,0.001,
			0.001,0.001,0.001,0.001,0.001,0.001,0.001,0.001,0.001,0.001,
			0.001],
		"soilp_m":[0,0,0,0,0,0,0,0,0,
			0,0,0,0,0,0,0,0,0,0,
			0,0,0,0,0,0,0,0,0,0,
			0,0,0,0,0,0,0,0,0,0,
			0,0,0,0,0,0,0,0,0,0,
			0,0,0,0,0,0,0,0,0,0,
			0],
		"soilp_t":[20.7,20.7,20.7,20.7,20.7,20.7,20.7,20.7,20.7,
			20.7,20.7,20.7,20.7,20.7,20.7,20.7,20.7,20.7,20.7,
			20.7,20.7,20.7,20.7,20.7,20.7,20.7,20.7,20.7,20.7,
			20.7,20.7,20.7,20.7,20.7,20.7,20.7,20.7,20.7,20.7,
			20.7,20.7,20.7,20.7,20.7,20.7,20.7,20.7,20.7,20.7,
			20.7,20.7,20.7,20.7,20.7,20.7,20.7,20.7,20.7,20.7,
			20.7],
		"ch4":[2051.41,2051.37,2051.08,2051.2,2051.02,2050.74,2050.66,2050.86,2050.51,
			2050.56,2050.48,2050.49,2050.59,2050.42,2050.23,2050.39,2050.29,2050.11,2050.24,
			2050.1,2049.93,2049.93,2049.82,2049.72,2049.52,2049.93,2049.64,2049.82,2049.67,
			2049.66,2049.43,2049.46,2049.22,2049.43,2049.29,2049.06,2049.27,2049.22,2048.96,
			2049.05,2048.86,2048.9,2048.63,2048.57,2048.63,2048.67,2048.67,2048.67,2048.35,
			2048.42,2048.42,2048.39,2048.28,2048.41,2048.28,2048.28,2047.95,2048.03,2048.13,
			2047.77],
		"co2":[449.23,448.582,447.241,445.772,443.03,443.4,443.163,444.58,445.462,
			446.673,447.691,446.567,447.795,447.894,449.229,451.193,452.063,452.87,453.916,
			456.373,457.191,458.397,459.755,460.424,461.164,463.146,463.324,464.479,466.874,
			468.221,469.173,470.421,471.469,472.694,473.842,474.785,475.177,476.472,478.564,
			479.149,480.887,481.092,482.882,485.263,486.162,486.537,488.276,489.766,490.182,
			489.905,491.467,493.449,493.713,494.45,496.617,498.139,499.14,501.094,502.515,
			501.997],
		"h2o":[20.7903,20.7602,20.7381,20.7222,20.7032,20.6888,20.6758,20.6694,20.6695,
			20.6689,20.6755,20.6817,20.692,20.7046,20.7195,20.7351,20.7524,20.7712,20.7917,
			20.8109,20.8306,20.8505,20.8686,20.8883,20.9068,20.9247,20.9418,20.9571,20.9725,
			20.9883,21.0024,21.0195,21.0347,21.05,21.0639,21.0784,21.0937,21.1062,21.1193,
			21.1319,21.1435,21.1569,21.1686,21.181,21.1956,21.2099,21.2232,21.2352,21.2479,
			21.2602,21.2717,21.2829,21.2934,21.3031,21.3134,21.3252,21.3348,21.345,21.3559,
			21.3629],
		"err":[0,0,0,0,0,0,0,0,0,
			0,0,0,0,0,0,0,0,0,0,
			0,0,0,0,0,0,0,0,0,0,
			0,0,0,0,0,0,0,0,0,0,
			0,0,0,0,0,0,0,0,0,0,
			0,0,0,0,0,0,0,0,0,0,
			0]
	},
	"summary":{
		"timestamp":[0,29.5,59],
		"chamber_p":[99.1234,99.1266,0.0173721],
		"chamber_p_t":[29.2727,29.6075,0.61875],
		"chamber_t":[19.8285,19.8314,0.0596714],
		"soil_t":[9999,9999,0],
		"soilp_c":[0.001,0.001,0],
		"soilp_m":[0,0,0],
		"soilp_t":[20.7,20.7,0],
		"ch4":[2051.39,2049.52,3.6405],
		"co2":[446.935,469.35,59.4853],
		"h2o":[20.7637,20.991,0.693964],
		"err":[0,0,0]
	},
	"footer":{
		"P_o":99.1234,
		"T_o":19.8285,
		"W_o":20.7637,
		"fluxes":[
			{
			"name":"ch4",
			"F_o":-0.395834,
			"F_cv":5.62831,
			"t_o":0,
			"C_o":2051.39,
			"a":2.60347e-05,
			"C_x":0,
			"iter":10,
			"sei":0.0959112,
			"ses":0.00295111,
			"r2":0.844127,
			"slope":-0.0534073,
			"domain":53,
			"n":54
			},
			{
			"name":"co2",
			"F_o":8.53569,
			"F_cv":9.69598,
			"t_o":0,
			"C_o":446.935,
			"a":1.15218e-06,
			"C_x":1e+06,
			"iter":10,
			"sei":3.60695,
			"ses":0.110983,
			"r2":0.518254,
			"slope":1.15166,
			"domain":53,
			"n":54
			}
		]
	}
}
			}
	}
}
, 
{ "CRC_TR_s33":
	{
		"remark": "CRC-nickchamber",
		"reps":
			{
"REP_1": {
	"header":{
		"Chamber":"82s-1031",
		"Version":"1.1",
		"InstrumentModel":"LI-7810",
		"InstrumentSerialNumber":"TG10-01028",
		"Date":"2023-07-13 10:32:28",
		"RepNum":1,
		"DeadBand":5,
		"Area":318,
		"Offset":5,
		"ChamVolume":4244.1,
		"IrgaVolume":80.46,
		"TotalVolume":5914.56,
		"gps_time":1689258747,
		"latitude":41.622,
		"longitude":-83.2381,
		"gps_hdop":0.81,
		"altitude":174.3,
		"gps_sats":12,
		"TimeZone":"US/Eastern"
	},
	"labels":{
		"area":"Area",
		"volume":"TotalVolume",
		"deadband":"DeadBand",
		"etime":"timestamp",
		"pressure":"chamber_p",
		"temperature":"chamber_t",
		"h2o":"h2o"
	},
	"data":{
		"timestamp":[0,1,2,3,4,5,6,7,8,
			9,10,11,12,13,14,15,16,17,18,
			19,20,21,22,23,24,25,26,27,28,
			29,30,31,32,33,34,35,36,37,38,
			39,40,41,42,43,44,45,46,47,48,
			49,50,51,52,53,54,55,56,57,58,
			59],
		"chamber_p":[99.119,99.1198,99.1208,99.1175,99.12,99.1187,99.1253,99.1248,99.1241,
			99.1242,99.122,99.1296,99.122,99.121,99.1186,99.1225,99.1207,99.1208,99.1224,
			99.1244,99.1253,99.1213,99.1244,99.1217,99.1282,99.1201,99.1215,99.1265,99.1216,
			99.1285,99.1251,99.1272,99.1246,99.1197,99.124,99.1268,99.1263,99.1259,99.1304,
			99.1269,99.1256,99.1272,99.1282,99.1266,99.1269,99.1255,99.1273,99.1258,99.1265,
			99.1276,99.1259,99.1228,99.1245,99.1248,99.126,99.1289,99.1273,99.1224,99.1325,
			99.1287],
		"chamber_p_t":[30.7188,30.6979,30.7083,30.6771,30.6979,30.7083,30.7292,30.7375,30.7396,
			30.7604,30.75,30.7917,30.7604,30.75,30.7396,30.7604,30.7625,30.7708,30.7917,
			30.8021,30.8125,30.8021,30.7917,30.8125,30.8375,30.8021,30.8125,30.8333,30.8125,
			30.875,30.8438,30.875,30.8375,30.8125,30.8646,30.875,30.875,30.8854,30.9062,
			30.8958,30.9,30.8958,30.9167,30.9062,30.9167,30.9167,30.9167,30.9062,30.9167,
			30.9375,30.9167,30.9167,30.9375,30.9375,30.9479,30.9583,30.9479,30.95,31,
			30.9896],
		"chamber_t":[20.0218,20.0221,20.0221,20.0226,20.0238,20.0238,20.0238,20.0241,20.0255,
			20.0269,20.0292,20.0318,20.0335,20.0341,20.0341,20.0355,20.0375,20.0383,20.0392,
			20.0409,20.0426,20.0443,20.0452,20.0452,20.045,20.0475,20.0478,20.0492,20.0509,
			20.0526,20.0543,20.056,20.0577,20.0592,20.0609,20.0626,20.0635,20.0652,20.068,
			20.0703,20.0717,20.0735,20.0752,20.0752,20.0769,20.0777,20.0794,20.0812,20.082,
			20.0837,20.0857,20.0872,20.0886,20.0909,20.0929,20.0946,20.0963,20.0975,20.0986,
			20.0992],
		"soil_t":[9999,9999,9999,9999,9999,9999,9999,9999,9999,
			9999,9999,9999,9999,9999,9999,9999,9999,9999,9999,
			9999,9999,9999,9999,9999,9999,9999,9999,9999,9999,
			9999,9999,9999,9999,9999,9999,9999,9999,9999,9999,
			9999,9999,9999,9999,9999,9999,9999,9999,9999,9999,
			9999,9999,9999,9999,9999,9999,9999,9999,9999,9999,
			9999],
		"soilp_c":[0.001,0.001,0.001,0.001,0.001,0.001,0.001,0.001,0.001,
			0.001,0.001,0.001,0.001,0.001,0.001,0.001,0.001,0.001,0.001,
			0.001,0.001,0.001,0.001,0.001,0.001,0.001,0.001,0.001,0.001,
			0.001,0.001,0.001,0.001,0.001,0.001,0.001,0.001,0.001,0.001,
			0.001,0.001,0.001,0.001,0.001,0.001,0.001,0.001,0.001,0.001,
			0.001,0.001,0.001,0.001,0.001,0.001,0.001,0.001,0.001,0.001,
			0.001],
		"soilp_m":[0,0,0,0,0,0,0,0,0,
			0,0,0,0,0,0,0,0,0,0,
			0,0,0,0,0,0,0,0,0,0,
			0,0,0,0,0,0,0,0,0,0,
			0,0,0,0,0,0,0,0,0,0,
			0,0,0,0,0,0,0,0,0,0,
			0],
		"soilp_t":[20.7,20.7,20.7,20.7,20.7,20.7,20.7,20.7,20.7,
			20.7,20.7,20.7,20.7,20.7,20.7,20.7,20.7,20.7,20.7,
			20.7,20.7,20.7,20.7,20.7,20.7,20.7,20.7,20.7,20.7,
			20.7,20.7,20.7,20.7,20.7,20.7,20.7,20.7,20.7,20.7,
			20.7,20.7,20.7,20.7,20.7,20.7,20.7,20.7,20.7,20.7,
			20.7,20.7,20.7,20.7,20.7,20.7,20.7,20.7,20.7,20.7,
			20.7],
		"ch4":[2055.89,2055.32,2055.43,2055.51,2055.88,2055.64,2055.22,2055.06,2054.87,
			2054.28,2054.58,2054.38,2054.38,2054.39,2054.25,2054.09,2054,2053.69,2053.57,
			2053.28,2053.3,2053.56,2053.1,2053.06,2052.82,2053.01,2052.7,2052.32,2052.35,
			2052.56,2052.21,2052.12,2052.08,2051.82,2051.73,2051.82,2051.69,2051.35,2051.56,
			2051.38,2051.37,2051.12,2050.93,2050.84,2050.88,2050.57,2050.43,2050.6,2050.6,
			2050.52,2050.05,2049.93,2049.95,2049.9,2049.84,2049.88,2049.64,2049.58,2049.67,
			2049.42],
		"co2":[458.224,466.359,467.702,463.423,458.878,462.159,467.214,472.468,477.896,
			482.261,483.097,483.754,483.903,484.04,487.639,490.334,494.66,496.748,499.056,
			504.131,503.428,505.034,508.774,511.107,512.478,514.304,518.121,520.586,522.698,
			523.679,524.823,526.556,529.258,530.164,533.126,534.114,536.225,538.653,540.439,
			542.262,544.125,547.241,548.665,550.184,552.694,554.954,556.681,557.061,557.603,
			559.762,563.361,566.434,566.285,566.609,569.371,570.974,572.988,574.208,576.326,
			578.227],
		"h2o":[21.026,21.0186,21.0228,21.0456,21.0743,21.1003,21.1274,21.1619,21.199,
			21.2377,21.2838,21.3314,21.3777,21.4233,21.4648,21.506,21.5463,21.5835,21.6231,
			21.6621,21.6992,21.7355,21.77,21.8037,21.8344,21.8663,21.8923,21.921,21.9487,
			21.975,22.0019,22.0245,22.0485,22.0687,22.0911,22.1115,22.1304,22.1507,22.1695,
			22.1904,22.2076,22.226,22.2437,22.2626,22.2778,22.2937,22.3097,22.3268,22.3427,
			22.3573,22.3694,22.3834,22.3976,22.4104,22.4237,22.4355,22.4481,22.4608,22.4719,
			22.4818],
		"err":[0,0,0,0,0,0,0,0,0,
			0,0,0,0,0,0,0,0,0,0,
			0,0,0,0,0,0,0,0,0,0,
			0,0,0,0,0,0,0,0,0,0,
			0,0,0,0,0,0,0,0,0,0,
			0,0,0,0,0,0,0,0,0,0,
			0]
	},
	"summary":{
		"timestamp":[0,29.5,59],
		"chamber_p":[99.1186,99.1244,0.0150452],
		"chamber_p_t":[30.6908,30.8391,0.322916],
		"chamber_t":[20.021,20.0564,0.0773716],
		"soil_t":[9999,9999,0],
		"soilp_c":[0.001,0.001,0],
		"soilp_m":[0,0,0],
		"soilp_t":[20.7,20.7,0],
		"ch4":[2055.88,2052.43,6.47314],
		"co2":[457.926,521.559,120.003],
		"h2o":[20.9825,21.873,1.46318],
		"err":[0,0,0]
	},
	"footer":{
		"P_o":99.1186,
		"T_o":20.021,
		"W_o":20.9825,
		"fluxes":[
			{
			"name":"ch4",
			"F_o":-0.794002,
			"F_cv":3.12556,
			"t_o":0,
			"C_o":2055.88,
			"a":5.21573e-05,
			"C_x":0,
			"iter":10,
			"sei":0.102343,
			"ses":0.00314902,
			"r2":0.955577,
			"slope":-0.107229,
			"domain":53,
			"n":54
			},
			{
			"name":"co2",
			"F_o":19.2288,
			"F_cv":1.16971,
			"t_o":0.962571,
			"C_o":457.926,
			"a":0.00821355,
			"C_x":774.09,
			"iter":6,
			"sei":0.398958,
			"ses":0.0122756,
			"r2":0.998079,
			"slope":2.59682,
			"domain":53,
			"n":54
			}
		]
	}
}
,"REP_2": {
	"header":{
		"Chamber":"82s-1031",
		"Version":"1.1",
		"InstrumentModel":"LI-7810",
		"InstrumentSerialNumber":"TG10-01028",
		"Date":"2023-07-13 10:33:53",
		"RepNum":2,
		"DeadBand":5,
		"Area":318,
		"Offset":5,
		"ChamVolume":4244.1,
		"IrgaVolume":80.46,
		"TotalVolume":5914.56,
		"gps_time":1689258831,
		"latitude":41.622,
		"longitude":-83.2381,
		"gps_hdop":0.81,
		"altitude":175.6,
		"gps_sats":11,
		"TimeZone":"US/Eastern"
	},
	"labels":{
		"area":"Area",
		"volume":"TotalVolume",
		"deadband":"DeadBand",
		"etime":"timestamp",
		"pressure":"chamber_p",
		"temperature":"chamber_t",
		"h2o":"h2o"
	},
	"data":{
		"timestamp":[0,1,2,3,4,5,6,7,8,
			9,10,11,12,13,14,15,16,17,18,
			19,20,21,22,23,24,25,26,27,28,
			29,30,31,32,33,34,35,36,37,38,
			39,40,41,42,43,44,45,46,47,48,
			49,50,51,52,53,54,55,56,57,58,
			59],
		"chamber_p":[99.1276,99.1276,99.1275,99.1298,99.1302,99.1266,99.1252,99.1305,99.1287,
			99.1342,99.1323,99.1282,99.1305,99.1287,99.1297,99.1266,99.1278,99.1228,99.127,
			99.129,99.1303,99.1289,99.1258,99.1276,99.125,99.1282,99.1249,99.1296,99.1236,
			99.1197,99.1279,99.1256,99.1256,99.1251,99.1232,99.124,99.1256,99.1234,99.1228,
			99.1163,99.1232,99.1239,99.12,99.1194,99.1169,99.1193,99.1169,99.1174,99.1196,
			99.1283,99.1212,99.1252,99.1139,99.1182,99.1278,99.1162,99.1204,99.1183,99.116,
			99.1185],
		"chamber_p_t":[30.9062,30.9062,30.8958,30.9062,30.9271,30.9062,30.9375,30.9479,30.9583,
			30.9896,30.9896,30.9688,31.0104,31,31.0208,31,31.0104,31.0104,31.0312,
			31.0521,31.0625,31.0625,31.0625,31.0625,31.0521,31.0729,31.0833,31.125,31.1042,
			31.0938,31.1354,31.1354,31.15,31.1354,31.1458,31.1562,31.1667,31.1979,31.1875,
			31.1667,31.2083,31.2375,31.2188,31.2188,31.2292,31.2396,31.2292,31.2292,31.25,
			31.2875,31.2708,31.3021,31.25,31.2812,31.3333,31.3021,31.3125,31.3375,31.3021,
			31.3333],
		"chamber_t":[20.1627,20.1627,20.1627,20.163,20.1642,20.1627,20.1627,20.1618,20.1627,
			20.1627,20.1618,20.1627,20.1636,20.1645,20.1653,20.1662,20.1662,20.1662,20.1662,
			20.1662,20.1667,20.1679,20.1693,20.1696,20.1696,20.1696,20.1696,20.1699,20.1716,
			20.173,20.1742,20.175,20.1765,20.1765,20.1765,20.1765,20.1773,20.1782,20.1782,
			20.179,20.1799,20.1799,20.1814,20.1831,20.1839,20.1857,20.1868,20.1874,20.1885,
			20.1899,20.1914,20.192,20.1931,20.194,20.1954,20.1966,20.1983,20.1999,20.2014,
			20.2023],
		"soil_t":[9999,9999,9999,9999,9999,9999,9999,9999,9999,
			9999,9999,9999,9999,9999,9999,9999,9999,9999,9999,
			9999,9999,9999,9999,9999,9999,9999,9999,9999,9999,
			9999,9999,9999,9999,9999,9999,9999,9999,9999,9999,
			9999,9999,9999,9999,9999,9999,9999,9999,9999,9999,
			9999,9999,9999,9999,9999,9999,9999,9999,9999,9999,
			9999],
		"soilp_c":[0.001,0.001,0.001,0.001,0.001,0.001,0.001,0.001,0.001,
			0.001,0.001,0.001,0.001,0.001,0.001,0.001,0.001,0.001,0.001,
			0.001,0.001,0.001,0.001,0.001,0.001,0.001,0.001,0.001,0.001,
			0.001,0.001,0.001,0.001,0.001,0.001,0.001,0.001,0.001,0.001,
			0.001,0.001,0.001,0.001,0.001,0.001,0.001,0.001,0.001,0.001,
			0.001,0.001,0.001,0.001,0.001,0.001,0.001,0.001,0.001,0.001,
			0.001],
		"soilp_m":[0,0,0,0,0,0,0,0,0,
			0,0,0,0,0,0,0,0,0,0,
			0,0,0,0,0,0,0,0,0,0,
			0,0,0,0,0,0,0,0,0,0,
			0,0,0,0,0,0,0,0,0,0,
			0,0,0,0,0,0,0,0,0,0,
			0],
		"soilp_t":[20.7,20.7,20.7,20.7,20.7,20.7,20.7,20.7,20.7,
			20.7,20.7,20.7,20.7,20.7,20.7,20.7,20.7,20.7,20.7,
			20.7,20.7,20.7,20.9,20.9,20.9,20.9,20.9,20.9,20.9,
			20.9,20.9,20.9,20.9,20.9,20.9,20.9,20.9,20.9,20.9,
			20.9,20.9,20.9,20.9,20.9,20.9,20.9,20.9,20.9,20.9,
			20.9,20.9,20.9,20.9,20.9,20.9,20.9,20.9,20.9,20.9,
			20.9],
		"ch4":[2051.48,2051.72,2051.7,2051.51,2051.64,2051.87,2052.82,2053.18,2053.37,
			2053.5,2053,2053.17,2053.2,2053.22,2052.97,2053.05,2053.02,2052.68,2052.59,
			2052.55,2052.57,2052.42,2052.26,2052.26,2051.88,2052.11,2052.02,2051.87,2051.66,
			2051.62,2051.44,2051.39,2051.44,2051.56,2051.24,2051.33,2050.99,2051.03,2051.05,
			2050.77,2050.85,2050.78,2050.63,2050.58,2050.32,2050.27,2050.13,2050,2049.93,
			2050.26,2049.92,2049.88,2049.72,2049.44,2049.41,2049.38,2049.27,2049.23,2049.02,
			2049.16],
		"co2":[558.562,555.145,557.053,560.792,562.938,557.164,547.436,543.815,540.729,
			540.902,541.242,542.518,544.552,545.214,545.972,548.31,550.48,553.064,555.051,
			556.2,557.94,559.524,560.931,561.77,562.966,565.205,565.947,568.606,571.311,
			570.641,571.742,572.523,574.038,575.3,577.297,579.521,580.734,583.302,585.884,
			586.094,586.896,588.142,589.943,590.722,591.963,593,594.72,597.5,597.887,
			600.042,600.683,602.215,603.569,605.891,607.711,608.972,610.346,611.023,612.791,
			613.791],
		"h2o":[22.6803,22.6774,22.673,22.6691,22.6666,22.6665,22.6658,22.6661,22.6646,
			22.6641,22.6648,22.6668,22.6682,22.6725,22.6748,22.6779,22.6831,22.6885,22.6938,
			22.7006,22.7067,22.7148,22.7217,22.7297,22.7349,22.7443,22.7524,22.7596,22.7656,
			22.772,22.7798,22.7864,22.7956,22.8015,22.808,22.8139,22.82,22.8283,22.8344,
			22.8402,22.847,22.853,22.8595,22.865,22.8711,22.8779,22.8847,22.89,22.8959,
			22.9019,22.9065,22.9142,22.9193,22.9241,22.9323,22.9381,22.9444,22.9505,22.9565,
			22.9621],
		"err":[0,0,0,0,0,0,0,0,0,
			0,0,0,0,0,0,0,0,0,0,
			0,0,0,0,0,0,0,0,0,0,
			0,0,0,0,0,0,0,0,0,0,
			0,0,0,0,0,0,0,0,0,0,
			0,0,0,0,0,0,0,0,0,0,
			0]
	},
	"summary":{
		"timestamp":[0,29.5,59],
		"chamber_p":[99.1268,99.1246,0.0203323],
		"chamber_p_t":[30.8868,31.1184,0.441666],
		"chamber_t":[20.1631,20.1759,0.040451],
		"soil_t":[9999,9999,0],
		"soilp_c":[0.001,0.001,0],
		"soilp_m":[0,0,0],
		"soilp_t":[20.7,20.8267,0.199999],
		"ch4":[2051.24,2051.39,4.48022],
		"co2":[562.434,574.104,73.0619],
		"h2o":[22.6763,22.7848,0.297991],
		"err":[0,0,0]
	},
	"footer":{
		"P_o":99.1268,
		"T_o":20.1631,
		"W_o":22.6763,
		"fluxes":[
			{
			"name":"ch4",
			"F_o":-0.622116,
			"F_cv":30.1762,
			"t_o":0,
			"C_o":2051.24,
			"a":4.1046e-05,
			"C_x":0,
			"iter":10,
			"sei":0.825208,
			"ses":0.025391,
			"r2":-3.65072,
			"slope":-0.0841954,
			"domain":53,
			"n":54
			},
			{
			"name":"co2",
			"F_o":10.6509,
			"F_cv":20.7084,
			"t_o":0,
			"C_o":562.434,
			"a":1.44228e-06,
			"C_x":1e+06,
			"iter":10,
			"sei":9.68841,
			"ses":0.298105,
			"r2":-1.20953,
			"slope":1.44146,
			"domain":53,
			"n":54
			}
		]
	}
}
			}
	}
}
, 
{ "CRC_TR_s36":
	{
		"remark": "CRC-nickchamber",
		"reps":
			{
"REP_1": {
	"header":{
		"Chamber":"82s-1031",
		"Version":"1.1",
		"InstrumentModel":"LI-7810",
		"InstrumentSerialNumber":"TG10-01028",
		"Date":"2023-07-13 10:37:45",
		"RepNum":1,
		"DeadBand":5,
		"Area":318,
		"Offset":5,
		"ChamVolume":4244.1,
		"IrgaVolume":80.46,
		"TotalVolume":5914.56,
		"gps_time":1689259065,
		"latitude":41.6219,
		"longitude":-83.2382,
		"gps_hdop":1.1,
		"altitude":176.8,
		"gps_sats":11,
		"TimeZone":"US/Eastern"
	},
	"labels":{
		"area":"Area",
		"volume":"TotalVolume",
		"deadband":"DeadBand",
		"etime":"timestamp",
		"pressure":"chamber_p",
		"temperature":"chamber_t",
		"h2o":"h2o"
	},
	"data":{
		"timestamp":[1,2,3,4,5,6,7,8,9,
			10,11,12,13,14,15,16,17,18,19,
			20,21,22,23,24,25,26,27,28,29,
			30,31,32,33,34,35,36,37,38,39,
			40,41,42,43,44,45,46,47,48,49,
			50,51,52,53,54,55,56,57,58,59,
			60],
		"chamber_p":[99.1195,99.1165,99.1195,99.1133,99.1163,99.1217,99.1164,99.1245,99.1179,
			99.1212,99.1173,99.1185,99.1185,99.1179,99.1229,99.1156,99.117,99.1212,99.1169,
			99.1204,99.1215,99.1167,99.1205,99.119,99.119,99.1151,99.1158,99.1151,99.119,
			99.1174,99.119,99.1178,99.1149,99.124,99.1135,99.1182,99.1213,99.1182,99.1167,
			99.1097,99.1174,99.119,99.1183,99.1165,99.1136,99.1168,99.1159,99.117,99.1203,
			99.1197,99.1174,99.117,99.1189,99.1211,99.1215,99.12,99.1163,99.1209,99.1183,
			99.119],
		"chamber_p_t":[31.6667,31.6354,31.6354,31.6125,31.6354,31.6667,31.6562,31.6979,31.6771,
			31.7083,31.6771,31.6979,31.6875,31.6979,31.7292,31.7083,31.7083,31.7292,31.7083,
			31.7292,31.7375,31.7188,31.75,31.75,31.75,31.7292,31.7396,31.75,31.7604,
			31.7625,31.7708,31.7708,31.7708,31.8021,31.7708,31.7812,31.8021,31.8,31.7812,
			31.75,31.8125,31.8021,31.8125,31.8021,31.8021,31.8021,31.8125,31.8021,31.8438,
			31.8333,31.8333,31.8229,31.8542,31.8646,31.8625,31.8542,31.8542,31.875,31.8542,
			31.8542],
		"chamber_t":[20.0187,20.0201,20.0249,20.03,20.0349,20.0409,20.0478,20.0563,20.0632,
			20.07,20.0769,20.0838,20.0902,20.0977,20.1034,20.11,20.1169,20.1238,20.1292,
			20.1372,20.1424,20.1473,20.1544,20.1604,20.1673,20.1739,20.1791,20.1845,20.1914,
			20.1965,20.2014,20.2066,20.2118,20.217,20.2213,20.2256,20.229,20.233,20.2371,
			20.2419,20.2457,20.2506,20.2543,20.2578,20.2627,20.2664,20.2696,20.2725,20.2756,
			20.2797,20.2831,20.2866,20.29,20.2935,20.2965,20.3015,20.3033,20.3076,20.3119,
			20.3145],
		"soil_t":[9999,9999,9999,9999,9999,9999,9999,9999,9999,
			9999,9999,9999,9999,9999,9999,9999,9999,9999,9999,
			9999,9999,9999,9999,9999,9999,9999,9999,9999,9999,
			9999,9999,9999,9999,9999,9999,9999,9999,9999,9999,
			9999,9999,9999,9999,9999,9999,9999,9999,9999,9999,
			9999,9999,9999,9999,9999,9999,9999,9999,9999,9999,
			9999],
		"soilp_c":[0,0,0,0,0,0,0,0,0,
			0,0,0,0,0,0,0,0,0,0,
			0,0,0,0,0,0,0,0,0,0,
			0.001,0.001,0.001,0.001,0.001,0.001,0.001,0.001,0.001,0.001,
			0.001,0.001,0.001,0.001,0.001,0.001,0.001,0.001,0.001,0.001,
			0.001,0.001,0.001,0.001,0.001,0.001,0.001,0.001,0.001,0.001,
			0.001],
		"soilp_m":[0,0,0,0,0,0,0,0,0,
			0,0,0,0,0,0,0,0,0,0,
			0,0,0,0,0,0,0,0,0,0,
			0,0,0,0,0,0,0,0,0,0,
			0,0,0,0,0,0,0,0,0,0,
			0,0,0,0,0,0,0,0,0,0,
			0],
		"soilp_t":[20.7,20.7,20.7,20.7,20.7,20.7,20.7,20.7,20.7,
			20.7,20.7,20.7,20.7,20.7,20.7,20.7,20.7,20.7,20.7,
			20.7,20.7,20.7,20.7,20.7,20.7,20.7,20.7,20.7,20.7,
			20.9,20.9,20.9,20.9,20.9,20.9,20.9,20.9,20.9,20.9,
			20.9,20.9,20.9,20.9,20.9,20.9,20.9,20.9,20.9,20.9,
			20.9,20.9,20.9,20.9,20.9,20.9,20.9,20.9,20.9,20.9,
			20.9],
		"ch4":[2060.92,2060.85,2060.99,2060.95,2060.7,2060.74,2060.56,2059.92,2060.06,
			2060.1,2060.13,2059.63,2059.8,2059.82,2059.82,2059.71,2059.54,2059.66,2059.62,
			2059.67,2059.6,2059.5,2059.67,2059.52,2059.53,2059.43,2059.36,2059.2,2059.63,
			2059.54,2059.32,2059.38,2059.1,2059.47,2059.52,2059.31,2059.03,2059.32,2059.21,
			2059.1,2059.07,2058.97,2059.05,2059.19,2059.05,2058.92,2058.95,2059.06,2059,
			2058.91,2058.92,2058.95,2058.9,2058.88,2058.69,2058.59,2058.91,2058.8,2058.61,
			2058.47],
		"co2":[414.049,412.951,413.375,413.417,414.041,415.191,414.558,414.466,415.971,
			419.872,423.909,425.905,428.767,429.8,432.837,433.208,434.105,433.551,435.422,
			435.906,435.947,435.64,436.954,438.719,439.542,440.095,442.097,441.734,442.581,
			443.906,445.552,446.789,447.327,447.869,448.455,449.367,451.196,450.841,452.834,
			454.148,455.756,455.835,456.87,457.421,459.112,459.757,461.804,462.269,463.301,
			464.213,465.275,466.448,467.026,468.818,469.278,471.062,471.262,472.296,472.885,
			475.675],
		"h2o":[20.6937,20.6941,20.6989,20.7038,20.7064,20.7091,20.7152,20.7259,20.742,
			20.7615,20.7976,20.8457,20.9032,20.9603,21.0157,21.0719,21.1257,21.1756,21.2231,
			21.266,21.3063,21.3451,21.3841,21.4199,21.4532,21.4904,21.5222,21.556,21.5889,
			21.6173,21.6464,21.6756,21.7019,21.7267,21.7526,21.775,21.7961,21.8172,21.8386,
			21.8586,21.8808,21.8992,21.9173,21.934,21.9519,21.97,21.9869,22.0032,22.0203,
			22.0357,22.0517,22.0694,22.0844,22.1001,22.1145,22.1275,22.1422,22.1569,22.1702,
			22.1839],
		"err":[0,0,0,0,0,0,0,0,0,
			0,0,0,0,0,0,0,0,0,0,
			0,0,0,0,0,0,0,0,0,0,
			0,0,0,0,0,0,0,0,0,0,
			0,0,0,0,0,0,0,0,0,0,
			0,0,0,0,0,0,0,0,0,0,
			0]
	},
	"summary":{
		"timestamp":[0,30.5,59],
		"chamber_p":[99.1165,99.1182,0.0148849],
		"chamber_p_t":[31.6211,31.7594,0.262501],
		"chamber_t":[20.008,20.1837,0.295868],
		"soil_t":[9999,9999,0],
		"soilp_c":[0,0.000516667,0.001],
		"soilp_m":[0,0,0],
		"soilp_t":[20.7,20.8033,0.199999],
		"ch4":[2061.22,2059.48,2.51685],
		"co2":[412.003,444.154,62.7238],
		"h2o":[20.6778,21.5101,1.49022],
		"err":[0,0,0]
	},
	"footer":{
		"P_o":99.1165,
		"T_o":20.008,
		"W_o":20.6778,
		"fluxes":[
			{
			"name":"ch4",
			"F_o":-0.670269,
			"F_cv":1.89631,
			"t_o":-5.3703,
			"C_o":2061.22,
			"a":0.0339647,
			"C_x":2058.56,
			"iter":10,
			"sei":0.0467516,
			"ses":0.00141671,
			"r2":0.877203,
			"slope":-0.0904886,
			"domain":54,
			"n":55
			},
			{
			"name":"co2",
			"F_o":9.24623,
			"F_cv":1.69309,
			"t_o":1.69662,
			"C_o":412.003,
			"a":0.00595672,
			"C_x":621.56,
			"iter":2,
			"sei":0.540514,
			"ses":0.0163792,
			"r2":0.987057,
			"slope":1.24827,
			"domain":54,
			"n":55
			}
		]
	}
}
,"REP_2": {
	"header":{
		"Chamber":"82s-1031",
		"Version":"1.1",
		"InstrumentModel":"LI-7810",
		"InstrumentSerialNumber":"TG10-01028",
		"Date":"2023-07-13 10:39:10",
		"RepNum":2,
		"DeadBand":5,
		"Area":318,
		"Offset":5,
		"ChamVolume":4244.1,
		"IrgaVolume":80.46,
		"TotalVolume":5914.56,
		"gps_time":1689259150,
		"latitude":41.6218,
		"longitude":-83.2382,
		"gps_hdop":0.71,
		"altitude":176.3,
		"gps_sats":14,
		"TimeZone":"US/Eastern"
	},
	"labels":{
		"area":"Area",
		"volume":"TotalVolume",
		"deadband":"DeadBand",
		"etime":"timestamp",
		"pressure":"chamber_p",
		"temperature":"chamber_t",
		"h2o":"h2o"
	},
	"data":{
		"timestamp":[1,2,3,4,5,6,7,8,9,
			10,11,12,13,14,15,16,17,18,19,
			20,21,22,23,24,25,26,27,28,29,
			30,31,32,33,34,35,36,37,38,39,
			40,41,42,43,44,45,46,47,48,49,
			50,51,52,53,54,55,56,57,58,59,
			60],
		"chamber_p":[99.1183,99.1175,99.1161,99.1111,99.1173,99.1107,99.1173,99.1113,99.1199,
			99.116,99.1191,99.1204,99.1163,99.1146,99.116,99.1165,99.1139,99.116,99.1172,
			99.1183,99.1192,99.118,99.1189,99.1184,99.1158,99.1218,99.1165,99.1137,99.1147,
			99.1111,99.1212,99.1213,99.1227,99.1157,99.1196,99.1194,99.1145,99.1179,99.1245,
			99.1208,99.1245,99.1191,99.1227,99.115,99.1148,99.1201,99.1219,99.1146,99.1232,
			99.1255,99.1205,99.1179,99.1212,99.1183,99.1176,99.1181,99.1247,99.1165,99.1219,
			99.1186],
		"chamber_p_t":[31.7604,31.7708,31.7396,31.7125,31.7604,31.75,31.7708,31.7708,31.8125,
			31.8021,31.8333,31.8333,31.825,31.8333,31.8333,31.8333,31.8229,31.8646,31.875,
			31.875,31.8875,31.8854,31.8958,31.8854,31.8854,31.9375,31.9167,31.9167,31.9062,
			31.8875,31.9479,31.9479,31.9792,31.9479,31.9583,31.9792,31.9583,31.9875,32.0208,
			31.9896,32.0312,32,32.0208,32,31.9896,32.0312,32.05,32.0104,32.0521,
			32.0729,32.0417,32.0521,32.0729,32.0521,32.075,32.0833,32.1146,32.0833,32.1042,
			32.0938],
		"chamber_t":[20.2635,20.2601,20.2592,20.2575,20.2561,20.2543,20.254,20.254,20.254,
			20.254,20.254,20.2555,20.2558,20.2558,20.2558,20.2569,20.2575,20.2586,20.2604,
			20.2612,20.2627,20.2652,20.2687,20.2704,20.2722,20.2748,20.2765,20.2782,20.2808,
			20.2824,20.2848,20.2866,20.2883,20.2906,20.294,20.2975,20.3004,20.3024,20.3044,
			20.3073,20.3105,20.3125,20.316,20.318,20.3191,20.3209,20.3225,20.3258,20.3292,
			20.3318,20.3345,20.337,20.3388,20.3405,20.3429,20.346,20.3474,20.3489,20.3512,
			20.3532],
		"soil_t":[9999,9999,9999,9999,9999,9999,9999,9999,9999,
			9999,9999,9999,9999,9999,9999,9999,9999,9999,9999,
			9999,9999,9999,9999,9999,9999,9999,9999,9999,9999,
			9999,9999,9999,9999,9999,9999,9999,9999,9999,9999,
			9999,9999,9999,9999,9999,9999,9999,9999,9999,9999,
			9999,9999,9999,9999,9999,9999,9999,9999,9999,9999,
			9999],
		"soilp_c":[0.001,0.001,0.001,0.001,0.001,0.001,0.001,0.001,0.001,
			0.001,0.001,0.001,0.001,0.001,0.001,0.001,0.001,0.001,0.001,
			0.001,0.001,0.001,0.001,0.001,0.001,0.001,0.001,0.001,0.001,
			0.001,0.001,0.001,0.001,0.001,0.001,0.001,0.001,0.001,0.001,
			0.001,0.001,0.001,0.001,0.001,0.001,0.001,0.001,0.001,0.001,
			0.001,0.001,0.001,0.001,0.001,0.001,0.001,0.001,0.001,0.001,
			0.001],
		"soilp_m":[0,0,0,0,0,0,0,0,0,
			0,0,0,0,0,0,0,0,0,0,
			0,0,0,0,0,0,0,0,0,0,
			0,0,0,0,0,0,0,0,0,0,
			0,0,0,0,0,0,0,0,0,0,
			0,0,0,0,0,0,0,0,0,0,
			0],
		"soilp_t":[20.9,20.9,20.9,20.9,20.9,20.9,20.9,20.9,20.9,
			20.9,20.9,20.9,20.9,20.9,20.9,20.9,20.9,20.9,20.9,
			20.9,20.9,20.9,20.9,20.9,20.9,20.9,20.9,20.9,20.9,
			20.9,20.9,20.9,20.9,20.9,20.9,20.9,20.9,20.9,20.9,
			20.9,20.9,20.9,20.9,20.9,20.9,20.9,20.9,20.9,20.9,
			20.9,20.9,20.9,20.9,20.9,20.9,20.9,20.9,20.9,20.9,
			20.9],
		"ch4":[2058.55,2058.87,2059.03,2058.71,2059.05,2059,2058.73,2059.03,2058.95,
			2059.04,2058.81,2058.86,2058.78,2058.71,2058.8,2058.57,2058.6,2058.72,2058.97,
			2058.61,2058.55,2058.47,2058.39,2058.4,2058.54,2058.33,2058.4,2058.42,2058.13,
			2058.38,2058.26,2058.31,2058.21,2058.22,2057.98,2058.2,2058.01,2058.11,2058.03,
			2058.1,2058.19,2058.08,2057.75,2058.09,2057.95,2058.05,2057.87,2057.95,2057.97,
			2057.75,2057.72,2057.79,2057.7,2057.78,2057.67,2057.54,2057.38,2057.48,2057.6,
			2057.36],
		"co2":[416.696,414.184,412.446,413.143,414.818,414.102,413.641,415.609,417.658,
			420.392,421.525,425.02,426.589,427.201,428.696,430.013,429.72,430.729,430.694,
			431.673,432.176,433.09,433.636,435.742,435.989,436.147,437.597,438.195,439.555,
			440.796,442.311,442.388,443.732,444.67,445.093,446.381,447.821,448.46,449.71,
			449.957,451.322,453.258,452.332,453.928,454.511,456.301,457.66,458.981,459.845,
			460.613,461.11,462.443,462.567,463.248,464.702,466.756,469.413,469.261,469.527,
			469.928],
		"h2o":[21.7803,21.7106,21.6387,21.5687,21.5117,21.4639,21.4261,21.3998,21.3861,
			21.3883,21.3969,21.4139,21.4385,21.466,21.4969,21.5288,21.5601,21.5889,21.6165,
			21.6428,21.6679,21.6928,21.7176,21.7409,21.7674,21.7899,21.8103,21.8322,21.853,
			21.8719,21.8932,21.9098,21.9271,21.9468,21.9637,21.9804,21.9995,22.0177,22.0331,
			22.0509,22.0672,22.0831,22.0995,22.1149,22.13,22.1453,22.1595,22.1751,22.1895,
			22.2026,22.2165,22.2283,22.2418,22.2539,22.2654,22.2756,22.2884,22.301,22.3141,
			22.3259],
		"err":[0,0,0,0,0,0,0,0,0,
			0,0,0,0,0,0,0,0,0,0,
			0,0,0,0,0,0,0,0,0,0,
			0,0,0,0,0,0,0,0,0,0,
			0,0,0,0,0,0,0,0,0,0,
			0,0,0,0,0,0,0,0,0,0,
			0]
	},
	"summary":{
		"timestamp":[0,30.5,59],
		"chamber_p":[99.1161,99.1181,0.0147858],
		"chamber_p_t":[31.7321,31.9305,0.402082],
		"chamber_t":[20.2622,20.2912,0.0991917],
		"soil_t":[9999,9999,0],
		"soilp_c":[0.001,0.001,0],
		"soilp_m":[0,0,0],
		"soilp_t":[20.9,20.9,0],
		"ch4":[2058.73,2058.29,1.68091],
		"co2":[412.796,441.262,57.4825],
		"h2o":[21.7764,21.8661,0.939806],
		"err":[0,0,0]
	},
	"footer":{
		"P_o":99.1161,
		"T_o":20.2622,
		"W_o":21.7764,
		"fluxes":[
			{
			"name":"ch4",
			"F_o":-0.202706,
			"F_cv":13.649,
			"t_o":0,
			"C_o":2058.73,
			"a":1.33192e-05,
			"C_x":0,
			"iter":3,
			"sei":0.123127,
			"ses":0.00373112,
			"r2":0.0795556,
			"slope":-0.0274206,
			"domain":54,
			"n":55
			},
			{
			"name":"co2",
			"F_o":7.82088,
			"F_cv":1.52938,
			"t_o":2.49433,
			"C_o":412.796,
			"a":0.00223423,
			"C_x":886.315,
			"iter":2,
			"sei":0.381547,
			"ses":0.011562,
			"r2":0.992805,
			"slope":1.05795,
			"domain":54,
			"n":55
			}
		]
	}
}
			}
	}
}
, 
{ "CRC_TR_s37":
	{
		"remark": "CRC-nickchamber",
		"reps":
			{
"REP_1": {
	"header":{
		"Chamber":"82s-1031",
		"Version":"1.1",
		"InstrumentModel":"LI-7810",
		"InstrumentSerialNumber":"TG10-01028",
		"Date":"2023-07-13 10:42:45",
		"RepNum":1,
		"DeadBand":5,
		"Area":318,
		"Offset":5,
		"ChamVolume":4244.1,
		"IrgaVolume":80.46,
		"TotalVolume":5914.56,
		"gps_time":1689259364,
		"latitude":41.6218,
		"longitude":-83.2381,
		"gps_hdop":0.77,
		"altitude":176.6,
		"gps_sats":15,
		"TimeZone":"US/Eastern"
	},
	"labels":{
		"area":"Area",
		"volume":"TotalVolume",
		"deadband":"DeadBand",
		"etime":"timestamp",
		"pressure":"chamber_p",
		"temperature":"chamber_t",
		"h2o":"h2o"
	},
	"data":{
		"timestamp":[0,1,2,3,4,5,6,7,8,
			9,10,11,12,13,14,15,16,17,18,
			19,20,21,22,23,24,25,26,27,28,
			29,30,31,32,33,34,35,36,37,38,
			39,40,41,42,43,44,45,46,47,48,
			49,50,51,52,53,54,55,56,57,58,
			59],
		"chamber_p":[99.1177,99.1165,99.1199,99.1185,99.1188,99.1203,99.1178,99.1217,99.1205,
			99.1196,99.1185,99.1226,99.1251,99.1174,99.1167,99.1262,99.1172,99.1183,99.122,
			99.1157,99.1179,99.12,99.1214,99.1195,99.1215,99.1159,99.1184,99.1161,99.1224,
			99.1198,99.1235,99.1193,99.1192,99.1165,99.121,99.1165,99.1222,99.1185,99.1213,
			99.1231,99.1148,99.1191,99.1201,99.1187,99.1171,99.1225,99.1182,99.1198,99.1189,
			99.1239,99.118,99.1192,99.1129,99.1223,99.1224,99.1148,99.1222,99.1213,99.1163,
			99.1185],
		"chamber_p_t":[32.2812,32.2604,32.2625,32.25,32.2604,32.2917,32.2708,32.3021,32.3125,
			32.2917,32.3,32.3229,32.3438,32.3125,32.3125,32.3646,32.3125,32.3229,32.3646,
			32.325,32.3229,32.3542,32.3438,32.3333,32.3542,32.3333,32.3438,32.35,32.375,
			32.3646,32.3854,32.375,32.375,32.375,32.3958,32.3854,32.4,32.3854,32.4062,
			32.4167,32.3854,32.3958,32.4167,32.4167,32.425,32.4375,32.4062,32.4271,32.4062,
			32.4375,32.4167,32.4167,32.4062,32.45,32.4479,32.4271,32.4688,32.4583,32.4375,
			32.4583],
		"chamber_t":[20.5228,20.5237,20.5252,20.5278,20.5286,20.5304,20.5318,20.5321,20.5339,
			20.5356,20.5371,20.5388,20.5406,20.5414,20.544,20.5449,20.5467,20.5484,20.5502,
			20.5535,20.5545,20.5566,20.558,20.5601,20.5621,20.5633,20.5653,20.5685,20.5717,
			20.5752,20.5775,20.5793,20.5811,20.5828,20.5857,20.5881,20.5895,20.5904,20.5939,
			20.5948,20.5983,20.6009,20.6026,20.6044,20.6077,20.6094,20.612,20.6143,20.6178,
			20.6207,20.6225,20.6243,20.6266,20.6284,20.6313,20.6336,20.6354,20.638,20.64,
			20.6424],
		"soil_t":[9999,9999,9999,9999,9999,9999,9999,9999,9999,
			9999,9999,9999,9999,9999,9999,9999,9999,9999,9999,
			9999,9999,9999,9999,9999,9999,9999,9999,9999,9999,
			9999,9999,9999,9999,9999,9999,9999,9999,9999,9999,
			9999,9999,9999,9999,9999,9999,9999,9999,9999,9999,
			9999,9999,9999,9999,9999,9999,9999,9999,9999,9999,
			9999],
		"soilp_c":[0.001,0.001,0.001,0.001,0.001,0.001,0.001,0.001,0.001,
			0.001,0.001,0.001,0.001,0.001,0.001,0.001,0.001,0.001,0.001,
			0.001,0.001,0.001,0.001,0.001,0.001,0.001,0.001,0.001,0.001,
			0.001,0.001,0.001,0.001,0.001,0.001,0.001,0.001,0.001,0.001,
			0.001,0.001,0.001,0.001,0.001,0.001,0.001,0.001,0.001,0.001,
			0.001,0.001,0.001,0.001,0.001,0.001,0.001,0.001,0.001,0.001,
			0.001],
		"soilp_m":[0,0,0,0,0,0,0,0,0,
			0,0,0,0,0,0,0,0,0,0,
			0,0,0,0,0,0,0,0,0,0,
			0,0,0,0,0,0,0,0,0,0,
			0,0,0,0,0,0,0,0,0,0,
			0,0,0,0,0,0,0,0,0,0,
			0],
		"soilp_t":[20.9,20.9,20.9,20.9,20.9,20.9,20.9,20.9,20.9,
			20.9,20.9,20.9,20.9,20.9,20.9,20.9,20.9,20.9,20.9,
			20.9,20.9,20.9,20.9,20.9,20.9,20.9,20.9,20.9,20.9,
			20.9,20.9,20.9,20.9,20.9,20.9,20.9,20.9,20.9,20.9,
			20.9,20.9,20.9,20.9,20.9,20.9,20.9,20.9,20.9,20.9,
			20.9,20.9,20.9,20.9,20.9,20.9,20.9,20.9,20.9,20.9,
			20.9],
		"ch4":[2064.98,2065.14,2065,2065.19,2065.02,2064.52,2064.51,2064.33,2064.22,
			2064.16,2064.59,2063.96,2063.9,2063.92,2063.83,2063.85,2063.83,2063.86,2063.78,
			2063.74,2063.7,2063.79,2063.73,2063.54,2063.66,2063.53,2063.78,2063.41,2063.29,
			2063.47,2063.49,2063.14,2063.22,2063.23,2063.2,2063.29,2063.28,2062.92,2063.02,
			2062.93,2062.89,2062.83,2062.9,2063.08,2062.78,2062.78,2062.82,2062.78,2062.5,
			2062.86,2062.74,2062.85,2062.59,2062.45,2062.38,2062.46,2062.35,2062.43,2062.38,
			2062.36],
		"co2":[439.775,438.416,436.855,439.413,442.562,446.702,450.338,450.517,449.416,
			451.962,456.277,457.176,457.142,458.249,461.132,463.429,464.174,464.686,464.772,
			467.407,469.204,471.46,470.95,471.556,471.946,473.526,475.584,477.023,477.904,
			478.014,479.901,480.68,482.04,483.157,483.837,484.784,485.735,487.487,488.319,
			489.81,490.939,493.224,493.585,493.944,494.014,495.5,496.639,497.874,499.184,
			499.171,499.862,500.941,502.95,503.146,504.619,506.657,508.161,508.177,508.352,
			508.464],
		"h2o":[20.8517,20.867,20.9105,20.9613,21.0168,21.0808,21.1635,21.2585,21.3543,
			21.4403,21.5194,21.5949,21.6674,21.7343,21.7986,21.8618,21.9249,21.9852,22.0428,
			22.0957,22.1474,22.1985,22.2497,22.2946,22.338,22.3787,22.4196,22.4581,22.4967,
			22.5334,22.5688,22.5997,22.633,22.6645,22.6947,22.7241,22.7528,22.7784,22.8057,
			22.8304,22.8561,22.8802,22.905,22.9282,22.9508,22.9711,22.9906,23.0108,23.0316,
			23.0509,23.0712,23.0909,23.1049,23.1224,23.1385,23.1546,23.1698,23.1864,23.2017,
			23.2179],
		"err":[0,0,0,0,0,0,0,0,0,
			0,0,0,0,0,0,0,0,0,0,
			0,0,0,0,0,0,0,0,0,0,
			0,0,0,0,0,0,0,0,0,0,
			0,0,0,0,0,0,0,0,0,0,
			0,0,0,0,0,0,0,0,0,0,
			0]
	},
	"summary":{
		"timestamp":[0,29.5,59],
		"chamber_p":[99.118,99.1194,0.0132523],
		"chamber_p_t":[32.2583,32.3664,0.21875],
		"chamber_t":[20.5228,20.5774,0.119574],
		"soil_t":[9999,9999,0],
		"soilp_c":[0.001,0.001,0],
		"soilp_m":[0,0,0],
		"soilp_t":[20.9,20.9,0],
		"ch4":[2065.17,2063.45,2.83691],
		"co2":[436.368,477.479,71.6089],
		"h2o":[20.7793,22.3455,2.36621],
		"err":[0,0,0]
	},
	"footer":{
		"P_o":99.118,
		"T_o":20.5228,
		"W_o":20.7793,
		"fluxes":[
			{
			"name":"ch4",
			"F_o":-0.276206,
			"F_cv":16.3068,
			"t_o":0,
			"C_o":2065.17,
			"a":1.80894e-05,
			"C_x":0,
			"iter":10,
			"sei":0.197557,
			"ses":0.00607868,
			"r2":-0.31175,
			"slope":-0.0373576,
			"domain":53,
			"n":54
			},
			{
			"name":"co2",
			"F_o":11.0606,
			"F_cv":1.19663,
			"t_o":-3.23048,
			"C_o":436.368,
			"a":0.00822973,
			"C_x":618.144,
			"iter":6,
			"sei":0.260713,
			"ses":0.00802194,
			"r2":0.997351,
			"slope":1.49597,
			"domain":53,
			"n":54
			}
		]
	}
}
,"REP_2": {
	"header":{
		"Chamber":"82s-1031",
		"Version":"1.1",
		"InstrumentModel":"LI-7810",
		"InstrumentSerialNumber":"TG10-01028",
		"Date":"2023-07-13 10:44:10",
		"RepNum":2,
		"DeadBand":5,
		"Area":318,
		"Offset":5,
		"ChamVolume":4244.1,
		"IrgaVolume":80.46,
		"TotalVolume":5914.56,
		"gps_time":1689259449,
		"latitude":41.6218,
		"longitude":-83.2381,
		"gps_hdop":0.73,
		"altitude":177.7,
		"gps_sats":15,
		"TimeZone":"US/Eastern"
	},
	"labels":{
		"area":"Area",
		"volume":"TotalVolume",
		"deadband":"DeadBand",
		"etime":"timestamp",
		"pressure":"chamber_p",
		"temperature":"chamber_t",
		"h2o":"h2o"
	},
	"data":{
		"timestamp":[0,1,2,3,4,5,6,7,8,
			9,10,11,12,13,14,15,16,17,18,
			19,20,21,22,23,24,25,26,27,28,
			29,30,31,32,33,34,35,36,37,38,
			39,40,41,42,43,44,45,46,47,48,
			49,50,51,52,53,54,55,56,57,58,
			59],
		"chamber_p":[99.1188,99.1181,99.1141,99.1155,99.1159,99.1205,99.1193,99.1207,99.1182,
			99.1218,99.1218,99.121,99.119,99.122,99.1195,99.123,99.1202,99.1175,99.1214,
			99.1154,99.1219,99.1194,99.113,99.1185,99.1173,99.1217,99.1225,99.1168,99.1197,
			99.1182,99.1224,99.1237,99.1222,99.1164,99.122,99.1177,99.1193,99.1203,99.1194,
			99.1247,99.122,99.1165,99.1212,99.1143,99.121,99.1197,99.1149,99.1172,99.1204,
			99.1206,99.1208,99.1229,99.1222,99.1225,99.1197,99.1191,99.1162,99.127,99.1243,
			99.1226],
		"chamber_p_t":[32.3438,32.325,32.3021,32.3125,32.3229,32.3438,32.3438,32.3854,32.3646,
			32.3854,32.4,32.3854,32.3958,32.4167,32.3958,32.4271,32.4167,32.4167,32.45,
			32.4167,32.4375,32.4375,32.4167,32.4583,32.4583,32.4896,32.4896,32.4625,32.5,
			32.4896,32.5208,32.5417,32.5312,32.5208,32.5417,32.525,32.5417,32.5521,32.5417,
			32.5833,32.5833,32.5417,32.5833,32.5625,32.575,32.5938,32.5625,32.5938,32.6042,
			32.6042,32.625,32.6354,32.6458,32.6375,32.625,32.625,32.6042,32.6771,32.6458,
			32.6458],
		"chamber_t":[20.7235,20.7219,20.7203,20.7176,20.715,20.7141,20.7123,20.7115,20.7097,
			20.7088,20.7088,20.7082,20.7071,20.7056,20.7053,20.7047,20.7036,20.7036,20.7036,
			20.7024,20.7018,20.7018,20.7021,20.7036,20.7036,20.7033,20.703,20.7046,20.7053,
			20.7053,20.7053,20.7053,20.7053,20.7053,20.7071,20.7078,20.7088,20.7094,20.7106,
			20.7115,20.712,20.7129,20.7141,20.7156,20.7159,20.717,20.7188,20.7206,20.7223,
			20.7229,20.7241,20.7246,20.7258,20.7275,20.7282,20.7291,20.7299,20.7317,20.7326,
			20.7352],
		"soil_t":[9999,9999,9999,9999,9999,9999,9999,9999,9999,
			9999,9999,9999,9999,9999,9999,9999,9999,9999,9999,
			9999,9999,9999,9999,9999,9999,9999,9999,9999,9999,
			9999,9999,9999,9999,9999,9999,9999,9999,9999,9999,
			9999,9999,9999,9999,9999,9999,9999,9999,9999,9999,
			9999,9999,9999,9999,9999,9999,9999,9999,9999,9999,
			9999],
		"soilp_c":[0.001,0.001,0.001,0.001,0.001,0.001,0.001,0.001,0.001,
			0.001,0.001,0.001,0.001,0.001,0.001,0.001,0.001,0.001,0.001,
			0.001,0.001,0.001,0.001,0.001,0.001,0.001,0.001,0.001,0.001,
			0.001,0.001,0.001,0.001,0.001,0.001,0.001,0.001,0.001,0.001,
			0.001,0.001,0.001,0.001,0.001,0.001,0.001,0.001,0.001,0.001,
			0.001,0.001,0.001,0.001,0.001,0.001,0.001,0.001,0.001,0.001,
			0.001],
		"soilp_m":[0,0,0,0,0,0,0,0,0,
			0,0,0,0,0,0,0,0,0,0,
			0,0,0,0,0,0,0,0,0,0,
			0,0,0,0,0,0,0,0,0,0,
			0,0,0,0,0,0,0,0,0,0,
			0,0,0,0,0,0,0,0,0,0,
			0],
		"soilp_t":[20.9,20.9,20.9,20.9,20.9,20.9,20.9,20.9,20.9,
			20.9,20.9,20.9,20.9,20.9,20.9,20.9,20.9,20.9,20.9,
			20.9,20.9,20.9,20.9,20.9,20.9,20.9,20.9,20.9,20.9,
			20.9,20.9,20.9,20.9,20.9,20.9,20.9,20.9,20.9,20.9,
			20.9,20.9,20.9,20.9,20.9,20.9,20.9,20.9,20.9,20.9,
			20.9,20.9,20.9,20.9,20.9,20.9,20.9,20.9,20.9,20.9,
			20.9],
		"ch4":[2061.38,2061.06,2061.22,2061.25,2061.07,2061.03,2060.88,2060.77,2060.92,
			2060.8,2060.53,2060.62,2060.61,2060.74,2060.53,2060.47,2060.51,2060.59,2060.45,
			2060.42,2060.44,2060.51,2060.37,2060.21,2060.45,2060.2,2060.11,2060.13,2060.03,
			2060.15,2060.03,2060.05,2060.18,2059.93,2059.91,2059.88,2059.84,2059.87,2060,
			2059.89,2059.92,2059.42,2059.68,2059.72,2059.76,2059.32,2059.52,2059.48,2059.54,
			2059.49,2059.39,2059.49,2059.45,2059.44,2059.33,2059.4,2059.11,2059.33,2059,
			2059.23],
		"co2":[451.608,451.171,451.35,448.326,445.179,442.214,439.843,440.283,442.118,
			444.44,446.266,447.113,448.636,448.473,449.594,451.39,453.723,455.957,457.552,
			457.755,459.061,459.451,459.114,460.681,462.178,462.619,462.758,463.651,465.32,
			466.921,468.24,468.347,469.07,471.485,473.468,474.136,474.196,474.837,475.291,
			476.673,477.155,476.997,478.879,480.926,481.536,482.415,482.57,482.609,483.311,
			485.804,486.613,486.275,487.343,490.042,491.143,492.815,490.892,492.005,492.178,
			493.939],
		"h2o":[23.2076,23.1779,23.1497,23.1292,23.1123,23.0889,23.0604,23.028,22.9987,
			22.9776,22.9651,22.965,22.9698,22.9784,22.99,23.0023,23.0173,23.0353,23.0531,
			23.0723,23.0925,23.1136,23.133,23.1529,23.1708,23.1895,23.2091,23.2266,23.2421,
			23.2583,23.2745,23.2895,23.3073,23.3233,23.3386,23.3538,23.3684,23.3839,23.3974,
			23.4101,23.4272,23.439,23.4512,23.4634,23.4741,23.4869,23.4979,23.5092,23.5207,
			23.5306,23.5384,23.548,23.5571,23.5646,23.5755,23.5842,23.5947,23.6029,23.6131,
			23.6209],
		"err":[0,0,0,0,0,0,0,0,0,
			0,0,0,0,0,0,0,0,0,0,
			0,0,0,0,0,0,0,0,0,0,
			0,0,0,0,0,0,0,0,0,0,
			0,0,0,0,0,0,0,0,0,0,
			0,0,0,0,0,0,0,0,0,0,
			0]
	},
	"summary":{
		"timestamp":[0,29.5,59],
		"chamber_p":[99.1161,99.1198,0.0139084],
		"chamber_p_t":[32.3082,32.496,0.375],
		"chamber_t":[20.7227,20.713,0.0334473],
		"soil_t":[9999,9999,0],
		"soilp_c":[0.001,0.001,0],
		"soilp_m":[0,0,0],
		"soilp_t":[20.9,20.9,0],
		"ch4":[2061.32,2060.12,2.3833],
		"co2":[450.379,467.266,54.0954],
		"h2o":[23.2051,23.2802,0.655922],
		"err":[0,0,0]
	},
	"footer":{
		"P_o":99.1161,
		"T_o":20.7227,
		"W_o":23.2051,
		"fluxes":[
			{
			"name":"ch4",
			"F_o":-0.234707,
			"F_cv":8.68373,
			"t_o":0,
			"C_o":2061.32,
			"a":1.54492e-05,
			"C_x":0,
			"iter":10,
			"sei":0.0891912,
			"ses":0.00274434,
			"r2":0.630698,
			"slope":-0.0318458,
			"domain":53,
			"n":54
			},
			{
			"name":"co2",
			"F_o":8.79969,
			"F_cv":1.29163,
			"t_o":13.8985,
			"C_o":450.379,
			"a":0.0102323,
			"C_x":567.066,
			"iter":5,
			"sei":0.280892,
			"ses":0.00864284,
			"r2":0.996108,
			"slope":1.19397,
			"domain":53,
			"n":54
			}
		]
	}
}
			}
	}
}
, 
{ "CRC_TR_s39":
	{
		"remark": "CRC-nickchamber",
		"reps":
			{
"REP_1": {
	"header":{
		"Chamber":"82s-1031",
		"Version":"1.1",
		"InstrumentModel":"LI-7810",
		"InstrumentSerialNumber":"TG10-01028",
		"Date":"2023-07-13 10:48:29",
		"RepNum":1,
		"DeadBand":5,
		"Area":318,
		"Offset":5,
		"ChamVolume":4244.1,
		"IrgaVolume":80.46,
		"TotalVolume":5914.56,
		"gps_time":1689259708,
		"latitude":41.6218,
		"longitude":-83.2379,
		"gps_hdop":0.65,
		"altitude":176.8,
		"gps_sats":17,
		"TimeZone":"US/Eastern"
	},
	"labels":{
		"area":"Area",
		"volume":"TotalVolume",
		"deadband":"DeadBand",
		"etime":"timestamp",
		"pressure":"chamber_p",
		"temperature":"chamber_t",
		"h2o":"h2o"
	},
	"data":{
		"timestamp":[0,1,2,3,4,5,6,7,8,
			9,10,11,12,13,14,15,16,17,18,
			19,20,21,22,23,24,25,26,27,28,
			29,30,31,32,33,34,35,36,37,38,
			39,40,41,42,43,44,45,46,47,48,
			49,50,51,52,53,54,55,56,57,58,
			59],
		"chamber_p":[99.1265,99.1303,99.1307,99.1279,99.1255,99.1285,99.1274,99.1252,99.1302,
			99.1311,99.1241,99.1242,99.1323,99.1281,99.1291,99.1334,99.1286,99.1208,99.1325,
			99.1377,99.1293,99.1263,99.1325,99.1366,99.1315,99.1305,99.1294,99.1292,99.1272,
			99.1324,99.1333,99.1319,99.1293,99.1238,99.1278,99.1299,99.1295,99.1253,99.12,
			99.1342,99.1322,99.1361,99.1327,99.1313,99.1325,99.1345,99.1309,99.1242,99.1298,
			99.127,99.1349,99.1363,99.1352,99.1298,99.1338,99.1345,99.1335,99.1289,99.1388,
			99.1395],
		"chamber_p_t":[32.6875,32.6979,32.6875,32.6667,32.6667,32.6875,32.675,32.6771,32.7083,
			32.7292,32.6875,32.6875,32.7292,32.7083,32.7188,32.75,32.7292,32.6875,32.75,
			32.8021,32.7396,32.7292,32.75,32.7875,32.7604,32.7604,32.7396,32.75,32.75,
			32.7604,32.7917,32.7812,32.775,32.7396,32.7604,32.7708,32.7708,32.75,32.7292,
			32.8021,32.8,32.8125,32.8021,32.8125,32.8229,32.8229,32.8229,32.7812,32.8229,
			32.8,32.8333,32.8438,32.8438,32.8125,32.8438,32.8646,32.8542,32.825,32.875,
			32.8646],
		"chamber_t":[20.8544,20.857,20.8597,20.8606,20.8623,20.8641,20.8648,20.8665,20.8677,
			20.8692,20.8694,20.8694,20.87,20.8712,20.8727,20.873,20.8742,20.8759,20.8777,
			20.8783,20.8795,20.88,20.8813,20.8829,20.8836,20.8854,20.8863,20.8889,20.8898,
			20.8916,20.8942,20.896,20.8967,20.8978,20.8999,20.9013,20.9028,20.9046,20.9049,
			20.9064,20.9081,20.9087,20.9105,20.9132,20.9149,20.9158,20.9185,20.9202,20.9211,
			20.9226,20.9244,20.9244,20.9262,20.9279,20.9279,20.9297,20.9297,20.9315,20.933,
			20.9338],
		"soil_t":[9999,9999,9999,9999,9999,9999,9999,9999,9999,
			9999,9999,9999,9999,9999,9999,9999,9999,9999,9999,
			9999,9999,9999,9999,9999,9999,9999,9999,9999,9999,
			9999,9999,9999,9999,9999,9999,9999,9999,9999,9999,
			9999,9999,9999,9999,9999,9999,9999,9999,9999,9999,
			9999,9999,9999,9999,9999,9999,9999,9999,9999,9999,
			9999],
		"soilp_c":[0.001,0.001,0.001,0.001,0.001,0.001,0.001,0.001,0.001,
			0.001,0.001,0.001,0.001,0.001,0.001,0.001,0.001,0.001,0.001,
			0.001,0.001,0.001,0.001,0.001,0.001,0.001,0.001,0.001,0.001,
			0.001,0.001,0.001,0.001,0.001,0.001,0.001,0.001,0.001,0.001,
			0.001,0.001,0.001,0.001,0.001,0.001,0.001,0.001,0.001,0.001,
			0.001,0.001,0.001,0.001,0.001,0.001,0.001,0.001,0.001,0.001,
			0.001],
		"soilp_m":[0,0,0,0,0,0,0,0,0,
			0,0,0,0,0,0,0,0,0,0,
			0,0,0,0,0,0,0,0,0,0,
			0,0,0,0,0,0,0,0,0,0,
			0,0,0,0,0,0,0,0,0,0,
			0,0,0,0,0,0,0,0,0,0,
			0],
		"soilp_t":[20.9,20.9,20.9,20.9,20.9,20.9,20.9,20.9,20.9,
			20.9,20.9,20.9,20.9,20.9,20.9,20.9,20.9,20.9,20.9,
			20.9,20.9,20.9,20.9,20.9,20.9,20.9,20.9,20.9,20.9,
			20.9,20.9,20.9,20.9,20.9,20.9,20.9,20.9,20.9,20.9,
			20.9,20.9,20.9,20.9,20.9,20.9,20.9,21.1,21.1,21.1,
			21.1,21.1,21.1,21.1,21.1,21.1,21.1,21.1,21.1,21.1,
			21.1],
		"ch4":[2060.87,2059.77,2057.57,2057.26,2060.51,2066.77,2072.4,2076.92,2077.73,
			2078.81,2079.44,2081.06,2084.35,2084.99,2084.67,2086.06,2087.89,2089.38,2089.04,
			2090.06,2092.98,2096.56,2097.8,2099.07,2101.29,2102.01,2103.44,2106.02,2107.47,
			2108.79,2110.72,2112.75,2115.09,2117.15,2119.75,2120.46,2123.49,2126.53,2129.49,
			2129.88,2130.21,2132.35,2133.76,2135.49,2137.24,2137.92,2138.76,2141.22,2144.88,
			2145.97,2148.42,2150.92,2153.06,2155.83,2156.41,2158.44,2160.29,2161.56,2163.16,
			2163.16],
		"co2":[440.802,439.33,438.615,437.602,438.791,443.809,446.977,450.131,449.835,
			451.211,451.646,454.392,458.261,458.182,458.44,461.53,462.06,465.165,464.155,
			466.594,468.697,471.475,472.51,474.708,476.012,477.122,478.663,480.77,483.224,
			484.172,486.369,487.794,489.936,491.872,494.174,495.439,498.598,500.41,502.448,
			504.057,504.147,506.845,509.001,509.772,511.897,513.443,514.275,516.489,520.098,
			521.458,522.65,525.355,526.941,529.762,530.508,533.37,534.296,535.853,538.124,
			538.839],
		"h2o":[21.4525,21.4679,21.5254,21.6266,21.7324,21.8254,21.9144,21.9988,22.0793,
			22.1553,22.2307,22.2992,22.3721,22.4401,22.5098,22.574,22.6377,22.6975,22.7564,
			22.8082,22.8592,22.9084,22.9545,22.9986,23.0418,23.0832,23.1219,23.1588,23.1948,
			23.2302,23.2637,23.2949,23.3286,23.3572,23.3868,23.4182,23.4451,23.4699,23.4973,
			23.5222,23.5461,23.5681,23.5913,23.6131,23.6328,23.6548,23.6749,23.695,23.7144,
			23.7306,23.7488,23.767,23.7841,23.8007,23.8177,23.8339,23.8516,23.8668,23.8817,
			23.897],
		"err":[0,0,0,0,0,0,0,0,0,
			0,0,0,0,0,0,0,0,0,0,
			0,0,0,0,0,0,0,0,0,0,
			0,0,0,0,0,0,0,0,0,0,
			0,0,0,0,0,0,0,0,0,0,
			0,0,0,0,0,0,0,0,0,0,
			0]
	},
	"summary":{
		"timestamp":[0,29.5,59],
		"chamber_p":[99.1286,99.1303,0.0195389],
		"chamber_p_t":[32.6784,32.7649,0.208332],
		"chamber_t":[20.8559,20.8942,0.0794773],
		"soil_t":[9999,9999,0],
		"soilp_c":[0.001,0.001,0],
		"soilp_m":[0,0,0],
		"soilp_t":[20.9,20.9467,0.200001],
		"ch4":[2055.25,2111.59,105.897],
		"co2":[436.766,486.652,101.237],
		"h2o":[21.3995,23.0385,2.44448],
		"err":[0,0,0]
	},
	"footer":{
		"P_o":99.1286,
		"T_o":20.8559,
		"W_o":21.3995,
		"fluxes":[
			{
			"name":"ch4",
			"F_o":12.9519,
			"F_cv":2.89211,
			"t_o":0,
			"C_o":2055.25,
			"a":1.75831e-06,
			"C_x":1e+06,
			"iter":10,
			"sei":1.53237,
			"ses":0.0471499,
			"r2":0.962609,
			"slope":1.75469,
			"domain":53,
			"n":54
			},
			{
			"name":"co2",
			"F_o":13.062,
			"F_cv":1.71781,
			"t_o":0,
			"C_o":436.766,
			"a":1.77038e-06,
			"C_x":1e+06,
			"iter":10,
			"sei":0.773099,
			"ses":0.0237876,
			"r2":0.99062,
			"slope":1.76961,
			"domain":53,
			"n":54
			}
		]
	}
}
,"REP_2": {
	"header":{
		"Chamber":"82s-1031",
		"Version":"1.1",
		"InstrumentModel":"LI-7810",
		"InstrumentSerialNumber":"TG10-01028",
		"Date":"2023-07-13 10:49:54",
		"RepNum":2,
		"DeadBand":5,
		"Area":318,
		"Offset":5,
		"ChamVolume":4244.1,
		"IrgaVolume":80.46,
		"TotalVolume":5914.56,
		"gps_time":1689259794,
		"latitude":41.6218,
		"longitude":-83.2379,
		"gps_hdop":0.65,
		"altitude":177.6,
		"gps_sats":17,
		"TimeZone":"US/Eastern"
	},
	"labels":{
		"area":"Area",
		"volume":"TotalVolume",
		"deadband":"DeadBand",
		"etime":"timestamp",
		"pressure":"chamber_p",
		"temperature":"chamber_t",
		"h2o":"h2o"
	},
	"data":{
		"timestamp":[0,1,2,3,4,5,6,7,8,
			9,10,11,12,13,14,15,16,17,18,
			19,20,21,22,23,24,25,26,27,28,
			29,30,31,32,33,34,35,36,37,38,
			39,40,41,42,43,44,45,46,47,48,
			49,50,51,52,53,54,55,56,57,58,
			59],
		"chamber_p":[99.1339,99.128,99.1326,99.133,99.1304,99.1311,99.1321,99.1218,99.1325,
			99.1346,99.1339,99.1353,99.1347,99.1325,99.1354,99.1344,99.1388,99.1363,99.1314,
			99.1373,99.1324,99.1329,99.1369,99.1382,99.1322,99.1323,99.1307,99.1318,99.1455,
			99.1371,99.1371,99.1357,99.1266,99.1422,99.1401,99.1362,99.1369,99.1371,99.143,
			99.1423,99.1428,99.1372,99.1408,99.1376,99.1402,99.1328,99.1374,99.1427,99.1376,
			99.1475,99.137,99.1372,99.1398,99.1407,99.143,99.1405,99.1359,99.1432,99.142,
			99.1393],
		"chamber_p_t":[32.7604,32.7396,32.75,32.7292,32.7396,32.75,32.75,32.7188,32.7917,
			32.8021,32.8125,32.8229,32.8333,32.8229,32.8375,32.8333,32.8646,32.8646,32.8542,
			32.875,32.8542,32.8542,32.8854,32.9,32.8542,32.875,32.8646,32.8958,32.9583,
			32.9271,32.9271,32.9271,32.8875,32.9583,32.9688,32.9479,32.9479,32.9583,32.9896,
			33,33,32.9896,33.0104,33,33.0104,32.9792,33,33.0417,33.0208,
			33.0625,33,33.0208,33.0417,33.0625,33.0729,33.0417,33.0417,33.0625,33.0833,
			33.0625],
		"chamber_t":[20.9492,20.9487,20.9484,20.9475,20.9475,20.9475,20.9475,20.9463,20.9457,
			20.9457,20.9454,20.9439,20.9439,20.9436,20.9432,20.9421,20.9421,20.9421,20.9421,
			20.9421,20.9439,20.9439,20.9439,20.9439,20.9439,20.9451,20.9457,20.9457,20.9457,
			20.9457,20.9457,20.946,20.9464,20.9475,20.9484,20.9492,20.9492,20.9492,20.951,
			20.951,20.9517,20.9528,20.9543,20.9546,20.9546,20.9561,20.9569,20.9581,20.9596,
			20.9603,20.9617,20.9629,20.9635,20.9647,20.9652,20.9664,20.967,20.9681,20.9688,
			20.9706],
		"soil_t":[9999,9999,9999,9999,9999,9999,9999,9999,9999,
			9999,9999,9999,9999,9999,9999,9999,9999,9999,9999,
			9999,9999,9999,9999,9999,9999,9999,9999,9999,9999,
			9999,9999,9999,9999,9999,9999,9999,9999,9999,9999,
			9999,9999,9999,9999,9999,9999,9999,9999,9999,9999,
			9999,9999,9999,9999,9999,9999,9999,9999,9999,9999,
			9999],
		"soilp_c":[0.001,0.001,0.001,0.001,0.001,0.001,0.001,0.001,0.001,
			0.001,0.001,0.001,0.001,0.001,0.001,0.001,0.001,0.001,0.001,
			0.001,0.001,0.001,0.001,0.001,0.001,0.001,0.001,0.001,0.001,
			0.001,0.001,0.001,0.001,0.001,0.001,0.001,0.001,0.001,0.001,
			0.001,0.001,0.001,0.001,0.001,0.001,0.001,0.001,0.001,0.001,
			0.001,0.001,0.001,0.001,0.001,0.001,0.001,0.001,0.001,0.001,
			0.001],
		"soilp_m":[0,0,0,0,0,0,0,0,0,
			0,0,0,0,0,0,0,0,0,0,
			0,0,0,0,0,0,0,0,0,0,
			0,0,0,0,0,0,0,0,0,0,
			0,0,0,0,0,0,0,0,0,0,
			0,0,0,0,0,0,0,0,0,0,
			0],
		"soilp_t":[21.1,21.1,21.1,21.1,21.1,21.1,21.1,21.1,21.1,
			21.1,21.1,21.1,21.1,21.1,21.1,21.1,21.1,21.1,21.1,
			21.1,21.1,21.1,21.1,21.1,21.1,21.1,21.1,21.1,21.1,
			21.1,21.1,21.1,21.1,21.1,21.1,21.1,21.1,21.1,21.1,
			21.1,21.1,21.1,21.1,21.1,21.1,21.1,21.1,21.1,21.1,
			21.1,21.1,21.1,21.1,21.1,21.1,21.1,21.1,21.1,21.1,
			21.1],
		"ch4":[2080.3,2077.42,2073.95,2069.42,2066.74,2067,2067.03,2066.73,2066.55,
			2065.85,2066.98,2069.6,2072.86,2074.59,2075.86,2077.12,2078.07,2079.37,2081.45,
			2081.89,2083.27,2083.56,2084.26,2085.66,2086.93,2089.48,2091.83,2093.01,2093.93,
			2095.19,2096.62,2098.38,2099.7,2101.25,2102.59,2104.38,2106.05,2107.52,2108.06,
			2107.59,2108.61,2111.43,2113.62,2114.41,2116.02,2116.72,2117.31,2118.15,2119.38,
			2122.06,2122.94,2124.42,2125.82,2127.31,2128.4,2128.86,2130.55,2132.26,2132.88,
			2133.95],
		"co2":[448.845,445.834,439.621,432.467,427.242,427.902,428.588,428.022,427.66,
			426.93,429.234,431.514,434.957,438.232,439.179,440.226,441.003,444.346,444.97,
			446.551,448.509,450.103,450.98,452.126,455.338,456.86,459.15,461.224,462.387,
			463.889,464.897,467.461,470.105,471.059,473.647,474.39,477.885,479.413,479.385,
			479.903,482.111,484.844,487.16,489.424,490.15,491.668,492.945,493.893,495.777,
			498.584,499.662,501.453,502.909,504.89,506.394,508.328,509.083,511.766,511.657,
			515.002],
		"h2o":[23.8875,23.8617,23.8389,23.8099,23.7714,23.7226,23.6733,23.6315,23.6001,
			23.578,23.5616,23.5527,23.5539,23.5596,23.5719,23.5886,23.6068,23.6247,23.6455,
			23.6642,23.6858,23.7066,23.727,23.7469,23.7655,23.7842,23.8028,23.8199,23.8383,
			23.8563,23.8744,23.8895,23.905,23.9218,23.9351,23.951,23.9641,23.9789,23.9916,
			24.0056,24.0169,24.0271,24.0405,24.0518,24.0628,24.0755,24.0862,24.0966,24.1066,
			24.1166,24.1259,24.1362,24.1479,24.1585,24.167,24.1755,24.1865,24.1936,24.2042,
			24.2134],
		"err":[0,0,0,0,0,0,0,0,0,
			0,0,0,0,0,0,0,0,0,0,
			0,0,0,0,0,0,0,0,0,0,
			0,0,0,0,0,0,0,0,0,0,
			0,0,0,0,0,0,0,0,0,0,
			0,0,0,0,0,0,0,0,0,0,
			0]
	},
	"summary":{
		"timestamp":[0,29.5,59],
		"chamber_p":[99.131,99.1364,0.0257187],
		"chamber_p_t":[32.7301,32.9156,0.364582],
		"chamber_t":[20.9491,20.9509,0.0284119],
		"soil_t":[9999,9999,0],
		"soilp_c":[0.001,0.001,0],
		"soilp_m":[0,0,0],
		"soilp_t":[21.1,21.1,0],
		"ch4":[2076.19,2097.05,68.0986],
		"co2":[442.808,466.662,88.0722],
		"h2o":[23.9004,23.8807,0.660713],
		"err":[0,0,0]
	},
	"footer":{
		"P_o":99.131,
		"T_o":20.9491,
		"W_o":23.9004,
		"fluxes":[
			{
			"name":"ch4",
			"F_o":10.0942,
			"F_cv":1.24901,
			"t_o":14.8279,
			"C_o":2076.19,
			"a":0.0017234,
			"C_x":2871.96,
			"iter":3,
			"sei":0.287544,
			"ses":0.00884751,
			"r2":0.997707,
			"slope":1.37143,
			"domain":53,
			"n":54
			},
			{
			"name":"co2",
			"F_o":12.6939,
			"F_cv":1.20766,
			"t_o":16.5642,
			"C_o":442.808,
			"a":0.000783228,
			"C_x":2644.78,
			"iter":3,
			"sei":0.31439,
			"ses":0.00967355,
			"r2":0.998326,
			"slope":1.72465,
			"domain":53,
			"n":54
			}
		]
	}
}
			}
	}
}
, 
{ "CRC_TR_s40":
	{
		"remark": "CRC-nickchamber",
		"reps":
			{
"REP_1": {
	"header":{
		"Chamber":"82s-1031",
		"Version":"1.1",
		"InstrumentModel":"LI-7810",
		"InstrumentSerialNumber":"TG10-01028",
		"Date":"2023-07-13 10:53:08",
		"RepNum":1,
		"DeadBand":5,
		"Area":318,
		"Offset":5,
		"ChamVolume":4244.1,
		"IrgaVolume":80.46,
		"TotalVolume":5914.56,
		"gps_time":1689259986,
		"latitude":41.6219,
		"longitude":-83.238,
		"gps_hdop":0.66,
		"altitude":178.4,
		"gps_sats":16,
		"TimeZone":"US/Eastern"
	},
	"labels":{
		"area":"Area",
		"volume":"TotalVolume",
		"deadband":"DeadBand",
		"etime":"timestamp",
		"pressure":"chamber_p",
		"temperature":"chamber_t",
		"h2o":"h2o"
	},
	"data":{
		"timestamp":[0,1,2,3,4,5,6,7,8,
			9,10,11,12,13,14,15,16,17,18,
			19,20,21,22,23,24,25,26,27,28,
			29,30,31,32,33,34,35,36,37,38,
			39,40,41,42,43,44,45,46,47,48,
			49,50,51,52,53,54,55,56,57,58,
			59],
		"chamber_p":[99.1376,99.1441,99.1444,99.1419,99.1491,99.1456,99.1428,99.1432,99.1421,
			99.1441,99.1431,99.1462,99.1441,99.1445,99.1418,99.1418,99.1459,99.1475,99.1458,
			99.1405,99.1419,99.1381,99.1411,99.145,99.1379,99.1432,99.1444,99.1443,99.1444,
			99.1441,99.1422,99.146,99.1415,99.1472,99.1387,99.1402,99.1406,99.1436,99.1411,
			99.1372,99.1365,99.1431,99.1423,99.142,99.1403,99.1427,99.1446,99.14,99.1403,
			99.1392,99.1387,99.1445,99.1375,99.1392,99.1439,99.1451,99.1391,99.1378,99.143,
			99.1355],
		"chamber_p_t":[33.1146,33.1354,33.1146,33.1146,33.1667,33.1458,33.1458,33.1458,33.1375,
			33.1562,33.1771,33.1875,33.1771,33.1771,33.1667,33.1771,33.2,33.2188,33.1979,
			33.1771,33.1771,33.1771,33.1979,33.2083,33.1771,33.2125,33.2188,33.2188,33.2292,
			33.2396,33.2292,33.2396,33.2188,33.2625,33.2292,33.2396,33.2396,33.2708,33.25,
			33.2396,33.2292,33.2604,33.2625,33.2708,33.2604,33.2812,33.3021,33.2812,33.2708,
			33.2604,33.275,33.3021,33.2604,33.2812,33.2708,33.3021,33.2708,33.2708,33.2917,
			33.275],
		"chamber_t":[20.8222,20.8234,20.8249,20.8273,20.8308,20.8329,20.8361,20.8397,20.8429,
			20.8461,20.8497,20.8532,20.8567,20.8606,20.8644,20.8686,20.8723,20.8756,20.8792,
			20.8827,20.888,20.8907,20.8933,20.8987,20.9022,20.9038,20.9069,20.9111,20.9152,
			20.9176,20.9211,20.9247,20.9282,20.9315,20.9347,20.9374,20.9407,20.9436,20.9469,
			20.949,20.9525,20.9561,20.9581,20.9599,20.9626,20.9652,20.9679,20.9706,20.9724,
			20.975,20.9766,20.9783,20.9809,20.9827,20.9851,20.9872,20.9898,20.9916,20.9934,
			20.9951],
		"soil_t":[9999,9999,9999,9999,9999,9999,9999,9999,9999,
			9999,9999,9999,9999,9999,9999,9999,9999,9999,9999,
			9999,9999,9999,9999,9999,9999,9999,9999,9999,9999,
			9999,9999,9999,9999,9999,9999,9999,9999,9999,9999,
			9999,9999,9999,9999,9999,9999,9999,9999,9999,9999,
			9999,9999,9999,9999,9999,9999,9999,9999,9999,9999,
			9999],
		"soilp_c":[0.001,0.001,0.001,0.001,0.001,0.001,0.001,0.001,0.001,
			0.001,0.001,0.001,0.001,0.001,0.001,0.001,0.001,0.001,0.001,
			0.001,0.001,0.001,0.001,0.001,0.001,0.001,0.001,0.001,0.001,
			0.001,0.001,0.001,0.001,0.001,0.001,0.001,0.001,0.001,0.001,
			0.001,0.001,0.001,0.001,0.001,0.001,0.001,0.001,0.001,0.001,
			0.001,0.001,0.001,0.001,0.001,0.001,0.001,0.001,0.001,0.001,
			0.001],
		"soilp_m":[0,0,0,0,0,0,0,0,0,
			0,0,0,0,0,0,0,0,0,0,
			0,0,0,0,0,0,0,0,0,0,
			0,0,0,0,0,0,0,0,0,0,
			0,0,0,0,0,0,0,0,0,0,
			0,0,0,0,0,0,0,0,0,0,
			0],
		"soilp_t":[21.1,21.1,21.1,21.1,21.1,21.1,21.1,21.1,21.1,
			21.1,21.1,21.1,21.1,21.1,21.1,21.1,21.1,21.1,21.1,
			21.1,21.1,21.1,21.1,21.1,21.1,21.1,21.1,21.1,21.1,
			21.1,21.1,21.1,21.1,21.1,21.1,21.1,21.1,21.1,21.1,
			21.1,21.1,21.1,21.1,21.1,21.1,21.1,21.1,21.1,21.1,
			21.1,21.1,21.1,21.1,21.1,21.1,21.1,21.1,21.1,21.1,
			21.1],
		"ch4":[2068.27,2068.33,2068.65,2068.77,2068.31,2068.1,2067.97,2067.96,2067.73,
			2068.14,2067.96,2068.04,2067.77,2067.67,2067.75,2067.48,2067.5,2067.42,2067.19,
			2067.1,2067.08,2067.06,2066.94,2066.67,2066.63,2066.82,2066.78,2066.65,2066.55,
			2066.51,2066.55,2066.45,2066.17,2066.24,2066.08,2066.01,2066.01,2066.04,2065.86,
			2065.98,2065.84,2065.75,2065.78,2065.58,2065.53,2065.55,2065.34,2065.31,2065.18,
			2065.24,2065.23,2065.19,2065.07,2064.82,2064.77,2064.79,2064.92,2064.89,2064.35,
			2064.52],
		"co2":[424.298,421.991,419.48,420.109,426.666,431.761,433.07,433.993,433.971,
			431.908,433.196,436.043,436.402,436.81,438.947,441.627,441.658,443.485,445.941,
			448.281,447.799,448.267,449.414,451.04,452.226,452.637,454.899,457.022,456.943,
			457.565,458.974,459.931,459.897,460.708,461.818,463.822,464.022,466.332,468.134,
			468.215,469.151,470.072,470.735,473.274,473.079,474.154,475.469,476.582,477.919,
			477.996,480.686,480.637,481.052,483.63,485.306,485.256,485.37,487.274,489.811,
			489.596],
		"h2o":[21.2584,21.2516,21.2488,21.2349,21.2265,21.2459,21.2869,21.3357,21.3869,
			21.4352,21.4739,21.5166,21.5702,21.621,21.6648,21.7139,21.7661,21.8177,21.865,
			21.9185,21.9758,22.0272,22.0693,22.1093,22.1488,22.19,22.2294,22.2691,22.31,
			22.3478,22.3816,22.4163,22.4478,22.4775,22.5043,22.531,22.5598,22.5872,22.6135,
			22.6419,22.668,22.6925,22.7171,22.7405,22.7632,22.785,22.8066,22.8263,22.8469,
			22.8667,22.8862,22.9074,22.9256,22.9419,22.9608,22.9796,23.0012,23.0141,23.0305,
			23.046],
		"err":[0,0,0,0,0,0,0,0,0,
			0,0,0,0,0,0,0,0,0,0,
			0,0,0,0,0,0,0,0,0,0,
			0,0,0,0,0,0,0,0,0,0,
			0,0,0,0,0,0,0,0,0,0,
			0,0,0,0,0,0,0,0,0,0,
			0]
	},
	"summary":{
		"timestamp":[0,29.5,59],
		"chamber_p":[99.1427,99.1422,0.0136337],
		"chamber_p_t":[33.1183,33.2198,0.1875],
		"chamber_t":[20.82,20.9146,0.172878],
		"soil_t":[9999,9999,0],
		"soilp_c":[0.001,0.001,0],
		"soilp_m":[0,0,0],
		"soilp_t":[21.1,21.1,0],
		"ch4":[2068.52,2066.51,4.41235],
		"co2":[420.867,457.106,70.3316],
		"h2o":[21.1946,22.2347,1.81942],
		"err":[0,0,0]
	},
	"footer":{
		"P_o":99.1427,
		"T_o":20.82,
		"W_o":21.1946,
		"fluxes":[
			{
			"name":"ch4",
			"F_o":-0.495774,
			"F_cv":1.98628,
			"t_o":0,
			"C_o":2068.52,
			"a":3.24552e-05,
			"C_x":0,
			"iter":10,
			"sei":0.0365205,
			"ses":0.00112371,
			"r2":0.985624,
			"slope":-0.0671343,
			"domain":53,
			"n":54
			},
			{
			"name":"co2",
			"F_o":8.94029,
			"F_cv":1.31552,
			"t_o":-2.29508,
			"C_o":420.867,
			"a":0.00263987,
			"C_x":879.463,
			"iter":2,
			"sei":0.301436,
			"ses":0.00927494,
			"r2":0.996354,
			"slope":1.21063,
			"domain":53,
			"n":54
			}
		]
	}
}
,"REP_2": {
	"header":{
		"Chamber":"82s-1031",
		"Version":"1.1",
		"InstrumentModel":"LI-7810",
		"InstrumentSerialNumber":"TG10-01028",
		"Date":"2023-07-13 10:54:33",
		"RepNum":2,
		"DeadBand":5,
		"Area":318,
		"Offset":5,
		"ChamVolume":4244.1,
		"IrgaVolume":80.46,
		"TotalVolume":5914.56,
		"gps_time":1689260071,
		"latitude":41.6219,
		"longitude":-83.238,
		"gps_hdop":0.67,
		"altitude":178.3,
		"gps_sats":13,
		"TimeZone":"US/Eastern"
	},
	"labels":{
		"area":"Area",
		"volume":"TotalVolume",
		"deadband":"DeadBand",
		"etime":"timestamp",
		"pressure":"chamber_p",
		"temperature":"chamber_t",
		"h2o":"h2o"
	},
	"data":{
		"timestamp":[0,1,2,3,4,5,6,7,8,
			9,10,11,12,13,14,15,16,17,18,
			19,20,21,22,23,24,25,26,27,28,
			29,30,31,32,33,34,35,36,37,38,
			39,40,41,42,43,44,45,46,47,48,
			49,50,51,52,53,54,55,56,57,58,
			59],
		"chamber_p":[99.1468,99.1441,99.1451,99.1465,99.1488,99.1453,99.1431,99.1502,99.1508,
			99.1457,99.148,99.1465,99.1482,99.1471,99.1455,99.1517,99.1458,99.1435,99.1411,
			99.1439,99.1415,99.1447,99.1378,99.1362,99.1449,99.1401,99.1429,99.1428,99.1396,
			99.1369,99.1415,99.1421,99.143,99.1391,99.1374,99.1425,99.1392,99.1388,99.1327,
			99.1464,99.1407,99.1437,99.1389,99.1388,99.1367,99.1375,99.1349,99.1376,99.1377,
			99.1374,99.1365,99.136,99.1377,99.134,99.1392,99.1421,99.1368,99.1323,99.1418,
			99.1307],
		"chamber_p_t":[33.1979,33.1771,33.1875,33.1875,33.2083,33.1979,33.2083,33.2396,33.25,
			33.2188,33.2396,33.2396,33.2708,33.2604,33.25,33.3021,33.2875,33.3021,33.2812,
			33.2917,33.3021,33.3229,33.3125,33.3229,33.3438,33.3375,33.3542,33.3646,33.3542,
			33.3438,33.375,33.3854,33.3854,33.3875,33.375,33.4062,33.3958,33.3958,33.3854,
			33.4375,33.4167,33.4479,33.425,33.4271,33.4062,33.4167,33.4167,33.4479,33.4375,
			33.4375,33.4375,33.4479,33.4479,33.4479,33.4792,33.4896,33.4583,33.4583,33.5104,
			33.45],
		"chamber_t":[20.9214,20.9143,20.9075,20.9022,20.8981,20.8945,20.8922,20.8895,20.8889,
			20.8872,20.8872,20.8872,20.8872,20.8872,20.8889,20.8898,20.8896,20.8907,20.8922,
			20.8925,20.8939,20.8948,20.896,20.8975,20.8993,20.901,20.9025,20.9043,20.9061,
			20.9078,20.9096,20.9114,20.9132,20.9148,20.9164,20.9182,20.92,20.9217,20.9235,
			20.9253,20.9279,20.9297,20.9315,20.933,20.9338,20.9365,20.9374,20.9392,20.941,
			20.9427,20.9443,20.946,20.9478,20.9492,20.9504,20.9513,20.9531,20.9549,20.9564,
			20.9574],
		"soil_t":[9999,9999,9999,9999,9999,9999,9999,9999,9999,
			9999,9999,9999,9999,9999,9999,9999,9999,9999,9999,
			9999,9999,9999,9999,9999,9999,9999,9999,9999,9999,
			9999,9999,9999,9999,9999,9999,9999,9999,9999,9999,
			9999,9999,9999,9999,9999,9999,9999,9999,9999,9999,
			9999,9999,9999,9999,9999,9999,9999,9999,9999,9999,
			9999],
		"soilp_c":[0.001,0.001,0.001,0.001,0.001,0.001,0.001,0.001,0.001,
			0.001,0.001,0.001,0.001,0.001,0.001,0.001,0.001,0.001,0.001,
			0.001,0.001,0.001,0.001,0.001,0.001,0.001,0.001,0.001,0.001,
			0.001,0.001,0.001,0.001,0.001,0.001,0.001,0.001,0.001,0.001,
			0.001,0.001,0.001,0.001,0.001,0.001,0.001,0.001,0.001,0.001,
			0.001,0.001,0.001,0.001,0.001,0.001,0.001,0.001,0.001,0.001,
			0.001],
		"soilp_m":[0,0,0,0,0,0,0,0,0,
			0,0,0,0,0,0,0,0,0,0,
			0,0,0,0,0,0,0,0,0,0,
			0,0,0,0,0,0,0,0,0,0,
			0,0,0,0,0,0,0,0,0,0,
			0,0,0,0,0,0,0,0,0,0,
			0],
		"soilp_t":[21.1,21.1,21.1,21.1,21.1,21.1,21.1,21.1,21.1,
			21.1,21.1,21.1,21.1,21.1,21.1,21.1,21.1,21.1,21.1,
			21.1,21.1,21.1,21.1,21.1,21.1,21.1,21.1,21.1,21.1,
			21.1,21.1,21.1,21.1,21.1,21.1,21.1,21.1,21.1,21.1,
			21.1,21.1,21.1,21.3,21.3,21.3,21.3,21.3,21.3,21.3,
			21.3,21.3,21.3,21.3,21.3,21.3,21.3,21.3,21.3,21.3,
			21.3],
		"ch4":[2070.73,2071.11,2071.11,2070.88,2070.68,2070.55,2070.59,2070.21,2069.89,
			2069.8,2069.69,2069.6,2069.43,2069.61,2069.49,2069.28,2069.17,2069.11,2069.09,
			2068.97,2068.99,2068.72,2068.89,2068.79,2068.79,2068.37,2068.7,2068.62,2068.67,
			2068.54,2068.27,2068.41,2068.19,2068.18,2067.99,2068.12,2068,2067.91,2067.87,
			2067.9,2067.85,2067.53,2067.65,2067.44,2067.46,2067.33,2067.34,2067.42,2067.32,
			2067.36,2067.22,2067.05,2066.79,2067.06,2066.99,2066.78,2066.95,2066.62,2066.72,
			2066.68],
		"co2":[422.039,421.361,420.033,418.308,418.749,420.179,420.059,421.276,424.354,
			425.556,424.985,426.607,427.997,428.232,430.416,430.77,433.269,434.426,436.121,
			437.085,437.323,438.204,437.327,438.765,439.552,440.323,441.498,442.477,442.604,
			444.859,445.64,447.032,447.497,448.663,450.347,450.365,452.052,453.411,454.229,
			455.472,455.455,456.477,457.307,460.113,460.207,461.931,461.709,462.997,465.009,
			466.286,467.092,468.325,468.763,470.419,471.458,470.813,473.356,474.383,475.786,
			477.232],
		"h2o":[22.0926,22.0115,21.9359,21.8681,21.7981,21.7375,21.6917,21.6594,21.648,
			21.6603,21.6861,21.7098,21.7362,21.7667,21.7999,21.8328,21.8669,21.9048,21.9473,
			21.9902,22.032,22.0724,22.1057,22.1332,22.1593,22.1877,22.2167,22.2441,22.2708,
			22.2976,22.3211,22.3471,22.3752,22.4017,22.4282,22.453,22.4765,22.5029,22.5301,
			22.5557,22.5769,22.5988,22.6172,22.6365,22.6573,22.6791,22.6986,22.7168,22.7349,
			22.7546,22.7749,22.7922,22.8095,22.8247,22.8419,22.8579,22.871,22.8858,22.9015,
			22.9171],
		"err":[0,0,0,0,0,0,0,0,0,
			0,0,0,0,0,0,0,0,0,0,
			0,0,0,0,0,0,0,0,0,0,
			0,0,0,0,0,0,0,0,0,0,
			0,0,0,0,0,0,0,0,0,0,
			0,0,0,0,0,0,0,0,0,0,
			0]
	},
	"summary":{
		"timestamp":[0,29.5,59],
		"chamber_p":[99.1453,99.1415,0.0210114],
		"chamber_p_t":[33.1799,33.3499,0.333336],
		"chamber_t":[20.9151,20.9155,0.0702457],
		"soil_t":[9999,9999,0],
		"soilp_c":[0.001,0.001,0],
		"soilp_m":[0,0,0],
		"soilp_t":[21.1,21.16,0.199999],
		"ch4":[2071.18,2068.51,4.48999],
		"co2":[419.185,445.91,58.9243],
		"h2o":[22.0183,22.2934,1.26913],
		"err":[0,0,0]
	},
	"footer":{
		"P_o":99.1453,
		"T_o":20.9151,
		"W_o":22.0183,
		"fluxes":[
			{
			"name":"ch4",
			"F_o":-0.473119,
			"F_cv":12.0199,
			"t_o":0,
			"C_o":2071.18,
			"a":3.09676e-05,
			"C_x":0,
			"iter":10,
			"sei":0.249565,
			"ses":0.00767891,
			"r2":0.271052,
			"slope":-0.0641396,
			"domain":53,
			"n":54
			},
			{
			"name":"co2",
			"F_o":7.57319,
			"F_cv":3.52646,
			"t_o":0,
			"C_o":419.185,
			"a":1.02711e-06,
			"C_x":1e+06,
			"iter":10,
			"sei":1.12127,
			"ses":0.0345006,
			"r2":0.941458,
			"slope":1.02668,
			"domain":53,
			"n":54
			}
		]
	}
}
			}
	}
}
  ]
}
