Plot_ID,Label_field,DATE,Time_start,First_Timestamp,Last_Timestamp,Total_Time,VOLUME_TOTAL,VOLUME_cm3,COLLAR_HEIGHT_cm,AREA_cm2
CRC_UP_25,UpS25,7/8/2022,10:35 AM,7/8/2022 10:35:18,7/8/2022 10:37:18,120,6598.26,4244.1,7.15,318
CRC_UP_25,UpS25,7/8/2022,10:38 AM,7/8/2022 10:38:18,7/8/2022 10:40:18,120,6598.26,4244.1,7.15,318
CRC_UP_31,UpS31,7/8/2022,10:42 AM,7/8/2022 10:42:54,7/8/2022 10:44:54,120,6486.96,4244.1,6.8,318
CRC_UP_31,UpS31,7/8/2022,10:45 AM,7/8/2022 10:45:55,7/8/2022 10:47:55,120,6486.96,4244.1,6.8,318
CRC_UP_26,UpS26,7/8/2022,10:51 AM,7/8/2022 10:51:34,7/8/2022 10:53:34,120,6868.56,4244.1,8,318
CRC_UP_26,UpS26,7/8/2022,10:54 AM,7/8/2022 10:54:34,7/8/2022 10:54:59,25,6868.56,4244.1,8,318
CRC_UP_26_B,UpS26b,7/8/2022,10:58 AM,7/8/2022 10:58:06,7/8/2022 11:00:06,120,6868.56,4244.1,8,318
CRC_UP_26_B,UpS26b,7/8/2022,11:01 AM,7/8/2022 11:01:07,7/8/2022 11:03:07,120,6868.56,4244.1,8,318
CRC_UP_32,UpS32,7/8/2022,11:06 AM,7/8/2022 11:06:03,7/8/2022 11:08:03,120,6645.96,4244.1,7.3,318
CRC_UP_32,UpS32,7/8/2022,11:09 AM,7/8/2022 11:09:04,7/8/2022 11:11:03,119,6645.96,4244.1,7.3,318
CRC_UP_27,UpS27,7/8/2022,11:13 AM,7/8/2022 11:13:44,7/8/2022 11:15:44,120,6486.96,4244.1,6.8,318
CRC_UP_27,UpS27,7/8/2022,11:16 AM,7/8/2022 11:16:44,7/8/2022 11:18:44,120,6486.96,4244.1,6.8,318
CRC_UP_30,UpS30,7/8/2022,11:21 AM,7/8/2022 11:21:47,7/8/2022 11:23:47,120,6709.56,4244.1,7.5,318
CRC_UP_30,UpS30,7/8/2022,11:24 AM,7/8/2022 11:24:48,7/8/2022 11:26:47,119,6709.56,4244.1,7.5,318
CRC_UP_29,UpS29,7/8/2022,11:31 AM,7/8/2022 11:31:16,7/8/2022 11:33:16,120,26902.56,4244.1,71,318
CRC_UP_29,UpS29,7/8/2022,11:34 AM,7/8/2022 11:34:17,7/8/2022 11:36:17,120,26902.56,4244.1,71,318
CRC_UP_28,UpS28,7/8/2022,11:39 AM,7/8/2022 11:39:31,7/8/2022 11:41:31,120,6455.16,4244.1,6.7,318
CRC_UP_28,UpS28,7/8/2022,11:42 AM,7/8/2022 11:42:31,7/8/2022 11:42:56,25,6455.16,4244.1,6.7,318
CRC_UP_28_B,UpS28b,7/8/2022,11:45 AM,7/8/2022 11:45:57,7/8/2022 11:47:57,120,6455.16,4244.1,6.7,318
CRC_UP_28_B,UpS28b,7/8/2022,11:48 AM,7/8/2022 11:48:58,7/8/2022 11:50:58,120,6455.16,4244.1,6.7,318
CRC_UP_29_B,UpS29b,7/8/2022,11:53 AM,7/8/2022 11:53:13,7/8/2022 11:55:13,120,6582.36,4244.1,7.1,318
CRC_UP_29_B,UpS29b,7/8/2022,11:56 AM,7/8/2022 11:56:14,7/8/2022 11:58:13,119,6582.36,4244.1,7.1,318
CRC_W_41,WeS41,7/8/2022,1:01 PM,7/8/2022 13:01:42,7/8/2022 13:03:42,120,5914.56,4244.1,5,318
CRC_W_41,WeS41,7/8/2022,1:04 PM,7/8/2022 13:04:42,7/8/2022 13:06:42,120,5914.56,4244.1,5,318
CRC_W_42,WeS42,7/8/2022,1:12 PM,7/8/2022 13:12:29,7/8/2022 13:14:29,120,7027.56,4244.1,8.5,318
CRC_W_42,WeS42,7/8/2022,1:15 PM,7/8/2022 13:15:30,7/8/2022 13:17:30,120,7027.56,4244.1,8.5,318
CRC_W_43,WeS43,7/8/2022,1:22 PM,7/8/2022 13:22:10,7/8/2022 13:24:10,120,6868.56,4244.1,8,318
CRC_W_43,WeS43,7/8/2022,1:25 PM,7/8/2022 13:25:10,7/8/2022 13:27:10,120,6868.56,4244.1,8,318
CRC_W_45,WeS45,7/8/2022,1:35 PM,7/8/2022 13:35:46,7/8/2022 13:37:46,120,6868.56,4244.1,8,318
CRC_W_45,WeS45,7/8/2022,1:38 PM,7/8/2022 13:38:47,7/8/2022 13:40:47,120,6868.56,4244.1,8,318
CRC_W_44,WeS44,7/8/2022,1:45 PM,7/8/2022 13:45:28,7/8/2022 13:47:28,120,7186.56,4244.1,9,318
CRC_W_44,WeS44,7/8/2022,1:48 PM,7/8/2022 13:48:28,7/8/2022 13:50:28,120,7186.56,4244.1,9,318
CRC_TR_33,TrS33,7/8/2022,1:58 PM,7/8/2022 13:58:20,7/8/2022 14:00:20,120,7027.56,4244.1,8.5,318
CRC_TR_33,TrS33,7/8/2022,2:01 PM,7/8/2022 14:01:20,7/8/2022 14:03:20,120,7027.56,4244.1,8.5,318
CRC_TR_34,TrS34,7/8/2022,2:05 PM,7/8/2022 14:05:59,7/8/2022 14:07:59,120,7186.56,4244.1,9,318
CRC_TR_34,TrS34,7/8/2022,2:08 PM,7/8/2022 14:08:59,7/8/2022 14:10:59,120,7186.56,4244.1,9,318
CRC_TR_35,TrS35,7/8/2022,2:12 PM,7/8/2022 14:12:21,7/8/2022 14:12:46,25,6868.56,4244.1,8,318
CRC_TR_35,TrS35,7/8/2022,2:15 PM,7/8/2022 14:15:21,7/8/2022 14:17:21,120,6868.56,4244.1,8,318
CRC_TR_36,TrS36,7/8/2022,2:18 PM,7/8/2022 14:18:59,7/8/2022 14:20:59,120,6550.56,4244.1,7,318
CRC_TR_36,TrS36,7/8/2022,2:22 PM,7/8/2022 14:22:00,7/8/2022 14:24:00,120,6550.56,4244.1,7,318
CRC_TR_37,TrS37,7/8/2022,2:25 PM,7/8/2022 14:25:48,7/8/2022 14:27:47,119,7027.56,4244.1,8.5,318
CRC_TR_37,TrS37,7/8/2022,2:28 PM,7/8/2022 14:28:48,7/8/2022 14:30:48,120,7027.56,4244.1,8.5,318
CRC_W_41,We41,7/12/2022,10:38 AM,7/12/2022 10:38:13,7/12/2022 10:40:12,119,5914.56,4244.1,5,318
CRC_W_41,We41,7/12/2022,10:41 AM,7/12/2022 10:41:13,7/12/2022 10:43:12,119,5914.56,4244.1,5,318
CRC_TR_45_B,Tr45b,7/12/2022,10:49 AM,7/12/2022 10:49:57,7/12/2022 10:51:56,119,6868.56,4244.1,8,318
CRC_TR_45_B,Tr45b,7/12/2022,10:52 AM,7/12/2022 10:52:57,7/12/2022 10:53:22,25,6868.56,4244.1,8,318
CRC_TR_45_D,Tr45d,7/12/2022,10:56 AM,7/12/2022 10:56:21,7/12/2022 10:58:20,119,6868.56,4244.1,8,318
CRC_TR_45_D,Tr45d,7/12/2022,10:59 AM,7/12/2022 10:59:21,7/12/2022 10:59:46,25,6868.56,4244.1,8,318
CRC_W_43,We43,7/12/2022,11:09 AM,7/12/2022 11:09:41,7/12/2022 11:11:40,119,7027.56,4244.1,8.5,318
CRC_W_43,We43,7/12/2022,11:12 AM,7/12/2022 11:12:41,7/12/2022 11:14:41,120,7027.56,4244.1,8.5,318
CRC_TR_34,Tr34,7/12/2022,11:22 AM,7/12/2022 11:22:23,7/12/2022 11:24:23,120,7584.06,4244.1,10.25,318
CRC_TR_34,Tr34,7/12/2022,11:25 AM,7/12/2022 11:25:24,7/12/2022 11:27:23,119,7584.06,4244.1,10.25,318
CRC_W_45,We45,7/12/2022,11:31 AM,7/12/2022 11:31:34,7/12/2022 11:33:34,120,8140.56,4244.1,12,318
CRC_W_45,We45,7/12/2022,11:34 AM,7/12/2022 11:34:34,7/12/2022 11:36:34,120,8140.56,4244.1,12,318
CRC_TR_36,Tr36,7/12/2022,11:41 AM,7/12/2022 11:41:20,7/12/2022 11:43:19,119,7186.56,4244.1,9,318
CRC_TR_36,Tr36,7/12/2022,11:44 AM,7/12/2022 11:44:20,7/12/2022 11:46:19,119,7186.56,4244.1,9,318
CRC_W_47,We47,7/12/2022,11:51 AM,7/12/2022 11:51:22,7/12/2022 11:53:21,119,8140.56,4244.1,12,318
CRC_W_47,We47,7/12/2022,11:54 AM,7/12/2022 11:54:22,7/12/2022 11:56:22,120,8140.56,4244.1,12,318
CRC_TR_37,Tr37,7/12/2022,12:00 PM,7/12/2022 12:00:11,7/12/2022 12:02:10,119,6868.56,4244.1,8,318
CRC_TR_37,Tr37,7/12/2022,12:03 PM,7/12/2022 12:03:11,7/12/2022 12:05:10,119,6868.56,4244.1,8,318
CRC_W_43,We43First,7/12/2022,12:11 PM,7/12/2022 12:11:54,7/12/2022 12:13:53,119,7186.56,4244.1,9,318
CRC_W_43,We43First,7/12/2022,12:14 PM,7/12/2022 12:14:55,7/12/2022 12:16:54,119,7186.56,4244.1,9,318
CRC_TR_40,TrS40,7/12/2022,12:20 PM,7/12/2022 12:20:55,7/12/2022 12:22:54,119,7345.56,4244.1,9.5,318
CRC_TR_40,TrS40,7/12/2022,12:23 PM,7/12/2022 12:23:55,7/12/2022 12:25:54,119,7345.56,4244.1,9.5,318
CRC_UP_32_B,UpS32b,7/12/2022,12:57 PM,7/12/2022 12:57:04,7/12/2022 12:59:04,120,6645.96,4244.1,7.3,318
CRC_UP_32_B,UpS32b,7/12/2022,1:00 PM,7/12/2022 13:00:05,7/12/2022 13:02:04,119,6645.96,4244.1,7.3,318
CRC_UP_27,UpS27,7/12/2022,1:05 PM,7/12/2022 13:05:21,7/12/2022 13:07:21,120,6486.96,4244.1,6.8,318
CRC_UP_27,UpS27,7/12/2022,1:08 PM,7/12/2022 13:08:21,7/12/2022 13:10:21,120,6486.96,4244.1,6.8,318
CRC_UP_29_B,UpS29b,7/12/2022,1:14 PM,7/12/2022 13:14:16,7/12/2022 13:16:15,119,6582.36,4244.1,7.1,318
CRC_UP_29_B,UpS29b,7/12/2022,1:17 PM,7/12/2022 13:17:16,7/12/2022 13:19:16,120,6582.36,4244.1,7.1,318
CRC_UP_30,UpS30,7/12/2022,1:21 PM,7/12/2022 13:21:52,7/12/2022 13:23:52,120,6709.56,4244.1,7.5,318
CRC_UP_30,UpS30,7/12/2022,1:24 PM,7/12/2022 13:24:53,7/12/2022 13:26:52,119,6709.56,4244.1,7.5,318
CRC_UP_25,UpS25,7/12/2022,1:29 PM,7/12/2022 13:29:47,7/12/2022 13:31:47,120,6598.26,4244.1,7.15,318
CRC_UP_25,UpS25,7/12/2022,1:32 PM,7/12/2022 13:32:48,7/12/2022 13:34:47,119,6598.26,4244.1,7.15,318
CRC_TR_33,TrS33,7/20/2022,9:58 AM,7/20/2022 9:58:21,7/20/2022 9:59:21,60,5914.56,4244.1,5,318
CRC_TR_33,TrS33,7/20/2022,10:00 AM,7/20/2022 10:00:21,7/20/2022 10:01:21,60,5914.56,4244.1,5,318
CRC_TR_36,TrS36,7/20/2022,10:03 AM,7/20/2022 10:03:47,7/20/2022 10:04:46,59,5914.56,4244.1,5,318
CRC_TR_36,TrS36,7/20/2022,10:05 AM,7/20/2022 10:05:47,7/20/2022 10:06:47,60,5914.56,4244.1,5,318
CRC_TR_37,TrS37,7/20/2022,10:16 AM,7/20/2022 10:16:04,7/20/2022 10:17:03,59,5914.56,4244.1,5,318
CRC_TR_37,TrS37,7/20/2022,10:18 AM,7/20/2022 10:18:04,7/20/2022 10:19:04,60,5914.56,4244.1,5,318
CRC_TR_39,TrS39,7/20/2022,10:29 AM,7/20/2022 10:29:34,7/20/2022 10:30:34,60,5914.56,4244.1,5,318
CRC_TR_39,TrS39,7/20/2022,10:31 AM,7/20/2022 10:31:35,7/20/2022 10:32:35,60,5914.56,4244.1,5,318
CRC_TR_40,TrS40,7/20/2022,10:34 AM,7/20/2022 10:34:48,7/20/2022 10:35:47,59,5914.56,4244.1,5,318
CRC_TR_40,TrS40,7/20/2022,10:36 AM,7/20/2022 10:36:48,7/20/2022 10:37:48,60,5914.56,4244.1,5,318
CRC_W_45,WetS45,7/20/2022,11:06 AM,7/20/2022 11:06:35,7/20/2022 11:07:35,60,5914.56,4244.1,5,318
CRC_W_45,WetS45,7/20/2022,11:08 AM,7/20/2022 11:08:35,7/20/2022 11:09:35,60,5914.56,4244.1,5,318
CRC_W_46,WetS46,7/20/2022,11:12 AM,7/20/2022 11:12:50,7/20/2022 11:13:50,60,5914.56,4244.1,5,318
CRC_W_46,WetS46,7/20/2022,11:14 AM,7/20/2022 11:14:50,7/20/2022 11:15:50,60,5914.56,4244.1,5,318
CRC_W_46_B,WetS46b,7/20/2022,11:19 AM,7/20/2022 11:19:03,7/20/2022 11:20:03,60,5914.56,4244.1,5,318
CRC_W_46_B,WetS46b,7/20/2022,11:21 AM,7/20/2022 11:21:04,7/20/2022 11:22:03,59,5914.56,4244.1,5,318
CRC_W_48,WetS48,7/20/2022,11:23 AM,7/20/2022 11:23:53,7/20/2022 11:24:53,60,5914.56,4244.1,5,318
CRC_W_48,WetS48,7/20/2022,11:25 AM,7/20/2022 11:25:54,7/20/2022 11:26:54,60,5914.56,4244.1,5,318
CRC_W_42,WetS42,7/20/2022,11:29 AM,7/20/2022 11:29:29,7/20/2022 11:30:29,60,5914.56,4244.1,5,318
CRC_W_42,WetS42,7/20/2022,11:31 AM,7/20/2022 11:31:30,7/20/2022 11:32:30,60,5914.56,4244.1,5,318
CRC_W_41,WetS41,7/20/2022,11:34 AM,7/20/2022 11:34:58,7/20/2022 11:35:58,60,5914.56,4244.1,5,318
CRC_W_41,WetS41,7/20/2022,11:36 AM,7/20/2022 11:36:59,7/20/2022 11:37:59,60,5914.56,4244.1,5,318
CRC_W_43,WetS43,7/20/2022,11:47 AM,7/20/2022 11:47:14,7/20/2022 11:48:14,60,5914.56,4244.1,5,318
CRC_W_43,WetS43,7/20/2022,11:49 AM,7/20/2022 11:49:14,7/20/2022 11:50:14,60,5914.56,4244.1,5,318
CRC_UP_31,UpS31,7/20/2022,1:00 PM,7/20/2022 13:00:45,7/20/2022 13:01:45,60,5914.56,4244.1,5,318
CRC_UP_31,UpS31,7/20/2022,1:02 PM,7/20/2022 13:02:45,7/20/2022 13:03:45,60,5914.56,4244.1,5,318
CRC_UP_26,UpS26,7/20/2022,1:12 PM,7/20/2022 13:12:30,7/20/2022 13:13:30,60,5914.56,4244.1,5,318
CRC_UP_26,UpS26,7/20/2022,1:14 PM,7/20/2022 13:14:30,7/20/2022 13:15:30,60,5914.56,4244.1,5,318
CRC_UP_29,UpS29,7/20/2022,1:17 PM,7/20/2022 13:17:17,7/20/2022 13:18:17,60,5914.56,4244.1,5,318
CRC_UP_29,UpS29,7/20/2022,1:19 PM,7/20/2022 13:19:17,7/20/2022 13:20:17,60,5914.56,4244.1,5,318
CRC_UP_32,UpS32,7/20/2022,1:22 PM,7/20/2022 13:22:04,7/20/2022 13:23:03,59,5914.56,4244.1,5,318
CRC_UP_32,UpS32,7/20/2022,1:24 PM,7/20/2022 13:24:04,7/20/2022 13:25:04,60,5914.56,4244.1,5,318
CRC_UP_28,UpS28,7/20/2022,1:27 PM,7/20/2022 13:27:06,7/20/2022 13:28:06,60,5914.56,4244.1,5,318
CRC_UP_28,UpS28,7/20/2022,1:29 PM,7/20/2022 13:29:07,7/20/2022 13:30:07,60,5914.56,4244.1,5,318
CRC_W_43,WetS43,8/16/2022,7:04 AM,8/16/2022 7:04:51,8/16/2022 7:05:50,59,5914.56,4244.1,5,318
CRC_W_43,WetS43,8/16/2022,7:06 AM,8/16/2022 7:06:51,8/16/2022 7:07:51,60,5914.56,4244.1,5,318
CRC_W_42,WetS42,8/16/2022,7:10 AM,8/16/2022 7:10:47,8/16/2022 7:11:47,60,5914.56,4244.1,5,318
CRC_W_42,WetS42,8/16/2022,7:12 AM,8/16/2022 7:12:48,8/16/2022 7:13:47,59,5914.56,4244.1,5,318
CRC_W_41,WetS41,8/16/2022,7:19 AM,8/16/2022 7:19:14,8/16/2022 7:20:14,60,5914.56,4244.1,5,318
CRC_W_41,WetS41,8/16/2022,7:21 AM,8/16/2022 7:21:15,8/16/2022 7:22:14,59,5914.56,4244.1,5,318
CRC_W_46,WetS46,8/16/2022,7:25 AM,8/16/2022 7:25:17,8/16/2022 7:26:16,59,5914.56,4244.1,5,318
CRC_W_46,WetS46,8/16/2022,7:27 AM,8/16/2022 7:27:18,8/16/2022 7:28:17,59,5914.56,4244.1,5,318
CRC_W_47,WetS47,8/16/2022,7:32 AM,8/16/2022 7:32:29,8/16/2022 7:33:28,59,5914.56,4244.1,5,318
CRC_W_47,WetS47,8/16/2022,7:34 AM,8/16/2022 7:34:29,8/16/2022 7:35:29,60,5914.56,4244.1,5,318
CRC_TR_35,TrS35,8/16/2022,7:47 AM,8/16/2022 7:47:39,8/16/2022 7:48:38,59,5914.56,4244.1,5,318
CRC_TR_35,TrS35,8/16/2022,7:49 AM,8/16/2022 7:49:39,8/16/2022 7:50:39,60,5914.56,4244.1,5,318
CRC_TR_36,TrS36,8/16/2022,7:51 AM,8/16/2022 7:51:53,8/16/2022 7:52:52,59,5914.56,4244.1,5,318
CRC_TR_36,TrS36,8/16/2022,7:53 AM,8/16/2022 7:53:53,8/16/2022 7:54:53,60,5914.56,4244.1,5,318
CRC_TR_38,TrS38,8/16/2022,7:56 AM,8/16/2022 7:56:51,8/16/2022 7:57:51,60,5914.56,4244.1,5,318
CRC_TR_38,TrS38,8/16/2022,7:58 AM,8/16/2022 7:58:51,8/16/2022 7:59:51,60,5914.56,4244.1,5,318
CRC_TR_39,TrS39,8/16/2022,8:00 AM,8/16/2022 8:00:59,8/16/2022 8:01:59,60,5914.56,4244.1,5,318
CRC_TR_39,TrS39,8/16/2022,8:02 AM,8/16/2022 8:02:59,8/16/2022 8:03:59,60,5914.56,4244.1,5,318
CRC_TR_40,TrS40,8/16/2022,8:05 AM,8/16/2022 8:05:10,8/16/2022 8:06:10,60,5914.56,4244.1,5,318
CRC_TR_40,TrS40,8/16/2022,8:07 AM,8/16/2022 8:07:11,8/16/2022 8:08:10,59,5914.56,4244.1,5,318
CRC_UP_26,UpS26,8/16/2022,12:44 PM,8/16/2022 12:44:04,8/16/2022 12:45:04,60,5914.56,4244.1,5,318
CRC_UP_26,UpS26,8/16/2022,12:46 PM,8/16/2022 12:46:04,8/16/2022 12:47:04,60,5914.56,4244.1,5,318
CRC_UP_31,UpS31,8/16/2022,12:49 PM,8/16/2022 12:49:03,8/16/2022 12:50:03,60,5914.56,4244.1,5,318
CRC_UP_31,UpS31,8/16/2022,12:51 PM,8/16/2022 12:51:04,8/16/2022 12:52:04,60,5914.56,4244.1,5,318
CRC_UP_28,UpS28,8/16/2022,12:54 PM,8/16/2022 12:54:41,8/16/2022 12:55:40,59,5914.56,4244.1,5,318
CRC_UP_28,UpS28,8/16/2022,12:56 PM,8/16/2022 12:56:41,8/16/2022 12:57:41,60,5914.56,4244.1,5,318
CRC_UP_29,UpS29,8/16/2022,12:59 PM,8/16/2022 12:59:57,8/16/2022 13:00:57,60,5914.56,4244.1,5,318
CRC_UP_29,UpS29,8/16/2022,1:01 PM,8/16/2022 13:01:57,8/16/2022 13:02:57,60,5914.56,4244.1,5,318
CRC_UP_32,UpS32,8/16/2022,1:08 PM,8/16/2022 13:08:57,8/16/2022 13:09:57,60,5914.56,4244.1,5,318
CRC_UP_32,UpS32,8/16/2022,1:10 PM,8/16/2022 13:10:58,8/16/2022 13:11:58,60,5914.56,4244.1,5,318
CRC_W_41,WetS41,9/16/2022,11:04 AM,9/16/2022 11:04:03,9/16/2022 11:05:02,59,5914.56,4244.1,5,318
CRC_W_41,WetS41,9/16/2022,11:06 AM,9/16/2022 11:06:03,9/16/2022 11:07:03,60,5914.56,4244.1,5,318
CRC_W_41_C,WetS41c,9/16/2022,11:10 AM,9/16/2022 11:10:33,9/16/2022 11:11:32,59,5914.56,4244.1,5,318
CRC_W_41_C,WetS41c,9/16/2022,11:12 AM,9/16/2022 11:12:33,9/16/2022 11:12:58,25,5914.56,4244.1,5,318
CRC_W_42,WetS42,9/16/2022,11:16 AM,9/16/2022 11:16:14,9/16/2022 11:17:14,60,5914.56,4244.1,5,318
CRC_W_42,WetS42,9/16/2022,11:18 AM,9/16/2022 11:18:14,9/16/2022 11:19:14,60,5914.56,4244.1,5,318
CRC_W_43,WetS43,9/16/2022,11:22 AM,9/16/2022 11:22:56,9/16/2022 11:23:56,60,5914.56,4244.1,5,318
CRC_W_43,WetS43,9/16/2022,11:24 AM,9/16/2022 11:24:57,9/16/2022 11:25:56,59,5914.56,4244.1,5,318
CRC_TR_38_B,TraS38b,9/16/2022,11:59 AM,9/16/2022 11:59:50,9/16/2022 12:00:50,60,5914.56,4244.1,5,318
CRC_TR_38_B,TraS38b,9/16/2022,12:01 PM,9/16/2022 12:01:50,9/16/2022 12:02:50,60,5914.56,4244.1,5,318
CRC_TR_37,TraS37,9/16/2022,12:04 PM,9/16/2022 12:04:47,9/16/2022 12:05:47,60,5914.56,4244.1,5,318
CRC_TR_37,TraS37,9/16/2022,12:06 PM,9/16/2022 12:06:48,9/16/2022 12:07:47,59,5914.56,4244.1,5,318
CRC_TR_36_D,TraS36d,9/16/2022,12:09 PM,9/16/2022 12:09:46,9/16/2022 12:10:45,59,5914.56,4244.1,5,318
CRC_TR_36_D,TraS36d,9/16/2022,12:11 PM,9/16/2022 12:11:46,9/16/2022 12:12:46,60,5914.56,4244.1,5,318
CRC_TR_40_B,TraS40b,9/16/2022,12:19 PM,9/16/2022 12:19:12,9/16/2022 12:20:11,59,5914.56,4244.1,5,318
CRC_TR_40_B,TraS40b,9/16/2022,12:21 PM,9/16/2022 12:21:12,9/16/2022 12:22:11,59,5914.56,4244.1,5,318
CRC_TR_34_D,TraS34d,9/16/2022,12:24 PM,9/16/2022 12:24:06,9/16/2022 12:25:06,60,5914.56,4244.1,5,318
CRC_TR_34_D,TraS34d,9/16/2022,12:26 PM,9/16/2022 12:26:06,9/16/2022 12:27:06,60,5914.56,4244.1,5,318
CRC_W_48_B,WetS48b,9/16/2022,2:02 PM,9/16/2022 14:02:13,9/16/2022 14:03:13,60,5914.56,4244.1,5,318
CRC_W_48_B,WetS48b,9/16/2022,2:04 PM,9/16/2022 14:04:13,9/16/2022 14:05:13,60,5914.56,4244.1,5,318
CRC_W_46,WetS46,9/16/2022,2:09 PM,9/16/2022 14:09:18,9/16/2022 14:10:17,59,5914.56,4244.1,5,318
CRC_W_46,WetS46,9/16/2022,2:11 PM,9/16/2022 14:11:18,9/16/2022 14:12:17,59,5914.56,4244.1,5,318
CRC_UP_25_B,Up25b,9/16/2022,2:57 PM,9/16/2022 14:57:45,9/16/2022 14:57:45,0,5914.56,4244.1,5,318
CRC_UP_25_C,Up25c,9/16/2022,2:59 PM,9/16/2022 14:59:30,9/16/2022 15:00:29,59,5914.56,4244.1,5,318
CRC_UP_25_C,Up25c,9/16/2022,3:01 PM,9/16/2022 15:01:29,9/16/2022 15:02:28,59,5914.56,4244.1,5,318
CRC_UP_27,Up27,9/16/2022,3:06 PM,9/16/2022 15:06:05,9/16/2022 15:07:05,60,5914.56,4244.1,5,318
CRC_UP_27_B,Up27b,9/16/2022,3:07 PM,9/16/2022 15:07:58,9/16/2022 15:08:58,60,5914.56,4244.1,5,318
CRC_UP_27_B,Up27b,9/16/2022,3:09 PM,9/16/2022 15:09:58,9/16/2022 15:10:58,60,5914.56,4244.1,5,318
CRC_UP_29,Up29,9/16/2022,3:14 PM,9/16/2022 15:14:13,9/16/2022 15:15:13,60,5914.56,4244.1,5,318
CRC_UP_29,Up29,9/16/2022,3:16 PM,9/16/2022 15:16:14,9/16/2022 15:17:13,59,5914.56,4244.1,5,318
CRC_UP_30,Up30,9/16/2022,3:20 PM,9/16/2022 15:20:07,9/16/2022 15:21:06,59,5914.56,4244.1,5,318
CRC_UP_30,Up30,9/16/2022,3:22 PM,9/16/2022 15:22:07,9/16/2022 15:23:07,60,5914.56,4244.1,5,318
CRC_UP_26,Up26,9/16/2022,3:27 PM,9/16/2022 15:27:36,9/16/2022 15:28:35,59,5914.56,4244.1,5,318
CRC_UP_26,Up26,9/16/2022,3:29 PM,9/16/2022 15:29:36,9/16/2022 15:30:35,59,5914.56,4244.1,5,318
CRC_W_41,WetS41,10/14/2022,8:52 AM,10/14/2022 8:52:58,10/14/2022 8:53:03,5,5914.56,4244.1,5,318
CRC_W_41,WetS41,10/14/2022,8:54 AM,10/14/2022 8:54:24,10/14/2022 8:55:23,59,5914.56,4244.1,5,318
CRC_W_42,WetS42,10/14/2022,8:58 AM,10/14/2022 8:58:02,10/14/2022 8:59:01,59,5914.56,4244.1,5,318
CRC_W_42,WetS42,10/14/2022,8:59 AM,10/14/2022 8:59:27,10/14/2022 9:00:26,59,5914.56,4244.1,5,318
CRC_W_43,WetS43,10/14/2022,9:02 AM,10/14/2022 9:02:21,10/14/2022 9:03:20,59,5914.56,4244.1,5,318
CRC_W_43,WetS43,10/14/2022,9:03 AM,10/14/2022 9:03:46,10/14/2022 9:04:46,60,5914.56,4244.1,5,318
CRC_W_48,WetS48,10/14/2022,9:08 AM,10/14/2022 9:08:22,10/14/2022 9:09:21,59,5914.56,4244.1,5,318
CRC_W_48,WetS48,10/14/2022,9:09 AM,10/14/2022 9:09:47,10/14/2022 9:10:47,60,5914.56,4244.1,5,318
CRC_W_46,WetS46,10/14/2022,9:12 AM,10/14/2022 9:12:36,10/14/2022 9:13:35,59,5914.56,4244.1,5,318
CRC_W_46,WetS46,10/14/2022,9:14 AM,10/14/2022 9:14:01,10/14/2022 9:15:01,60,5914.56,4244.1,5,318
CRC_TR_34,TrS34,10/14/2022,9:18 AM,10/14/2022 9:18:08,10/14/2022 9:19:07,59,5914.56,4244.1,5,318
CRC_TR_34,TrS34,10/14/2022,9:19 AM,10/14/2022 9:19:33,10/14/2022 9:20:32,59,5914.56,4244.1,5,318
CRC_TR_36,TrS36,10/14/2022,9:22 AM,10/14/2022 9:22:35,10/14/2022 9:23:34,59,5914.56,4244.1,5,318
CRC_TR_36,TrS36,10/14/2022,9:24 AM,10/14/2022 9:24:00,10/14/2022 9:24:05,5,5914.56,4244.1,5,318
CRC_TR_37,TrS37,10/14/2022,9:26 AM,10/14/2022 9:26:38,10/14/2022 9:27:37,59,5914.56,4244.1,5,318
CRC_TR_37,TrS37,10/14/2022,9:28 AM,10/14/2022 9:28:03,10/14/2022 9:29:03,60,5914.56,4244.1,5,318
CRC_TR_38,TrS38,10/14/2022,9:30 AM,10/14/2022 9:30:41,10/14/2022 9:31:40,59,5914.56,4244.1,5,318
CRC_TR_38,TrS38,10/14/2022,9:32 AM,10/14/2022 9:32:06,10/14/2022 9:33:05,59,5914.56,4244.1,5,318
CRC_TR_40,TrS40,10/14/2022,9:34 AM,10/14/2022 9:34:46,10/14/2022 9:35:45,59,5914.56,4244.1,5,318
CRC_TR_40,TrS40,10/14/2022,9:36 AM,10/14/2022 9:36:11,10/14/2022 9:37:10,59,5914.56,4244.1,5,318
CRC_UP_25,UpS25,10/14/2022,12:21 PM,10/14/2022 12:21:34,10/14/2022 12:22:34,60,5914.56,4244.1,5,318
CRC_UP_25,UpS25,10/14/2022,12:23 PM,10/14/2022 12:23:00,10/14/2022 12:23:59,59,5914.56,4244.1,5,318
CRC_UP_26,UpS26,10/14/2022,12:26 PM,10/14/2022 12:26:06,10/14/2022 12:27:06,60,5914.56,4244.1,5,318
CRC_UP_26,UpS26,10/14/2022,12:27 PM,10/14/2022 12:27:31,10/14/2022 12:28:31,60,5914.56,4244.1,5,318
CRC_UP_27,UpS27,10/14/2022,12:32 PM,10/14/2022 12:32:31,10/14/2022 12:33:31,60,5914.56,4244.1,5,318
CRC_UP_27,UpS27,10/14/2022,12:33 PM,10/14/2022 12:33:56,10/14/2022 12:34:56,60,5914.56,4244.1,5,318
CRC_UP_29,UpS29,10/14/2022,12:36 PM,10/14/2022 12:36:48,10/14/2022 12:37:48,60,5914.56,4244.1,5,318
CRC_UP_29,UpS29,10/14/2022,12:38 PM,10/14/2022 12:38:14,10/14/2022 12:39:14,60,5914.56,4244.1,5,318
CRC_UP_30,UpS30,10/14/2022,12:40 PM,10/14/2022 12:40:30,10/14/2022 12:41:30,60,5914.56,4244.1,5,318
CRC_UP_30,UpS30,10/14/2022,12:41 PM,10/14/2022 12:41:55,10/14/2022 12:42:55,60,5914.56,4244.1,5,318
CRC_UP_25,UpS25,11/7/2022,10:12 AM,11/7/2022 10:12:06,11/7/2022 10:13:06,60,5914.56,4244.1,5,318
CRC_UP_25,UpS25,11/7/2022,10:13 AM,11/7/2022 10:13:31,11/7/2022 10:14:31,60,5914.56,4244.1,5,318
CRC_UP_31,UpS31,11/7/2022,11:03 AM,11/7/2022 11:03:01,11/7/2022 11:04:01,60,5914.56,4244.1,5,318
CRC_UP_31,UpS31,11/7/2022,11:04 AM,11/7/2022 11:04:27,11/7/2022 11:04:32,5,5914.56,4244.1,5,318
CRC_UP_26,UpS26,11/7/2022,11:07 AM,11/7/2022 11:07:20,11/7/2022 11:08:20,60,5914.56,4244.1,5,318
CRC_UP_26,UpS26,11/7/2022,11:08 AM,11/7/2022 11:08:45,11/7/2022 11:09:45,60,5914.56,4244.1,5,318
CRC_UP_32,UpS32,11/7/2022,11:11 AM,11/7/2022 11:11:39,11/7/2022 11:12:38,59,5914.56,4244.1,5,318
CRC_UP_32,UpS32,11/7/2022,11:13 AM,11/7/2022 11:13:04,11/7/2022 11:14:03,59,5914.56,4244.1,5,318
CRC_UP_29,UpS29,11/7/2022,11:15 AM,11/7/2022 11:15:54,11/7/2022 11:16:54,60,5914.56,4244.1,5,318
CRC_UP_29,UpS29,11/7/2022,11:17 AM,11/7/2022 11:17:19,11/7/2022 11:18:19,60,5914.56,4244.1,5,318
CRC_UP_28,UpS28,11/7/2022,11:19 AM,11/7/2022 11:19:48,11/7/2022 11:20:47,59,5914.56,4244.1,5,318
CRC_UP_28,UpS28,11/7/2022,11:21 AM,11/7/2022 11:21:13,11/7/2022 11:22:13,60,5914.56,4244.1,5,318
CRC_UP_30,UpS30,11/7/2022,11:23 AM,11/7/2022 11:23:38,11/7/2022 11:24:37,59,5914.56,4244.1,5,318
CRC_UP_30,UpS30,11/7/2022,11:25 AM,11/7/2022 11:25:03,11/7/2022 11:26:03,60,5914.56,4244.1,5,318
CRC_UP_27,UpS27,11/7/2022,11:31 AM,11/7/2022 11:31:39,11/7/2022 11:32:37,58,5914.56,4244.1,5,318
CRC_UP_27,UpS27,11/7/2022,11:33 AM,11/7/2022 11:33:04,11/7/2022 11:34:04,60,5914.56,4244.1,5,318
CRC_TR_33,TrS33,11/7/2022,12:17 PM,11/7/2022 12:17:00,11/7/2022 12:17:00,0,5914.56,4244.1,5,318
CRC_TR_33_P,TrS33p,11/7/2022,12:36 PM,11/7/2022 12:36:35,11/7/2022 12:37:34,59,5914.56,4244.1,5,318
CRC_TR_33_P,TrS33p,11/7/2022,12:38 PM,11/7/2022 12:38:00,11/7/2022 12:38:59,59,5914.56,4244.1,5,318
CRC_TR_34,TrS34,11/7/2022,12:40 PM,11/7/2022 12:40:48,11/7/2022 12:41:47,59,5914.56,4244.1,5,318
CRC_TR_34,TrS34,11/7/2022,12:42 PM,11/7/2022 12:42:13,11/7/2022 12:43:12,59,5914.56,4244.1,5,318
CRC_TR_35,TrS35,11/7/2022,12:44 PM,11/7/2022 12:44:31,11/7/2022 12:45:30,59,5914.56,4244.1,5,318
CRC_TR_35,TrS35,11/7/2022,12:45 PM,11/7/2022 12:45:56,11/7/2022 12:46:55,59,5914.56,4244.1,5,318
CRC_TR_36,TrS36,11/7/2022,12:48 PM,11/7/2022 12:48:51,11/7/2022 12:49:50,59,5914.56,4244.1,5,318
CRC_TR_36,TrS36,11/7/2022,12:50 PM,11/7/2022 12:50:16,11/7/2022 12:51:15,59,5914.56,4244.1,5,318
CRC_TR_37,TrS37,11/7/2022,12:52 PM,11/7/2022 12:52:38,11/7/2022 12:53:37,59,5914.56,4244.1,5,318
CRC_TR_37,TrS37,11/7/2022,12:54 PM,11/7/2022 12:54:03,11/7/2022 12:54:08,5,5914.56,4244.1,5,318
CRC_TR_38,TrS38,11/7/2022,12:56 PM,11/7/2022 12:56:50,11/7/2022 12:57:49,59,5914.56,4244.1,5,318
CRC_TR_38,TrS38,11/7/2022,12:58 PM,11/7/2022 12:58:15,11/7/2022 12:59:14,59,5914.56,4244.1,5,318
CRC_TR_39,TrS39,11/7/2022,1:16 PM,11/7/2022 13:16:48,11/7/2022 13:17:47,59,5914.56,4244.1,5,318
CRC_TR_39,TrS39,11/7/2022,1:18 PM,11/7/2022 13:18:13,11/7/2022 13:19:12,59,5914.56,4244.1,5,318
CRC_TR_40,TrS40,11/7/2022,1:21 PM,11/7/2022 13:21:13,11/7/2022 13:22:12,59,5914.56,4244.1,5,318
CRC_TR_40,TrS40,11/7/2022,1:22 PM,11/7/2022 13:22:37,11/7/2022 13:23:36,59,5914.56,4244.1,5,318
CRC_W_44,WetS44,11/7/2022,1:32 PM,11/7/2022 13:32:12,11/7/2022 13:33:11,59,5914.56,4244.1,5,318
CRC_W_44,WetS44,11/7/2022,1:33 PM,11/7/2022 13:33:37,11/7/2022 13:34:36,59,5914.56,4244.1,5,318
CRC_W_43,WetS43,11/7/2022,1:36 PM,11/7/2022 13:36:04,11/7/2022 13:37:03,59,5914.56,4244.1,5,318
CRC_W_43,WetS43,11/7/2022,1:37 PM,11/7/2022 13:37:29,11/7/2022 13:38:28,59,5914.56,4244.1,5,318
CRC_W_42,WetS42,11/7/2022,1:39 PM,11/7/2022 13:39:57,11/7/2022 13:40:56,59,5914.56,4244.1,5,318
CRC_W_42,WetS42,11/7/2022,1:41 PM,11/7/2022 13:41:21,11/7/2022 13:42:20,59,5914.56,4244.1,5,318
CRC_W_45,WetS45,11/7/2022,2:04 PM,11/7/2022 14:04:50,11/7/2022 14:05:50,60,5914.56,4244.1,5,318
CRC_W_45,WetS45,11/7/2022,2:06 PM,11/7/2022 14:06:13,11/7/2022 14:07:12,59,5914.56,4244.1,5,318
CRC_W_46,WetS46,11/7/2022,2:11 PM,11/7/2022 14:11:45,11/7/2022 14:12:44,59,5914.56,4244.1,5,318
CRC_W_46,WetS46,11/7/2022,2:13 PM,11/7/2022 14:13:10,11/7/2022 14:13:15,5,5914.56,4244.1,5,318
CRC_W_48,WetS48,11/7/2022,2:21 PM,11/7/2022 14:21:24,11/7/2022 14:22:23,59,5914.56,4244.1,5,318
CRC_W_48,WetS48,11/7/2022,2:22 PM,11/7/2022 14:22:49,11/7/2022 14:23:48,59,5914.56,4244.1,5,318
CRC_W_47,WetS47,11/7/2022,2:25 PM,11/7/2022 14:25:05,11/7/2022 14:26:04,59,5914.56,4244.1,5,318
CRC_W_47,WetS47,11/7/2022,2:26 PM,11/7/2022 14:26:30,11/7/2022 14:27:29,59,5914.56,4244.1,5,318
CRC_W_41,WetS41,11/7/2022,2:30 PM,11/7/2022 14:30:22,11/7/2022 14:31:21,59,5914.56,4244.1,5,318
CRC_W_41,WetS41,11/7/2022,2:31 PM,11/7/2022 14:31:47,11/7/2022 14:32:46,59,5914.56,4244.1,5,318
OWC_UP_49,UpS49,7/14/2022,12:10 PM,7/14/2022 12:10:47,7/14/2022 12:12:46,119,6709.56,4244.1,7.5,318
OWC_UP_49,UpS49,7/14/2022,12:13 PM,7/14/2022 12:13:48,7/14/2022 12:15:47,119,6709.56,4244.1,7.5,318
OWC_TR_58,TrS58,7/14/2022,12:27 PM,7/14/2022 12:27:33,7/14/2022 12:29:33,120,7027.56,4244.1,8.5,318
OWC_TR_58,TrS58,7/14/2022,12:30 PM,7/14/2022 12:30:34,7/14/2022 12:32:33,119,7027.56,4244.1,8.5,318
OWC_UP_51,UpS51,7/14/2022,12:53 PM,7/14/2022 12:53:58,7/14/2022 12:55:57,119,6073.56,4244.1,5.5,318
OWC_UP_51,UpS51,7/14/2022,12:56 PM,7/14/2022 12:56:59,7/14/2022 12:58:58,119,6073.56,4244.1,5.5,318
OWC_UP_52,UpS52,7/14/2022,1:07 PM,7/14/2022 13:07:34,7/14/2022 13:09:33,119,6550.56,4244.1,7,318
OWC_UP_52,UpS52,7/14/2022,1:10 PM,7/14/2022 13:10:34,7/14/2022 13:12:33,119,6550.56,4244.1,7,318
OWC_TR_64,TraS64,7/14/2022,1:23 PM,7/14/2022 13:23:46,7/14/2022 13:25:45,119,6550.56,4244.1,7,318
OWC_TR_64,TraS64,7/14/2022,1:26 PM,7/14/2022 13:26:46,7/14/2022 13:28:46,120,6550.56,4244.1,7,318
OWC_TR_63,TrS63,7/14/2022,1:35 PM,7/14/2022 13:35:35,7/14/2022 13:37:34,119,6709.56,4244.1,7.5,318
OWC_TR_63,TrS63,7/14/2022,1:38 PM,7/14/2022 13:38:35,7/14/2022 13:40:34,119,6709.56,4244.1,7.5,318
OWC_UP_55_B,UpS55b,7/14/2022,1:58 PM,7/14/2022 13:58:28,7/14/2022 14:00:27,119,6868.56,4244.1,8,318
OWC_UP_55_B,UpS55b,7/14/2022,2:01 PM,7/14/2022 14:01:28,7/14/2022 14:03:27,119,6868.56,4244.1,8,318
OWC_TR_60,TrS60,7/14/2022,2:21 PM,7/14/2022 14:21:32,7/14/2022 14:23:32,120,6709.56,4244.1,7.5,318
OWC_TR_60,TrS60,7/14/2022,2:24 PM,7/14/2022 14:24:32,7/14/2022 14:26:32,120,6709.56,4244.1,7.5,318
OWC_TR_61,TrS61,7/14/2022,2:30 PM,7/14/2022 14:30:58,7/14/2022 14:32:57,119,7186.56,4244.1,9,318
OWC_TR_61,TrS61,7/14/2022,2:33 PM,7/14/2022 14:33:58,7/14/2022 14:35:57,119,7186.56,4244.1,9,318
OWC_UP_56,UpS56,7/14/2022,2:41 PM,7/14/2022 14:41:01,7/14/2022 14:43:00,119,6709.56,4244.1,7.5,318
OWC_UP_56,UpS56,7/14/2022,2:44 PM,7/14/2022 14:44:01,7/14/2022 14:46:00,119,6709.56,4244.1,7.5,318
OWC_TR_58,TrS58,7/21/2022,10:40 AM,7/21/2022 10:40:03,7/21/2022 10:41:03,60,5914.56,4244.1,5,318
OWC_TR_58,TrS58,7/21/2022,10:42 AM,7/21/2022 10:42:03,7/21/2022 10:43:03,60,5914.56,4244.1,5,318
OWC_TR_60,TrS60,7/21/2022,10:46 AM,7/21/2022 10:46:13,7/21/2022 10:47:13,60,5914.56,4244.1,5,318
OWC_TR_60,TrS60,7/21/2022,10:48 AM,7/21/2022 10:48:14,7/21/2022 10:49:13,59,5914.56,4244.1,5,318
OWC_TR_61,TrS61,7/21/2022,10:52 AM,7/21/2022 10:52:02,7/21/2022 10:53:02,60,5914.56,4244.1,5,318
OWC_TR_61,TrS61,7/21/2022,10:54 AM,7/21/2022 10:54:02,7/21/2022 10:55:02,60,5914.56,4244.1,5,318
OWC_TR_62,TrS62,7/21/2022,10:56 AM,7/21/2022 10:56:55,7/21/2022 10:57:55,60,5914.56,4244.1,5,318
OWC_TR_62,TrS62,7/21/2022,10:58 AM,7/21/2022 10:58:56,7/21/2022 10:59:55,59,5914.56,4244.1,5,318
OWC_TR_59,TrS59,7/21/2022,11:03 AM,7/21/2022 11:03:28,7/21/2022 11:04:28,60,5914.56,4244.1,5,318
OWC_TR_59,TrS59,7/21/2022,11:05 AM,7/21/2022 11:05:28,7/21/2022 11:06:28,60,5914.56,4244.1,5,318
OWC_UP_49,UpS49,7/21/2022,11:19 AM,7/21/2022 11:19:24,7/21/2022 11:20:24,60,5914.56,4244.1,5,318
OWC_UP_49,UpS49,7/21/2022,11:21 AM,7/21/2022 11:21:25,7/21/2022 11:22:24,59,5914.56,4244.1,5,318
OWC_UP_49_2,UpS49_2,7/21/2022,11:26 AM,7/21/2022 11:26:06,7/21/2022 11:27:05,59,5914.56,4244.1,5,318
OWC_UP_49_2,UpS49_2,7/21/2022,11:28 AM,7/21/2022 11:28:06,7/21/2022 11:29:06,60,5914.56,4244.1,5,318
OWC_UP_53,UpS53,7/21/2022,11:30 AM,7/21/2022 11:30:43,7/21/2022 11:31:40,57,5914.56,4244.1,5,318
OWC_UP_53,UpS53,7/21/2022,11:32 AM,7/21/2022 11:32:43,7/21/2022 11:33:42,59,5914.56,4244.1,5,318
OWC_UP_51,UpS51,7/21/2022,11:38 AM,7/21/2022 11:38:00,7/21/2022 11:38:59,59,5914.56,4244.1,5,318
OWC_UP_51,UpS51,7/21/2022,11:40 AM,7/21/2022 11:40:00,7/21/2022 11:41:00,60,5914.56,4244.1,5,318
OWC_UP_50,UpS50,7/21/2022,11:44 AM,7/21/2022 11:44:37,7/21/2022 11:45:35,58,5914.56,4244.1,5,318
OWC_UP_50,UpS50,7/21/2022,11:46 AM,7/21/2022 11:46:37,7/21/2022 11:47:37,60,5914.56,4244.1,5,318
OWC_UP_52,UpS52,7/21/2022,11:51 AM,7/21/2022 11:51:07,7/21/2022 11:52:07,60,5914.56,4244.1,5,318
OWC_UP_52,UpS52,7/21/2022,11:53 AM,7/21/2022 11:53:08,7/21/2022 11:54:07,59,5914.56,4244.1,5,318
OWC_UP_55,UpS55,7/21/2022,1:06 PM,7/21/2022 13:06:15,7/21/2022 13:07:15,60,5914.56,4244.1,5,318
OWC_UP_55,UpS55,7/21/2022,1:08 PM,7/21/2022 13:08:15,7/21/2022 13:09:15,60,5914.56,4244.1,5,318
OWC_UP_55_B,UpS55b,7/21/2022,1:10 PM,7/21/2022 13:10:37,7/21/2022 13:11:37,60,5914.56,4244.1,5,318
OWC_UP_55_B,UpS55b,7/21/2022,1:12 PM,7/21/2022 13:12:38,7/21/2022 13:13:37,59,5914.56,4244.1,5,318
OWC_UP_56,UpS56,7/21/2022,1:15 PM,7/21/2022 13:15:54,7/21/2022 13:16:54,60,5914.56,4244.1,5,318
OWC_UP_56,UpS56,7/21/2022,1:17 PM,7/21/2022 13:17:55,7/21/2022 13:18:54,59,5914.56,4244.1,5,318
OWC_TR_63,TrS63,7/21/2022,1:24 PM,7/21/2022 13:24:24,7/21/2022 13:25:24,60,5914.56,4244.1,5,318
OWC_TR_63,TrS63,7/21/2022,1:26 PM,7/21/2022 13:26:25,7/21/2022 13:27:24,59,5914.56,4244.1,5,318
OWC_TR_64,TrS64,7/21/2022,1:29 PM,7/21/2022 13:29:09,7/21/2022 13:30:09,60,5914.56,4244.1,5,318
OWC_TR_64,TrS64,7/21/2022,1:31 PM,7/21/2022 13:31:10,7/21/2022 13:32:09,59,5914.56,4244.1,5,318
OWC_TR_58,TrS58,8/17/2022,9:21 AM,8/17/2022 9:21:38,8/17/2022 9:22:37,59,5914.56,4244.1,5,318
OWC_TR_58,TrS58,8/17/2022,9:23 AM,8/17/2022 9:23:38,8/17/2022 9:24:37,59,5914.56,4244.1,5,318
OWC_TR_63,TrS63,8/17/2022,9:28 AM,8/17/2022 9:28:03,8/17/2022 9:29:02,59,5914.56,4244.1,5,318
OWC_TR_63,TrS63,8/17/2022,9:30 AM,8/17/2022 9:30:04,8/17/2022 9:31:03,59,5914.56,4244.1,5,318
OWC_TR_64,TrS64,8/17/2022,9:33 AM,8/17/2022 9:33:41,8/17/2022 9:34:41,60,5914.56,4244.1,5,318
OWC_TR_64,TrS64,8/17/2022,9:35 AM,8/17/2022 9:35:42,8/17/2022 9:36:41,59,5914.56,4244.1,5,318
OWC_TR_60,TrS60,8/17/2022,9:38 AM,8/17/2022 9:38:34,8/17/2022 9:39:33,59,5914.56,4244.1,5,318
OWC_TR_60,TrS60,8/17/2022,9:40 AM,8/17/2022 9:40:34,8/17/2022 9:41:33,59,5914.56,4244.1,5,318
OWC_TR_61,TrS61,8/17/2022,9:43 AM,8/17/2022 9:43:39,8/17/2022 9:44:38,59,5914.56,4244.1,5,318
OWC_TR_61,TrS61,8/17/2022,9:45 AM,8/17/2022 9:45:39,8/17/2022 9:46:38,59,5914.56,4244.1,5,318
OWC_UP_56,UpS56,8/17/2022,9:49 AM,8/17/2022 9:49:58,8/17/2022 9:50:57,59,5914.56,4244.1,5,318
OWC_UP_56,UpS56,8/17/2022,9:51 AM,8/17/2022 9:51:58,8/17/2022 9:52:58,60,5914.56,4244.1,5,318
OWC_UP_55,UpS55,8/17/2022,9:54 AM,8/17/2022 9:54:34,8/17/2022 9:55:33,59,5914.56,4244.1,5,318
OWC_UP_55,UpS55,8/17/2022,9:56 AM,8/17/2022 9:56:29,8/17/2022 9:57:28,59,5914.56,4244.1,5,318
OWC_UP_50,UpS50,8/17/2022,9:59 AM,8/17/2022 9:59:56,8/17/2022 10:00:55,59,5914.56,4244.1,5,318
OWC_UP_50,UpS50,8/17/2022,10:01 AM,8/17/2022 10:01:56,8/17/2022 10:02:55,59,5914.56,4244.1,5,318
OWC_UP_51,UpS51,8/17/2022,10:04 AM,8/17/2022 10:04:55,8/17/2022 10:05:54,59,5914.56,4244.1,5,318
OWC_UP_51,UpS51,8/17/2022,10:06 AM,8/17/2022 10:06:55,8/17/2022 10:07:54,59,5914.56,4244.1,5,318
OWC_UP_52,UpS52,8/17/2022,10:10 AM,8/17/2022 10:10:12,8/17/2022 10:10:37,25,5914.56,4244.1,5,318
OWC_UP_52,UpS52,8/17/2022,10:12 AM,8/17/2022 10:12:13,8/17/2022 10:13:12,59,5914.56,4244.1,5,318
OWC_W_68,WetS68,8/17/2022,10:28 AM,8/17/2022 10:28:34,8/17/2022 10:28:34,0,5914.56,4244.1,5,318
OWC_W_68_B,WetS68b,8/17/2022,10:33 AM,8/17/2022 10:33:05,8/17/2022 10:33:05,0,5914.56,4244.1,5,318
OWC_W_68_C,WetS68c,8/17/2022,10:39 AM,8/17/2022 10:39:02,8/17/2022 10:40:02,60,5914.56,4244.1,5,318
OWC_W_68_C,WetS68c,8/17/2022,10:41 AM,8/17/2022 10:41:03,8/17/2022 10:42:02,59,5914.56,4244.1,5,318
OWC_W_70,WetS70,8/17/2022,10:43 AM,8/17/2022 10:43:43,8/17/2022 10:44:43,60,5914.56,4244.1,5,318
OWC_W_70,WetS70,8/17/2022,10:45 AM,8/17/2022 10:45:44,8/17/2022 10:46:41,57,5914.56,4244.1,5,318
OWC_W_66,WetS66,8/17/2022,10:48 AM,8/17/2022 10:48:31,8/17/2022 10:49:31,60,5914.56,4244.1,5,318
OWC_W_66,WetS66,8/17/2022,10:50 AM,8/17/2022 10:50:32,8/17/2022 10:51:30,58,5914.56,4244.1,5,318
OWC_W_71,WetS71,8/17/2022,10:53 AM,8/17/2022 10:53:39,8/17/2022 10:54:38,59,5914.56,4244.1,5,318
OWC_W_71,WetS71,8/17/2022,10:55 AM,8/17/2022 10:55:39,8/17/2022 10:56:38,59,5914.56,4244.1,5,318
OWC_W_72,WetS72,8/17/2022,10:58 AM,8/17/2022 10:58:04,8/17/2022 10:59:04,60,5914.56,4244.1,5,318
OWC_W_72,WetS72,8/17/2022,11:00 AM,8/17/2022 11:00:05,8/17/2022 11:01:04,59,5914.56,4244.1,5,318
OWC_TR_58,TRS58,9/30/2022,10:39 AM,9/30/2022 10:39:25,9/30/2022 10:40:24,59,5914.56,4244.1,5,318
OWC_TR_58,TRS58,9/30/2022,10:41 AM,9/30/2022 10:41:24,9/30/2022 10:42:23,59,5914.56,4244.1,5,318
OWC_TR_63,TRS63,9/30/2022,10:47 AM,9/30/2022 10:47:30,9/30/2022 10:48:29,59,5914.56,4244.1,5,318
OWC_TR_63,TRS63,9/30/2022,10:49 AM,9/30/2022 10:49:30,9/30/2022 10:50:29,59,5914.56,4244.1,5,318
OWC_TR_64,TRS64,9/30/2022,10:55 AM,9/30/2022 10:55:16,9/30/2022 10:56:15,59,5914.56,4244.1,5,318
OWC_TR_64,TRS64,9/30/2022,10:57 AM,9/30/2022 10:57:17,9/30/2022 10:58:16,59,5914.56,4244.1,5,318
OWC_TR_60,TRS60,9/30/2022,11:02 AM,9/30/2022 11:02:40,9/30/2022 11:03:39,59,5914.56,4244.1,5,318
OWC_TR_60,TRS60,9/30/2022,11:04 AM,9/30/2022 11:04:41,9/30/2022 11:05:40,59,5914.56,4244.1,5,318
OWC_TR_61,TRS61,9/30/2022,11:10 AM,9/30/2022 11:10:34,9/30/2022 11:11:33,59,5914.56,4244.1,5,318
OWC_TR_61,TRS61,9/30/2022,11:12 AM,9/30/2022 11:12:34,9/30/2022 11:13:33,59,5914.56,4244.1,5,318
OWC_TR_61_B,TRS61b,9/30/2022,11:15 AM,9/30/2022 11:15:53,9/30/2022 11:16:52,59,5914.56,4244.1,5,318
OWC_TR_61_B,TRS61b,9/30/2022,11:17 AM,9/30/2022 11:17:53,9/30/2022 11:18:52,59,5914.56,4244.1,5,318
OWC_UP_1,UP51,9/30/2022,11:34 AM,9/30/2022 11:34:32,9/30/2022 11:35:31,59,5914.56,4244.1,5,318
OWC_UP_1,UP51,9/30/2022,11:36 AM,9/30/2022 11:36:33,9/30/2022 11:37:32,59,5914.56,4244.1,5,318
OWC_UP_2,UP52,9/30/2022,11:44 AM,9/30/2022 11:44:06,9/30/2022 11:45:05,59,5914.56,4244.1,5,318
OWC_UP_2,UP52,9/30/2022,11:46 AM,9/30/2022 11:46:06,9/30/2022 11:47:05,59,5914.56,4244.1,5,318
OWC_UP_50,UPS50,9/30/2022,11:53 AM,9/30/2022 11:53:18,9/30/2022 11:54:18,60,5914.56,4244.1,5,318
OWC_UP_50,UPS50,9/30/2022,11:55 AM,9/30/2022 11:55:19,9/30/2022 11:56:18,59,5914.56,4244.1,5,318
OWC_W_65,WLS65,9/30/2022,12:24 PM,9/30/2022 12:24:47,9/30/2022 12:25:46,59,5914.56,4244.1,5,318
OWC_W_65,WLS65,9/30/2022,12:26 PM,9/30/2022 12:26:47,9/30/2022 12:27:46,59,5914.56,4244.1,5,318
OWC_W_66,WLS66,9/30/2022,12:30 PM,9/30/2022 12:30:11,9/30/2022 12:31:10,59,5914.56,4244.1,5,318
OWC_W_66,WLS66,9/30/2022,12:32 PM,9/30/2022 12:32:12,9/30/2022 12:33:11,59,5914.56,4244.1,5,318
OWC_W_68,WLS68,9/30/2022,12:38 PM,9/30/2022 12:38:57,9/30/2022 12:39:56,59,5914.56,4244.1,5,318
OWC_W_68,WLS68,9/30/2022,12:40 PM,9/30/2022 12:40:57,9/30/2022 12:41:56,59,5914.56,4244.1,5,318
OWC_W_71,WLS71,9/30/2022,12:56 PM,9/30/2022 12:56:15,9/30/2022 12:57:14,59,5914.56,4244.1,5,318
OWC_W_71,WLS71,9/30/2022,12:58 PM,9/30/2022 12:58:15,9/30/2022 12:59:14,59,5914.56,4244.1,5,318
OWC_W_71_B,WLS71b,9/30/2022,1:00 PM,9/30/2022 13:00:23,9/30/2022 13:01:22,59,5914.56,4244.1,5,318
OWC_W_71_B,WLS71b,9/30/2022,1:02 PM,9/30/2022 13:02:23,9/30/2022 13:03:22,59,5914.56,4244.1,5,318
OWC_W_72,WLS72,9/30/2022,1:05 PM,9/30/2022 13:05:33,9/30/2022 13:06:32,59,5914.56,4244.1,5,318
OWC_W_72,WLS72,9/30/2022,1:07 PM,9/30/2022 13:07:33,9/30/2022 13:08:32,59,5914.56,4244.1,5,318
OWC_W_72_B,WLS72b,9/30/2022,1:11 PM,9/30/2022 13:11:20,9/30/2022 13:12:19,59,5914.56,4244.1,5,318
OWC_W_72_B,WLS72b,9/30/2022,1:13 PM,9/30/2022 13:13:21,9/30/2022 13:14:20,59,5914.56,4244.1,5,318
OWC_W_72_C,WLS72c,9/30/2022,1:15 PM,9/30/2022 13:15:28,9/30/2022 13:16:27,59,5914.56,4244.1,5,318
OWC_W_72_C,WLS72c,9/30/2022,1:17 PM,9/30/2022 13:17:29,9/30/2022 13:18:28,59,5914.56,4244.1,5,318
OWC_UP_55_B,UPS55b,9/30/2022,1:31 PM,9/30/2022 13:31:39,9/30/2022 13:32:38,59,5914.56,4244.1,5,318
OWC_UP_55_B,UPS55b,9/30/2022,1:33 PM,9/30/2022 13:33:40,9/30/2022 13:34:39,59,5914.56,4244.1,5,318
OWC_UP_56,UPS56,9/30/2022,1:37 PM,9/30/2022 13:37:34,9/30/2022 13:38:33,59,5914.56,4244.1,5,318
OWC_UP_56,UPS56,9/30/2022,1:39 PM,9/30/2022 13:39:34,9/30/2022 13:40:33,59,5914.56,4244.1,5,318
OWC_UP_51,UPS51,10/5/2022,10:22 AM,10/5/2022 10:22:45,10/5/2022 10:23:44,59,5914.56,4244.1,5,318
OWC_UP_51,UPS51,10/5/2022,10:24 AM,10/5/2022 10:24:11,10/5/2022 10:25:11,60,5914.56,4244.1,5,318
OWC_UP_51_B,UPS51b,10/5/2022,10:25 AM,10/5/2022 10:25:47,10/5/2022 10:26:47,60,5914.56,4244.1,5,318
OWC_UP_51_B,UPS51b,10/5/2022,10:27 AM,10/5/2022 10:27:13,10/5/2022 10:28:12,59,5914.56,4244.1,5,318
OWC_UP_52,UPS52,10/5/2022,10:32 AM,10/5/2022 10:32:26,10/5/2022 10:33:26,60,5914.56,4244.1,5,318
OWC_UP_52,UPS52,10/5/2022,10:33 AM,10/5/2022 10:33:52,10/5/2022 10:34:51,59,5914.56,4244.1,5,318
OWC_UP_50,UPS50,10/5/2022,10:36 AM,10/5/2022 10:36:49,10/5/2022 10:37:48,59,5914.56,4244.1,5,318
OWC_UP_50,UPS50,10/5/2022,10:38 AM,10/5/2022 10:38:14,10/5/2022 10:38:19,5,5914.56,4244.1,5,318
OWC_UP_55,UPS55,10/5/2022,10:41 AM,10/5/2022 10:41:17,10/5/2022 10:42:17,60,5914.56,4244.1,5,318
OWC_UP_55,UPS55,10/5/2022,10:42 AM,10/5/2022 10:42:43,10/5/2022 10:43:42,59,5914.56,4244.1,5,318
OWC_UP_56,UPS56,10/5/2022,10:45 AM,10/5/2022 10:45:16,10/5/2022 10:46:15,59,5914.56,4244.1,5,318
OWC_UP_56,UPS56,10/5/2022,10:46 AM,10/5/2022 10:46:41,10/5/2022 10:47:41,60,5914.56,4244.1,5,318
OWC_TR_61,TRS61,10/5/2022,10:50 AM,10/5/2022 10:50:56,10/5/2022 10:51:56,60,5914.56,4244.1,5,318
OWC_TR_61,TRS61,10/5/2022,10:52 AM,10/5/2022 10:52:21,10/5/2022 10:53:21,60,5914.56,4244.1,5,318
OWC_TR_60,TRS60,10/5/2022,10:55 AM,10/5/2022 10:55:10,10/5/2022 10:56:09,59,5914.56,4244.1,5,318
OWC_TR_60,TRS60,10/5/2022,10:56 AM,10/5/2022 10:56:35,10/5/2022 10:57:34,59,5914.56,4244.1,5,318
OWC_TR_63,TRS63,10/5/2022,10:59 AM,10/5/2022 10:59:29,10/5/2022 11:00:29,60,5914.56,4244.1,5,318
OWC_TR_63,TRS63,10/5/2022,11:00 AM,10/5/2022 11:00:54,10/5/2022 11:01:54,60,5914.56,4244.1,5,318
OWC_TR_64,TRS64,10/5/2022,11:04 AM,10/5/2022 11:04:03,10/5/2022 11:05:03,60,5914.56,4244.1,5,318
OWC_TR_64,TRS64,10/5/2022,11:05 AM,10/5/2022 11:05:29,10/5/2022 11:06:28,59,5914.56,4244.1,5,318
OWC_TR_58,TRS58,10/5/2022,11:10 AM,10/5/2022 11:10:00,10/5/2022 11:10:59,59,5914.56,4244.1,5,318
OWC_TR_58,TRS58,10/5/2022,11:11 AM,10/5/2022 11:11:25,10/5/2022 11:12:24,59,5914.56,4244.1,5,318
OWC_W_65,WetS65,10/5/2022,11:20 AM,10/5/2022 11:20:16,10/5/2022 11:21:16,60,5914.56,4244.1,5,318
OWC_W_65,WetS65,10/5/2022,11:21 AM,10/5/2022 11:21:41,10/5/2022 11:22:41,60,5914.56,4244.1,5,318
OWC_W_66,WetS66,10/5/2022,11:25 AM,10/5/2022 11:25:38,10/5/2022 11:26:37,59,5914.56,4244.1,5,318
OWC_W_66,WetS66,10/5/2022,11:27 AM,10/5/2022 11:27:03,10/5/2022 11:28:03,60,5914.56,4244.1,5,318
OWC_W_68,WetS68,10/5/2022,11:29 AM,10/5/2022 11:29:56,10/5/2022 11:30:56,60,5914.56,4244.1,5,318
OWC_W_68,WetS68,10/5/2022,11:31 AM,10/5/2022 11:31:21,10/5/2022 11:32:21,60,5914.56,4244.1,5,318
OWC_W_71,WetS71,10/5/2022,11:34 AM,10/5/2022 11:34:38,10/5/2022 11:35:37,59,5914.56,4244.1,5,318
OWC_W_71,WetS71,10/5/2022,11:36 AM,10/5/2022 11:36:03,10/5/2022 11:37:02,59,5914.56,4244.1,5,318
OWC_W_72,WetS72,10/5/2022,11:38 AM,10/5/2022 11:38:09,10/5/2022 11:39:09,60,5914.56,4244.1,5,318
OWC_W_72,WetS72,10/5/2022,11:39 AM,10/5/2022 11:39:35,10/5/2022 11:40:34,59,5914.56,4244.1,5,318
OWC_W_72_B,WetS72b,10/5/2022,11:42 AM,10/5/2022 11:42:54,10/5/2022 11:43:54,60,5914.56,4244.1,5,318
OWC_W_72_B,WetS72b,10/5/2022,11:44 AM,10/5/2022 11:44:20,10/5/2022 11:45:19,59,5914.56,4244.1,5,318
OWC_UP_51,UpS51,10/21/2022,10:32 AM,10/21/2022 10:32:59,10/21/2022 10:33:58,59,5914.56,4244.1,5,318
OWC_UP_51,UpS51,10/21/2022,10:34 AM,10/21/2022 10:34:24,10/21/2022 10:35:24,60,5914.56,4244.1,5,318
OWC_UP_51_B,UpS51b,10/21/2022,10:38 AM,10/21/2022 10:38:05,10/21/2022 10:39:04,59,5914.56,4244.1,5,318
OWC_UP_51_B,UpS51b,10/21/2022,10:39 AM,10/21/2022 10:39:30,10/21/2022 10:40:29,59,5914.56,4244.1,5,318
OWC_UP_52,UpS52,10/21/2022,10:47 AM,10/21/2022 10:47:16,10/21/2022 10:48:15,59,5914.56,4244.1,5,318
OWC_UP_52,UpS52,10/21/2022,10:48 AM,10/21/2022 10:48:42,10/21/2022 10:49:41,59,5914.56,4244.1,5,318
OWC_UP_50,UpS50,10/21/2022,10:53 AM,10/21/2022 10:53:26,10/21/2022 10:54:25,59,5914.56,4244.1,5,318
OWC_UP_50,UpS50,10/21/2022,10:54 AM,10/21/2022 10:54:51,10/21/2022 10:55:51,60,5914.56,4244.1,5,318
OWC_UP_55,UpS55,10/21/2022,11:00 AM,10/21/2022 11:00:59,10/21/2022 11:01:04,5,5914.56,4244.1,5,318
OWC_UP_55,UpS55,10/21/2022,11:02 AM,10/21/2022 11:02:24,10/21/2022 11:02:29,5,5914.56,4244.1,5,318
OWC_UP_56,UpS56,10/21/2022,11:06 AM,10/21/2022 11:06:19,10/21/2022 11:07:19,60,5914.56,4244.1,5,318
OWC_UP_56,UpS56,10/21/2022,11:07 AM,10/21/2022 11:07:45,10/21/2022 11:08:44,59,5914.56,4244.1,5,318
OWC_TR_58,TrS58,10/21/2022,11:22 AM,10/21/2022 11:22:51,10/21/2022 11:23:50,59,5914.56,4244.1,5,318
OWC_TR_58,TrS58,10/21/2022,11:24 AM,10/21/2022 11:24:16,10/21/2022 11:25:15,59,5914.56,4244.1,5,318
OWC_TR_63,TrS63,10/21/2022,11:28 AM,10/21/2022 11:28:34,10/21/2022 11:29:33,59,5914.56,4244.1,5,318
OWC_TR_63,TrS63,10/21/2022,11:29 AM,10/21/2022 11:29:59,10/21/2022 11:30:58,59,5914.56,4244.1,5,318
OWC_TR_64,TrS64,10/21/2022,11:32 AM,10/21/2022 11:32:44,10/21/2022 11:33:43,59,5914.56,4244.1,5,318
OWC_TR_64,TrS64,10/21/2022,11:34 AM,10/21/2022 11:34:09,10/21/2022 11:35:08,59,5914.56,4244.1,5,318
OWC_TR_60,TrS60,10/21/2022,11:39 AM,10/21/2022 11:39:12,10/21/2022 11:40:11,59,5914.56,4244.1,5,318
OWC_TR_60,TrS60,10/21/2022,11:40 AM,10/21/2022 11:40:37,10/21/2022 11:41:36,59,5914.56,4244.1,5,318
OWC_TR_61,TrS61,10/21/2022,11:44 AM,10/21/2022 11:44:01,10/21/2022 11:45:00,59,5914.56,4244.1,5,318
OWC_TR_61,TrS61,10/21/2022,11:45 AM,10/21/2022 11:45:26,10/21/2022 11:46:26,60,5914.56,4244.1,5,318
OWC_TR_58,TrS58,11/4/2022,11:14 AM,11/4/2022 11:14:24,11/4/2022 11:15:24,60,5914.56,4244.1,5,318
OWC_TR_58,TrS58,11/4/2022,11:15 AM,11/4/2022 11:15:49,11/4/2022 11:16:49,60,5914.56,4244.1,5,318
OWC_TR_60,TrS60,11/4/2022,11:20 AM,11/4/2022 11:20:17,11/4/2022 11:21:17,60,5914.56,4244.1,5,318
OWC_TR_60,TrS60,11/4/2022,11:21 AM,11/4/2022 11:21:42,11/4/2022 11:22:42,60,5914.56,4244.1,5,318
OWC_TR_60_B,TrS60b,11/4/2022,11:24 AM,11/4/2022 11:24:23,11/4/2022 11:25:23,60,5914.56,4244.1,5,318
OWC_TR_60_B,TrS60b,11/4/2022,11:25 AM,11/4/2022 11:25:48,11/4/2022 11:26:48,60,5914.56,4244.1,5,318
OWC_TR_60_C,TrS60c,11/4/2022,11:27 AM,11/4/2022 11:27:55,11/4/2022 11:28:54,59,5914.56,4244.1,5,318
OWC_TR_60_C,TrS60c,11/4/2022,11:29 AM,11/4/2022 11:29:20,11/4/2022 11:30:19,59,5914.56,4244.1,5,318
OWC_TR_61,TrS61,11/4/2022,11:33 AM,11/4/2022 11:33:46,11/4/2022 11:34:46,60,5914.56,4244.1,5,318
OWC_TR_61_B,TrS61b,11/4/2022,11:35 AM,11/4/2022 11:35:54,11/4/2022 11:36:54,60,5914.56,4244.1,5,318
OWC_TR_61_B,TrS61b,11/4/2022,11:37 AM,11/4/2022 11:37:20,11/4/2022 11:38:19,59,5914.56,4244.1,5,318
OWC_TR_63,TrS63,11/4/2022,11:41 AM,11/4/2022 11:41:06,11/4/2022 11:42:06,60,5914.56,4244.1,5,318
OWC_TR_63,TrS63,11/4/2022,11:42 AM,11/4/2022 11:42:31,11/4/2022 11:43:31,60,5914.56,4244.1,5,318
OWC_TR_64,TrS64,11/4/2022,11:46 AM,11/4/2022 11:46:07,11/4/2022 11:47:07,60,5914.56,4244.1,5,318
OWC_TR_64,TrS64,11/4/2022,11:47 AM,11/4/2022 11:47:33,11/4/2022 11:48:32,59,5914.56,4244.1,5,318
OWC_TR_58,TRS58,12/20/2022,10:29 AM,12/20/2022 10:29:23,12/20/2022 10:30:22,59,5914.56,4244.1,5,318
OWC_TR_58,TRS58,12/20/2022,10:30 AM,12/20/2022 10:30:48,12/20/2022 10:31:47,59,5914.56,4244.1,5,318
OWC_TR_60,TRS60,12/20/2022,10:46 AM,12/20/2022 10:46:23,12/20/2022 10:47:22,59,5914.56,4244.1,5,318
OWC_TR_60,TRS60,12/20/2022,10:47 AM,12/20/2022 10:47:48,12/20/2022 10:48:47,59,5914.56,4244.1,5,318
OWC_TR_61,TRS61,12/20/2022,10:51 AM,12/20/2022 10:51:42,12/20/2022 10:52:41,59,5914.56,4244.1,5,318
OWC_TR_61,TRS61,12/20/2022,10:53 AM,12/20/2022 10:53:08,12/20/2022 10:54:07,59,5914.56,4244.1,5,318
OWC_TR_63,TRS63,12/20/2022,10:57 AM,12/20/2022 10:57:38,12/20/2022 10:58:37,59,5914.56,4244.1,5,318
OWC_TR_63,TRS63,12/20/2022,10:59 AM,12/20/2022 10:59:03,12/20/2022 10:59:08,5,5914.56,4244.1,5,318
OWC_TR_63_B,TRS63b,12/20/2022,11:01 AM,12/20/2022 11:01:39,12/20/2022 11:02:38,59,5914.56,4244.1,5,318
OWC_TR_63_B,TRS63b,12/20/2022,11:03 AM,12/20/2022 11:03:05,12/20/2022 11:04:04,59,5914.56,4244.1,5,318
OWC_TR_64,TRS64,12/20/2022,11:06 AM,12/20/2022 11:06:36,12/20/2022 11:07:36,60,5914.56,4244.1,5,318
OWC_TR_64,TRS64,12/20/2022,11:08 AM,12/20/2022 11:08:02,12/20/2022 11:09:01,59,5914.56,4244.1,5,318
PTR_UP_1,UpS1,7/7/2022,11:14 AM,7/7/2022 11:14:02,7/7/2022 11:16:02,120,7027.56,4244.1,8.5,318
PTR_UP_1,UpS1,7/7/2022,11:17 AM,7/7/2022 11:17:02,7/7/2022 11:19:01,119,7027.56,4244.1,8.5,318
PTR_UP_2,UpS2,7/7/2022,11:31 AM,7/7/2022 11:31:08,7/7/2022 11:33:07,119,7186.56,4244.1,9,318
PTR_UP_2,UpS2,7/7/2022,11:34 AM,7/7/2022 11:34:08,7/7/2022 11:36:07,119,7186.56,4244.1,9,318
PTR_UP_3,UpS3,7/7/2022,11:41 AM,7/7/2022 11:41:44,7/7/2022 11:43:43,119,6973.5,4244.1,8.33,318
PTR_UP_3,UpS3,7/7/2022,11:44 AM,7/7/2022 11:44:44,7/7/2022 11:45:09,25,6973.5,4244.1,8.33,318
PTR_UP_3_A,UpS3a,7/7/2022,11:50 AM,7/7/2022 11:50:11,7/7/2022 11:52:10,119,6973.5,4244.1,8.33,318
PTR_UP_3_A,UpS3a,7/7/2022,11:53 AM,7/7/2022 11:53:11,7/7/2022 11:55:10,119,6973.5,4244.1,8.33,318
PTR_UP_4,UpS4,7/7/2022,12:03 PM,7/7/2022 12:03:50,7/7/2022 12:05:49,119,6550.56,4244.1,7,318
PTR_UP_4,UpS4,7/7/2022,12:06 PM,7/7/2022 12:06:50,7/7/2022 12:08:49,119,6550.56,4244.1,7,318
PTR_UP_5,UpS5,7/7/2022,12:14 PM,7/7/2022 12:14:30,7/7/2022 12:16:29,119,6986.22,4244.1,8.37,318
PTR_UP_5,UpS5,7/7/2022,12:17 PM,7/7/2022 12:17:30,7/7/2022 12:19:29,119,6986.22,4244.1,8.37,318
PTR_UP_5_B,UpS5b,7/7/2022,12:21 PM,7/7/2022 12:21:52,7/7/2022 12:23:51,119,6986.22,4244.1,8.37,318
PTR_UP_5_B,UpS5b,7/7/2022,12:24 PM,7/7/2022 12:24:53,7/7/2022 12:26:52,119,6986.22,4244.1,8.37,318
PTR_UP_6,UpS6,7/7/2022,12:42 PM,7/7/2022 12:42:30,7/7/2022 12:44:29,119,7386.9,4244.1,9.63,318
PTR_UP_6,UpS6,7/7/2022,12:45 PM,7/7/2022 12:45:30,7/7/2022 12:47:29,119,7386.9,4244.1,9.63,318
PTR_UP_7,UpS7,7/7/2022,12:52 PM,7/7/2022 12:52:48,7/7/2022 12:54:47,119,6868.56,4244.1,8,318
PTR_UP_7,UpS7,7/7/2022,12:55 PM,7/7/2022 12:55:49,7/7/2022 12:57:48,119,6868.56,4244.1,8,318
PTR_UP_8,UpS8,7/7/2022,12:59 PM,7/7/2022 12:59:48,7/7/2022 13:01:47,119,7027.56,4244.1,8.5,318
PTR_UP_8,UpS8,7/7/2022,1:02 PM,7/7/2022 13:02:48,7/7/2022 13:04:47,119,7027.56,4244.1,8.5,318
PTR_TR_9,TrS9,7/7/2022,1:09 PM,7/7/2022 13:09:54,7/7/2022 13:11:53,119,6550.56,4244.1,7,318
PTR_TR_9,TrS9,7/7/2022,1:12 PM,7/7/2022 13:12:55,7/7/2022 13:14:54,119,6550.56,4244.1,7,318
PTR_TR_10,TrS10,7/7/2022,1:19 PM,7/7/2022 13:19:06,7/7/2022 13:21:05,119,6709.56,4244.1,7.5,318
PTR_TR_10,TrS10,7/7/2022,1:22 PM,7/7/2022 13:22:07,7/7/2022 13:24:06,119,6709.56,4244.1,7.5,318
PTR_TR_12,TrS12,7/7/2022,1:29 PM,7/7/2022 13:29:12,7/7/2022 13:31:11,119,6550.56,4244.1,7,318
PTR_TR_12,TrS12,7/7/2022,1:32 PM,7/7/2022 13:32:12,7/7/2022 13:34:11,119,6550.56,4244.1,7,318
PTR_TR_11,TrS11,7/7/2022,1:38 PM,7/7/2022 13:38:33,7/7/2022 13:40:32,119,6922.62,4244.1,8.17,318
PTR_TR_11,TrS11,7/7/2022,1:41 PM,7/7/2022 13:41:33,7/7/2022 13:43:32,119,6922.62,4244.1,8.17,318
PTR_TR_11_B,TrS11b,7/7/2022,1:46 PM,7/7/2022 13:46:17,7/7/2022 13:48:16,119,6922.62,4244.1,8.17,318
PTR_TR_11_B,TrS11b,7/7/2022,1:49 PM,7/7/2022 13:49:17,7/7/2022 13:51:16,119,6922.62,4244.1,8.17,318
PTR_TR_16,TrS16,7/7/2022,1:55 PM,7/7/2022 13:55:32,7/7/2022 13:57:31,119,6550.56,4244.1,7,318
PTR_TR_16,TrS16,7/7/2022,1:58 PM,7/7/2022 13:58:32,7/7/2022 14:00:31,119,6550.56,4244.1,7,318
PTR_TR_13,TrS13,7/7/2022,2:03 PM,7/7/2022 14:03:44,7/7/2022 14:05:43,119,6591.9,4244.1,7.13,318
PTR_TR_13,TrS13,7/7/2022,2:06 PM,7/7/2022 14:06:44,7/7/2022 14:08:43,119,6591.9,4244.1,7.13,318
PTR_TR_14,TrS14,7/7/2022,2:11 PM,7/7/2022 14:11:12,7/7/2022 14:13:11,119,6868.56,4244.1,8,318
PTR_TR_14,TrS14,7/7/2022,2:14 PM,7/7/2022 14:14:12,7/7/2022 14:16:11,119,6868.56,4244.1,8,318
PTR_TR_15,TrS15,7/7/2022,2:18 PM,7/7/2022 14:18:01,7/7/2022 14:20:00,119,7027.56,4244.1,8.5,318
PTR_TR_15,TrS15,7/7/2022,2:21 PM,7/7/2022 14:21:01,7/7/2022 14:23:00,119,7027.56,4244.1,8.5,318
PTR_W_17,WeS17,7/7/2022,2:34 PM,7/7/2022 14:34:47,7/7/2022 14:36:46,119,6009.96,4244.1,5.3,318
PTR_W_17,WeS17,7/7/2022,2:37 PM,7/7/2022 14:37:47,7/7/2022 14:39:46,119,6009.96,4244.1,5.3,318
PTR_W_18,WeS18,7/7/2022,2:44 PM,7/7/2022 14:44:03,7/7/2022 14:46:02,119,7822.56,4244.1,11,318
PTR_W_18,WeS18,7/7/2022,2:47 PM,7/7/2022 14:47:03,7/7/2022 14:49:02,119,7822.56,4244.1,11,318
PTR_W_19,WeS19,7/7/2022,2:52 PM,7/7/2022 14:52:34,7/7/2022 14:54:33,119,7186.56,4244.1,9,318
PTR_W_19,WeS19,7/7/2022,2:55 PM,7/7/2022 14:55:33,7/7/2022 14:57:32,119,7186.56,4244.1,9,318
PTR_W_20,WeS20,7/7/2022,3:00 PM,7/7/2022 15:00:36,7/7/2022 15:02:35,119,7504.56,4244.1,10,318
PTR_W_20,WeS20,7/7/2022,3:03 PM,7/7/2022 15:03:36,7/7/2022 15:05:35,119,7504.56,4244.1,10,318
PTR_W_21,WeS21,7/7/2022,3:08 PM,7/7/2022 15:08:03,7/7/2022 15:10:02,119,6391.56,4244.1,6.5,318
PTR_W_21,WeS21,7/7/2022,3:11 PM,7/7/2022 15:11:03,7/7/2022 15:13:02,119,6391.56,4244.1,6.5,318
PTR_W_22,WeS22,7/7/2022,3:15 PM,7/7/2022 15:15:50,7/7/2022 15:17:49,119,6391.56,4244.1,6.5,318
PTR_W_22,WeS22,7/7/2022,3:18 PM,7/7/2022 15:18:50,7/7/2022 15:20:49,119,6391.56,4244.1,6.5,318
PTR_W_23,WeS23,7/7/2022,3:22 PM,7/7/2022 15:22:48,7/7/2022 15:24:47,119,6455.16,4244.1,6.7,318
PTR_W_23,WeS23,7/7/2022,3:25 PM,7/7/2022 15:25:48,7/7/2022 15:27:47,119,6455.16,4244.1,6.7,318
PTR_W_24,WeS24,7/7/2022,3:30 PM,7/7/2022 15:30:23,7/7/2022 15:32:22,119,6963.96,4244.1,8.3,318
PTR_W_24,WeS24,7/7/2022,3:33 PM,7/7/2022 15:33:23,7/7/2022 15:35:22,119,6963.96,4244.1,8.3,318
PTR_UP_5,UpS5,7/18/2022,10:58 AM,7/18/2022 10:58:16,7/18/2022 11:00:15,119,5914.56,4244.1,5,318
PTR_UP_5,UpS5,7/18/2022,11:01 AM,7/18/2022 11:01:17,7/18/2022 11:03:16,119,5914.56,4244.1,5,318
PTR_UP_3,UpS3,7/18/2022,11:07 AM,7/18/2022 11:07:59,7/18/2022 11:09:58,119,5914.56,4244.1,5,318
PTR_UP_3,UpS3,7/18/2022,11:10 AM,7/18/2022 11:10:59,7/18/2022 11:12:58,119,5914.56,4244.1,5,318
PTR_TR_12_B,TrS12b,7/18/2022,11:17 AM,7/18/2022 11:17:02,7/18/2022 11:19:01,119,5914.56,4244.1,5,318
PTR_TR_12_B,TrS12b,7/18/2022,11:20 AM,7/18/2022 11:20:02,7/18/2022 11:22:02,120,5914.56,4244.1,5,318
PTR_TR_10,TrS10,7/18/2022,11:24 AM,7/18/2022 11:24:49,7/18/2022 11:26:49,120,6232.56,4244.1,6,318
PTR_TR_10,TrS10,7/18/2022,11:27 AM,7/18/2022 11:27:49,7/18/2022 11:29:49,120,6232.56,4244.1,6,318
PTR_W_17,WeS17,7/18/2022,11:35 AM,7/18/2022 11:35:40,7/18/2022 11:37:39,119,5914.56,4244.1,5,318
PTR_W_17,WeS17,7/18/2022,11:38 AM,7/18/2022 11:38:40,7/18/2022 11:40:39,119,5914.56,4244.1,5,318
PTR_W_21,WeS21,7/18/2022,11:43 AM,7/18/2022 11:43:36,7/18/2022 11:45:35,119,5914.56,4244.1,5,318
PTR_W_21,WeS21,7/18/2022,11:46 AM,7/18/2022 11:46:36,7/18/2022 11:48:35,119,5914.56,4244.1,5,318
PTR_UP_6,UpS6,7/18/2022,11:54 AM,7/18/2022 11:54:43,7/18/2022 11:56:42,119,5914.56,4244.1,5,318
PTR_UP_6,UpS6,7/18/2022,11:57 AM,7/18/2022 11:57:43,7/18/2022 11:59:42,119,5914.56,4244.1,5,318
PTR_UP_8,UpS8,7/18/2022,12:03 PM,7/18/2022 12:03:01,7/18/2022 12:05:01,120,5914.56,4244.1,5,318
PTR_UP_8,UpS8,7/18/2022,12:06 PM,7/18/2022 12:06:01,7/18/2022 12:08:01,120,5914.56,4244.1,5,318
PTR_TR_9,TrS9,7/18/2022,12:27 PM,7/18/2022 12:27:08,7/18/2022 12:27:33,25,5914.56,4244.1,5,318
PTR_TR_9,TrS9,7/18/2022,12:30 PM,7/18/2022 12:30:08,7/18/2022 12:30:33,25,5914.56,4244.1,5,318
PTR_TR_9B,TrS9b,7/18/2022,12:32 PM,7/18/2022 12:32:40,7/18/2022 12:34:40,120,5914.56,4244.1,5,318
PTR_TR_9B,TrS9b,7/18/2022,12:35 PM,7/18/2022 12:35:41,7/18/2022 12:37:40,119,5914.56,4244.1,5,318
PTR_TR_13,TrS13,7/18/2022,12:40 PM,7/18/2022 12:40:50,7/18/2022 12:42:49,119,5914.56,4244.1,5,318
PTR_TR_13,TrS13,7/18/2022,12:43 PM,7/18/2022 12:43:50,7/18/2022 12:45:49,119,5914.56,4244.1,5,318
PTR_UP_20_B,UpS20b,7/18/2022,12:53 PM,7/18/2022 12:53:52,7/18/2022 12:55:51,119,5914.56,4244.1,5,318
PTR_UP_20_B,UpS20b,7/18/2022,12:56 PM,7/18/2022 12:56:52,7/18/2022 12:57:17,25,5914.56,4244.1,5,318
PTR_UP_20_C,UpS20c,7/18/2022,12:59 PM,7/18/2022 12:59:40,7/18/2022 13:01:39,119,5914.56,4244.1,5,318
PTR_UP_20_C,UpS20c,7/18/2022,1:02 PM,7/18/2022 13:02:41,7/18/2022 13:04:40,119,5914.56,4244.1,5,318
PTR_UP_23,UpS23,7/18/2022,1:08 PM,7/18/2022 13:08:12,7/18/2022 13:10:11,119,5914.56,4244.1,5,318
PTR_UP_23,UpS23,7/18/2022,1:11 PM,7/18/2022 13:11:12,7/18/2022 13:13:11,119,5914.56,4244.1,5,318
PTR_UP_23_B,UpS23b,7/18/2022,1:14 PM,7/18/2022 13:14:23,7/18/2022 13:16:22,119,5914.56,4244.1,5,318
PTR_UP_23_B,UpS23b,7/18/2022,1:17 PM,7/18/2022 13:17:23,7/18/2022 13:19:23,120,5914.56,4244.1,5,318
PTR_TR_14,TrS14,7/18/2022,1:27 PM,7/18/2022 13:27:11,7/18/2022 13:29:10,119,5914.56,4244.1,5,318
PTR_TR_14,TrS14,7/18/2022,1:30 PM,7/18/2022 13:30:11,7/18/2022 13:32:10,119,5914.56,4244.1,5,318
PTR_UP_2,UpS2,7/18/2022,1:39 PM,7/18/2022 13:39:05,7/18/2022 13:41:05,120,5914.56,4244.1,5,318
PTR_UP_2,UpS2,7/18/2022,1:42 PM,7/18/2022 13:42:06,7/18/2022 13:44:05,119,5914.56,4244.1,5,318
PTR_W_22,WeS22,7/18/2022,2:15 PM,7/18/2022 14:15:10,7/18/2022 14:17:09,119,5914.56,4244.1,5,318
PTR_W_22,WeS22,7/18/2022,2:18 PM,7/18/2022 14:18:11,7/18/2022 14:20:10,119,5914.56,4244.1,5,318
PTR_UP_1,Up1,7/19/2022,5:45 AM,7/19/2022 5:45:13,7/19/2022 5:47:12,119,5914.56,4244.1,5,318
PTR_UP_1,Up1,7/19/2022,5:48 AM,7/19/2022 5:48:14,7/19/2022 5:50:13,119,5914.56,4244.1,5,318
PTR_UP_4,UpS4,7/19/2022,5:52 AM,7/19/2022 5:52:44,7/19/2022 5:54:43,119,5914.56,4244.1,5,318
PTR_UP_4,UpS4,7/19/2022,5:55 AM,7/19/2022 5:55:44,7/19/2022 5:57:43,119,5914.56,4244.1,5,318
PTR_UP_2,UpS2,7/19/2022,6:00 AM,7/19/2022 6:00:30,7/19/2022 6:02:29,119,5914.56,4244.1,5,318
PTR_UP_2,UpS2,7/19/2022,6:03 AM,7/19/2022 6:03:30,7/19/2022 6:05:29,119,5914.56,4244.1,5,318
PTR_UP_8,UpS8,7/19/2022,6:08 AM,7/19/2022 6:08:02,7/19/2022 6:10:01,119,5914.56,4244.1,5,318
PTR_UP_8,UpS8,7/19/2022,6:11 AM,7/19/2022 6:11:03,7/19/2022 6:13:02,119,5914.56,4244.1,5,318
PTR_UP_5,UpS5,7/19/2022,6:15 AM,7/19/2022 6:15:33,7/19/2022 6:17:32,119,5914.56,4244.1,5,318
PTR_UP_5,UpS5,7/19/2022,6:18 AM,7/19/2022 6:18:34,7/19/2022 6:20:33,119,5914.56,4244.1,5,318
PTR_UP_7,UpS7,7/19/2022,6:22 AM,7/19/2022 6:22:21,7/19/2022 6:24:20,119,5914.56,4244.1,5,318
PTR_UP_7,UpS7,7/19/2022,6:25 AM,7/19/2022 6:25:22,7/19/2022 6:27:21,119,5914.56,4244.1,5,318
PTR_UP_3,UpS3,7/19/2022,6:30 AM,7/19/2022 6:30:18,7/19/2022 6:32:17,119,5914.56,4244.1,5,318
PTR_UP_3,UpS3,7/19/2022,6:33 AM,7/19/2022 6:33:18,7/19/2022 6:35:17,119,5914.56,4244.1,5,318
PTR_UP_6,UpS6,7/19/2022,6:37 AM,7/19/2022 6:37:36,7/19/2022 6:39:35,119,5914.56,4244.1,5,318
PTR_UP_6,UpS6,7/19/2022,6:40 AM,7/19/2022 6:40:36,7/19/2022 6:42:34,118,5914.56,4244.1,5,318
PTR_TR_11,TrS11,7/19/2022,6:46 AM,7/19/2022 6:46:42,7/19/2022 6:48:41,119,5914.56,4244.1,5,318
PTR_TR_11,TrS11,7/19/2022,6:49 AM,7/19/2022 6:49:42,7/19/2022 6:51:40,118,5914.56,4244.1,5,318
PTR_TR_13,TrS13,7/19/2022,6:54 AM,7/19/2022 6:54:07,7/19/2022 6:55:57,110,5914.56,4244.1,5,318
PTR_TR_13,TrS13,7/19/2022,6:57 AM,7/19/2022 6:57:08,7/19/2022 6:59:07,119,5914.56,4244.1,5,318
PTR_TR_14,TrS14,7/19/2022,7:01 AM,7/19/2022 7:01:01,7/19/2022 7:03:00,119,5914.56,4244.1,5,318
PTR_TR_14,TrS14,7/19/2022,7:04 AM,7/19/2022 7:04:02,7/19/2022 7:06:01,119,5914.56,4244.1,5,318
PTR_TR_9,TrS9,7/19/2022,7:08 AM,7/19/2022 7:08:24,7/19/2022 7:10:23,119,5914.56,4244.1,5,318
PTR_TR_9,TrS9,7/19/2022,7:11 AM,7/19/2022 7:11:24,7/19/2022 7:13:23,119,5914.56,4244.1,5,318
PTR_TR_15,TrS15,7/19/2022,7:19 AM,7/19/2022 7:19:24,7/19/2022 7:21:23,119,5914.56,4244.1,5,318
PTR_TR_15,TrS15,7/19/2022,7:22 AM,7/19/2022 7:22:25,7/19/2022 7:24:24,119,5914.56,4244.1,5,318
PTR_TR_12,TrS12,7/19/2022,7:25 AM,7/19/2022 7:25:50,7/19/2022 7:27:49,119,5914.56,4244.1,5,318
PTR_TR_12,TrS12,7/19/2022,7:28 AM,7/19/2022 7:28:50,7/19/2022 7:30:49,119,5914.56,4244.1,5,318
PTR_TR_10,TrS10,7/19/2022,7:32 AM,7/19/2022 7:32:28,7/19/2022 7:34:27,119,5914.56,4244.1,5,318
PTR_TR_10,TrS10,7/19/2022,7:35 AM,7/19/2022 7:35:28,7/19/2022 7:37:27,119,5914.56,4244.1,5,318
PTR_TR_16,TrS16,7/19/2022,7:39 AM,7/19/2022 7:39:23,7/19/2022 7:41:22,119,5914.56,4244.1,5,318
PTR_TR_16,TrS16,7/19/2022,7:42 AM,7/19/2022 7:42:24,7/19/2022 7:44:23,119,5914.56,4244.1,5,318
PTR_W_18,WtS18,7/19/2022,7:48 AM,7/19/2022 7:48:47,7/19/2022 7:50:46,119,5914.56,4244.1,5,318
PTR_W_18,WtS18,7/19/2022,7:51 AM,7/19/2022 7:51:47,7/19/2022 7:53:46,119,5914.56,4244.1,5,318
PTR_W_23,WtS23,7/19/2022,7:55 AM,7/19/2022 7:55:43,7/19/2022 7:57:42,119,5914.56,4244.1,5,318
PTR_W_23,WtS23,7/19/2022,7:58 AM,7/19/2022 7:58:43,7/19/2022 8:00:42,119,5914.56,4244.1,5,318
PTR_W_20,WtS20,7/19/2022,8:02 AM,7/19/2022 8:02:23,7/19/2022 8:04:22,119,5914.56,4244.1,5,318
PTR_W_20,WtS20,7/19/2022,8:05 AM,7/19/2022 8:05:23,7/19/2022 8:07:22,119,5914.56,4244.1,5,318
PTR_W_24,WtS24,7/19/2022,8:09 AM,7/19/2022 8:09:11,7/19/2022 8:11:10,119,5914.56,4244.1,5,318
PTR_W_24,WtS24,7/19/2022,8:12 AM,7/19/2022 8:12:11,7/19/2022 8:14:10,119,5914.56,4244.1,5,318
PTR_W_21,WtS21,7/19/2022,8:15 AM,7/19/2022 8:15:25,7/19/2022 8:17:24,119,5914.56,4244.1,5,318
PTR_W_21,WtS21,7/19/2022,8:18 AM,7/19/2022 8:18:25,7/19/2022 8:20:25,120,5914.56,4244.1,5,318
PTR_W_17,WtS17,7/19/2022,8:21 AM,7/19/2022 8:21:40,7/19/2022 8:23:39,119,5914.56,4244.1,5,318
PTR_W_17,WtS17,7/19/2022,8:24 AM,7/19/2022 8:24:41,7/19/2022 8:26:40,119,5914.56,4244.1,5,318
PTR_W_22,WtS22,7/19/2022,8:28 AM,7/19/2022 8:28:33,7/19/2022 8:30:32,119,5914.56,4244.1,5,318
PTR_W_22,WtS22,7/19/2022,8:31 AM,7/19/2022 8:31:33,7/19/2022 8:33:32,119,5914.56,4244.1,5,318
PTR_W_19,WtS19,7/19/2022,8:36 AM,7/19/2022 8:36:11,7/19/2022 8:38:10,119,5914.56,4244.1,5,318
PTR_W_19,WtS19,7/19/2022,8:39 AM,7/19/2022 8:39:11,7/19/2022 8:41:10,119,5914.56,4244.1,5,318
PTR_UP_3_MID,UpS3Mid,7/19/2022,8:53 AM,7/19/2022 8:53:21,7/19/2022 8:55:20,119,5914.56,4244.1,5,318
PTR_UP_3_MID,UpS3Mid,7/19/2022,8:56 AM,7/19/2022 8:56:21,7/19/2022 8:58:20,119,5914.56,4244.1,5,318
PTR_UP_2_MID,UpS2Mid,7/19/2022,9:00 AM,7/19/2022 9:00:16,7/19/2022 9:02:15,119,5914.56,4244.1,5,318
PTR_UP_2_MID,UpS2Mid,7/19/2022,9:03 AM,7/19/2022 9:03:16,7/19/2022 9:05:15,119,5914.56,4244.1,5,318
PTR_UP_1_MID,UpS1Mid,7/19/2022,9:06 AM,7/19/2022 9:06:59,7/19/2022 9:08:58,119,5914.56,4244.1,5,318
PTR_UP_1_MID,UpS1Mid,7/19/2022,9:09 AM,7/19/2022 9:09:59,7/19/2022 9:11:58,119,5914.56,4244.1,5,318
PTR_UP_4_MID,UpS4Mid,7/19/2022,9:13 AM,7/19/2022 9:13:51,7/19/2022 9:15:50,119,5914.56,4244.1,5,318
PTR_UP_4_MID,UpS4Mid,7/19/2022,9:16 AM,7/19/2022 9:16:52,7/19/2022 9:18:51,119,5914.56,4244.1,5,318
PTR_UP_5_MID,UpS5Mid,7/19/2022,9:21 AM,7/19/2022 9:21:04,7/19/2022 9:23:03,119,5914.56,4244.1,5,318
PTR_UP_5_MID,UpS5Mid,7/19/2022,9:24 AM,7/19/2022 9:24:05,7/19/2022 9:26:04,119,5914.56,4244.1,5,318
PTR_UP_6_MID,UpS6Mid,7/19/2022,9:28 AM,7/19/2022 9:28:20,7/19/2022 9:30:19,119,5914.56,4244.1,5,318
PTR_UP_6_MID,UpS6Mid,7/19/2022,9:31 AM,7/19/2022 9:31:20,7/19/2022 9:33:19,119,5914.56,4244.1,5,318
PTR_UP_7_MID,UpS7Mid,7/19/2022,9:35 AM,7/19/2022 9:35:19,7/19/2022 9:37:18,119,5914.56,4244.1,5,318
PTR_UP_7_MID,UpS7Mid,7/19/2022,9:38 AM,7/19/2022 9:38:20,7/19/2022 9:40:19,119,5914.56,4244.1,5,318
PTR_UP_8_MID,UpS8Mid,7/19/2022,9:42 AM,7/19/2022 9:42:42,7/19/2022 9:44:41,119,5914.56,4244.1,5,318
PTR_UP_8_MID,UpS8Mid,7/19/2022,9:45 AM,7/19/2022 9:45:42,7/19/2022 9:47:41,119,5914.56,4244.1,5,318
PTR_TR_9_MID,TrS9Mid,7/19/2022,9:52 AM,7/19/2022 9:52:55,7/19/2022 9:54:54,119,5914.56,4244.1,5,318
PTR_TR_9_MID,TrS9Mid,7/19/2022,9:55 AM,7/19/2022 9:55:55,7/19/2022 9:57:54,119,5914.56,4244.1,5,318
PTR_TR_10_MID,TrS10Mid,7/19/2022,10:00 AM,7/19/2022 10:00:23,7/19/2022 10:02:21,118,5914.56,4244.1,5,318
PTR_TR_10_MID,TrS10Mid,7/19/2022,10:03 AM,7/19/2022 10:03:23,7/19/2022 10:03:48,25,5914.56,4244.1,5,318
PTR_TR_10_B_MID,TrS10bMid,7/19/2022,10:06 AM,7/19/2022 10:06:38,7/19/2022 10:08:37,119,5914.56,4244.1,5,318
PTR_TR_10_B_MID,TrS10bMid,7/19/2022,10:09 AM,7/19/2022 10:09:39,7/19/2022 10:11:38,119,5914.56,4244.1,5,318
PTR_TR_11_MID,TrS11Mid,7/19/2022,10:13 AM,7/19/2022 10:13:50,7/19/2022 10:15:49,119,5914.56,4244.1,5,318
PTR_TR_11_MID,TrS11Mid,7/19/2022,10:16 AM,7/19/2022 10:16:50,7/19/2022 10:18:49,119,5914.56,4244.1,5,318
PTR_TR_12_MID,TrS12Mid,7/19/2022,10:21 AM,7/19/2022 10:21:04,7/19/2022 10:23:03,119,5914.56,4244.1,5,318
PTR_TR_12_MID,TrS12Mid,7/19/2022,10:24 AM,7/19/2022 10:24:04,7/19/2022 10:26:03,119,5914.56,4244.1,5,318
PTR_TR_13_MID,TrS13Mid,7/19/2022,10:28 AM,7/19/2022 10:28:07,7/19/2022 10:30:06,119,5914.56,4244.1,5,318
PTR_TR_13_MID,TrS13Mid,7/19/2022,10:31 AM,7/19/2022 10:31:07,7/19/2022 10:33:05,118,5914.56,4244.1,5,318
PTR_TR_14_MID,TrS14Mid,7/19/2022,10:35 AM,7/19/2022 10:35:23,7/19/2022 10:37:22,119,5914.56,4244.1,5,318
PTR_TR_14_MID,TrS14Mid,7/19/2022,10:38 AM,7/19/2022 10:38:24,7/19/2022 10:40:23,119,5914.56,4244.1,5,318
PTR_TR_15_MID,TrS15Mid,7/19/2022,10:43 AM,7/19/2022 10:43:10,7/19/2022 10:45:09,119,5914.56,4244.1,5,318
PTR_TR_15_MID,TrS15Mid,7/19/2022,10:46 AM,7/19/2022 10:46:11,7/19/2022 10:48:10,119,5914.56,4244.1,5,318
PTR_TR_16_MID,TrS16Mid,7/19/2022,10:50 AM,7/19/2022 10:50:41,7/19/2022 10:52:40,119,5914.56,4244.1,5,318
PTR_TR_16_MID,TrS16Mid,7/19/2022,10:53 AM,7/19/2022 10:53:42,7/19/2022 10:55:41,119,5914.56,4244.1,5,318
PTR_W_24_MID,WeS24Mid,7/19/2022,11:04 AM,7/19/2022 11:04:47,7/19/2022 11:06:46,119,5914.56,4244.1,5,318
PTR_W_24_MID,WeS24Mid,7/19/2022,11:07 AM,7/19/2022 11:07:48,7/19/2022 11:09:47,119,5914.56,4244.1,5,318
PTR_W_23_MID,WeS23Mid,7/19/2022,11:13 AM,7/19/2022 11:13:49,7/19/2022 11:15:48,119,5914.56,4244.1,5,318
PTR_W_23_MID,WeS23Mid,7/19/2022,11:16 AM,7/19/2022 11:16:50,7/19/2022 11:18:49,119,5914.56,4244.1,5,318
PTR_W_22_MID,WeS22Mid,7/19/2022,11:20 AM,7/19/2022 11:20:56,7/19/2022 11:22:55,119,5914.56,4244.1,5,318
PTR_W_22_MID,WeS22Mid,7/19/2022,11:23 AM,7/19/2022 11:23:56,7/19/2022 11:25:55,119,5914.56,4244.1,5,318
PTR_W_21_MID,WeS21Mid,7/19/2022,11:28 AM,7/19/2022 11:28:48,7/19/2022 11:30:47,119,5914.56,4244.1,5,318
PTR_W_21_MID,WeS21Mid,7/19/2022,11:31 AM,7/19/2022 11:31:48,7/19/2022 11:33:47,119,5914.56,4244.1,5,318
PTR_W_19_MID,WeS19Mid,7/19/2022,11:36 AM,7/19/2022 11:36:31,7/19/2022 11:38:30,119,5914.56,4244.1,5,318
PTR_W_19_MID,WeS19Mid,7/19/2022,11:39 AM,7/19/2022 11:39:31,7/19/2022 11:41:30,119,5914.56,4244.1,5,318
PTR_W_20_MID,WeS20Mid,7/19/2022,11:44 AM,7/19/2022 11:44:30,7/19/2022 11:46:29,119,5914.56,4244.1,5,318
PTR_W_20_MID,WeS20Mid,7/19/2022,11:47 AM,7/19/2022 11:47:30,7/19/2022 11:49:29,119,5914.56,4244.1,5,318
PTR_W_18_MID,WeS18Mid,7/19/2022,11:51 AM,7/19/2022 11:51:56,7/19/2022 11:53:55,119,5914.56,4244.1,5,318
PTR_W_18_MID,WeS18Mid,7/19/2022,11:54 AM,7/19/2022 11:54:56,7/19/2022 11:56:55,119,5914.56,4244.1,5,318
PTR_W_17_MID,WeS17Mid,7/19/2022,11:58 AM,7/19/2022 11:58:57,7/19/2022 12:00:56,119,5914.56,4244.1,5,318
PTR_W_17_MID,WeS17Mid,7/19/2022,12:01 PM,7/19/2022 12:01:57,7/19/2022 12:03:56,119,5914.56,4244.1,5,318
PTR_TR_9_MID2,TrS9Mid2,7/19/2022,12:49 PM,7/19/2022 12:49:07,7/19/2022 12:51:06,119,5914.56,4244.1,5,318
PTR_TR_9_MID2,TrS9Mid2,7/19/2022,12:52 PM,7/19/2022 12:52:07,7/19/2022 12:54:06,119,5914.56,4244.1,5,318
PTR_TR_10_MID2,TrS10Mid2,7/19/2022,12:58 PM,7/19/2022 12:58:32,7/19/2022 13:00:31,119,5914.56,4244.1,5,318
PTR_TR_10_MID2,TrS10Mid2,7/19/2022,1:01 PM,7/19/2022 13:01:32,7/19/2022 13:03:31,119,5914.56,4244.1,5,318
PTR_TR_11_MID2,TrS11Mid2,7/19/2022,1:06 PM,7/19/2022 13:06:11,7/19/2022 13:08:10,119,5914.56,4244.1,5,318
PTR_TR_11_MID2,TrS11Mid2,7/19/2022,1:09 PM,7/19/2022 13:09:11,7/19/2022 13:11:10,119,5914.56,4244.1,5,318
PTR_TR_12_MID2,TrS12Mid2,7/19/2022,1:14 PM,7/19/2022 13:14:42,7/19/2022 13:16:41,119,5914.56,4244.1,5,318
PTR_TR_12_MID2,TrS12Mid2,7/19/2022,1:17 PM,7/19/2022 13:17:41,7/19/2022 13:19:40,119,5914.56,4244.1,5,318
PTR_TR_15_MID2,TrS15Mid2,7/19/2022,1:23 PM,7/19/2022 13:23:41,7/19/2022 13:25:40,119,5914.56,4244.1,5,318
PTR_TR_15_MID2,TrS15Mid2,7/19/2022,1:26 PM,7/19/2022 13:26:42,7/19/2022 13:28:41,119,5914.56,4244.1,5,318
PTR_TR_13_MID2,TrS13Mid2,7/19/2022,1:38 PM,7/19/2022 13:38:34,7/19/2022 13:40:33,119,5914.56,4244.1,5,318
PTR_TR_13_MID2,TrS13Mid2,7/19/2022,1:41 PM,7/19/2022 13:41:35,7/19/2022 13:43:34,119,5914.56,4244.1,5,318
PTR_TR_14_MID2,TrS14Mid2,7/19/2022,1:46 PM,7/19/2022 13:46:37,7/19/2022 13:48:36,119,5914.56,4244.1,5,318
PTR_TR_14_MID2,TrS14Mid2,7/19/2022,1:49 PM,7/19/2022 13:49:37,7/19/2022 13:51:36,119,5914.56,4244.1,5,318
PTR_TR_16_MID2,TrS16Mid2,7/19/2022,1:56 PM,7/19/2022 13:56:00,7/19/2022 13:57:59,119,5914.56,4244.1,5,318
PTR_TR_16_MID2,TrS16Mid2,7/19/2022,1:59 PM,7/19/2022 13:59:00,7/19/2022 14:00:59,119,5914.56,4244.1,5,318
PTR_UP_1B_MID2,UpS1bMid2,7/19/2022,2:18 PM,7/19/2022 14:18:42,7/19/2022 14:20:41,119,5914.56,4244.1,5,318
PTR_UP_1B_MID2,UpS1bMid2,7/19/2022,2:21 PM,7/19/2022 14:21:42,7/19/2022 14:23:41,119,5914.56,4244.1,5,318
PTR_UP_4_MID2,UpS4Mid2,7/19/2022,2:26 PM,7/19/2022 14:26:18,7/19/2022 14:28:17,119,5914.56,4244.1,5,318
PTR_UP_4_MID2,UpS4Mid2,7/19/2022,2:29 PM,7/19/2022 14:29:18,7/19/2022 14:31:18,120,5914.56,4244.1,5,318
PTR_UP_3_MID2,UpS3Mid2,7/19/2022,2:34 PM,7/19/2022 14:34:09,7/19/2022 14:36:08,119,5914.56,4244.1,5,318
PTR_UP_3_MID2,UpS3Mid2,7/19/2022,2:37 PM,7/19/2022 14:37:09,7/19/2022 14:39:08,119,5914.56,4244.1,5,318
PTR_UP_2_MID2,UpS2Mid2,7/19/2022,2:42 PM,7/19/2022 14:42:21,7/19/2022 14:44:20,119,5914.56,4244.1,5,318
PTR_UP_2_MID2,UpS2Mid2,7/19/2022,2:45 PM,7/19/2022 14:45:22,7/19/2022 14:47:21,119,5914.56,4244.1,5,318
PTR_UP_8_MID2,UpS8Mid2,7/19/2022,2:49 PM,7/19/2022 14:49:21,7/19/2022 14:51:20,119,5914.56,4244.1,5,318
PTR_UP_8_MID2,UpS8Mid2,7/19/2022,2:52 PM,7/19/2022 14:52:21,7/19/2022 14:54:20,119,5914.56,4244.1,5,318
PTR_UP_7_MID2,UpS7Mid2,7/19/2022,2:57 PM,7/19/2022 14:57:27,7/19/2022 14:59:26,119,5914.56,4244.1,5,318
PTR_UP_7_MID2,UpS7Mid2,7/19/2022,3:00 PM,7/19/2022 15:00:27,7/19/2022 15:02:26,119,5914.56,4244.1,5,318
PTR_UP_6_MID2,UpS6Mid2,7/19/2022,3:04 PM,7/19/2022 15:04:47,7/19/2022 15:06:46,119,5914.56,4244.1,5,318
PTR_UP_6_MID2,UpS6Mid2,7/19/2022,3:07 PM,7/19/2022 15:07:47,7/19/2022 15:09:46,119,5914.56,4244.1,5,318
PTR_UP_5_MID2,UpS5Mid2,7/19/2022,3:11 PM,7/19/2022 15:11:32,7/19/2022 15:13:31,119,5914.56,4244.1,5,318
PTR_UP_5_MID2,UpS5Mid2,7/19/2022,3:14 PM,7/19/2022 15:14:33,7/19/2022 15:16:32,119,5914.56,4244.1,5,318
PTR_W_17,WetS17,7/19/2022,4:33 PM,7/19/2022 16:33:27,7/19/2022 16:35:26,119,5914.56,4244.1,5,318
PTR_W_17,WetS17,7/19/2022,4:36 PM,7/19/2022 16:36:27,7/19/2022 16:38:26,119,5914.56,4244.1,5,318
PTR_W_18,WetS18,7/19/2022,4:42 PM,7/19/2022 16:42:15,7/19/2022 16:44:14,119,5914.56,4244.1,5,318
PTR_W_18,WetS18,7/19/2022,4:45 PM,7/19/2022 16:45:16,7/19/2022 16:47:15,119,5914.56,4244.1,5,318
PTR_W_19,WetS19,7/19/2022,4:51 PM,7/19/2022 16:51:48,7/19/2022 16:53:47,119,5914.56,4244.1,5,318
PTR_W_19,WetS19,7/19/2022,4:54 PM,7/19/2022 16:54:48,7/19/2022 16:56:47,119,5914.56,4244.1,5,318
PTR_W_20,WetS20,7/19/2022,4:58 PM,7/19/2022 16:58:04,7/19/2022 17:00:03,119,5914.56,4244.1,5,318
PTR_W_20,WetS20,7/19/2022,5:01 PM,7/19/2022 17:01:05,7/19/2022 17:03:04,119,5914.56,4244.1,5,318
PTR_W_21,WetS21,7/19/2022,5:04 PM,7/19/2022 17:04:33,7/19/2022 17:06:32,119,5914.56,4244.1,5,318
PTR_W_21,WetS21,7/19/2022,5:07 PM,7/19/2022 17:07:33,7/19/2022 17:09:32,119,5914.56,4244.1,5,318
PTR_W_22,WetS22,7/19/2022,5:10 PM,7/19/2022 17:10:58,7/19/2022 17:12:57,119,5914.56,4244.1,5,318
PTR_W_22,WetS22,7/19/2022,5:13 PM,7/19/2022 17:13:58,7/19/2022 17:15:57,119,5914.56,4244.1,5,318
PTR_W_23,WetS23,7/19/2022,5:17 PM,7/19/2022 17:17:05,7/19/2022 17:19:04,119,5914.56,4244.1,5,318
PTR_W_23,WetS23,7/19/2022,5:20 PM,7/19/2022 17:20:05,7/19/2022 17:22:04,119,5914.56,4244.1,5,318
PTR_W_24,WetS24,7/19/2022,5:23 PM,7/19/2022 17:23:15,7/19/2022 17:25:14,119,5914.56,4244.1,5,318
PTR_W_24,WetS24,7/19/2022,5:26 PM,7/19/2022 17:26:15,7/19/2022 17:28:14,119,5914.56,4244.1,5,318
PTR_W_20,WetS20,8/18/2022,8:20 AM,8/18/2022 8:20:18,8/18/2022 8:21:17,59,5914.56,4244.1,5,318
PTR_W_20,WetS20,8/18/2022,8:22 AM,8/18/2022 8:22:18,8/18/2022 8:23:18,60,5914.56,4244.1,5,318
PTR_W_19,WetS19,8/18/2022,8:29 AM,8/18/2022 8:29:17,8/18/2022 8:30:16,59,5914.56,4244.1,5,318
PTR_W_19,WetS19,8/18/2022,8:31 AM,8/18/2022 8:31:17,8/18/2022 8:32:17,60,5914.56,4244.1,5,318
PTR_W_18,WetS18,8/18/2022,8:35 AM,8/18/2022 8:35:28,8/18/2022 8:36:27,59,5914.56,4244.1,5,318
PTR_W_18,WetS18,8/18/2022,8:37 AM,8/18/2022 8:37:28,8/18/2022 8:38:27,59,5914.56,4244.1,5,318
PTR_W_17,WetS17,8/18/2022,8:40 AM,8/18/2022 8:40:14,8/18/2022 8:41:13,59,5914.56,4244.1,5,318
PTR_W_17,WetS17,8/18/2022,8:42 AM,8/18/2022 8:42:14,8/18/2022 8:43:14,60,5914.56,4244.1,5,318
PTR_W_21,WetS21,8/18/2022,8:45 AM,8/18/2022 8:45:13,8/18/2022 8:46:12,59,5914.56,4244.1,5,318
PTR_W_21,WetS21,8/18/2022,8:47 AM,8/18/2022 8:47:13,8/18/2022 8:48:12,59,5914.56,4244.1,5,318
PTR_W_22,WetS22,8/18/2022,8:49 AM,8/18/2022 8:49:57,8/18/2022 8:50:56,59,5914.56,4244.1,5,318
PTR_W_22,WetS22,8/18/2022,8:51 AM,8/18/2022 8:51:57,8/18/2022 8:52:56,59,5914.56,4244.1,5,318
PTR_W_23,WetS23,8/18/2022,8:54 AM,8/18/2022 8:54:26,8/18/2022 8:55:24,58,5914.56,4244.1,5,318
PTR_W_23,WetS23,8/18/2022,8:56 AM,8/18/2022 8:56:26,8/18/2022 8:57:25,59,5914.56,4244.1,5,318
PTR_W_24,WetS24,8/18/2022,8:58 AM,8/18/2022 8:58:48,8/18/2022 8:59:48,60,5914.56,4244.1,5,318
PTR_W_24,WetS24,8/18/2022,9:00 AM,8/18/2022 9:00:49,8/18/2022 9:01:47,58,5914.56,4244.1,5,318
PTR_TR_16,TrS16,8/18/2022,9:06 AM,8/18/2022 9:06:08,8/18/2022 9:07:07,59,5914.56,4244.1,5,318
PTR_TR_16,TrS16,8/18/2022,9:08 AM,8/18/2022 9:08:08,8/18/2022 9:09:06,58,5914.56,4244.1,5,318
PTR_TR_12,TrS12,8/18/2022,9:10 AM,8/18/2022 9:10:45,8/18/2022 9:11:45,60,5914.56,4244.1,5,318
PTR_TR_12,TrS12,8/18/2022,9:12 AM,8/18/2022 9:12:46,8/18/2022 9:13:45,59,5914.56,4244.1,5,318
PTR_TR_13,TrS13,8/18/2022,9:15 AM,8/18/2022 9:15:07,8/18/2022 9:16:07,60,5914.56,4244.1,5,318
PTR_TR_13,TrS13,8/18/2022,9:17 AM,8/18/2022 9:17:08,8/18/2022 9:18:07,59,5914.56,4244.1,5,318
PTR_TR_14,TrS14,8/18/2022,9:21 AM,8/18/2022 9:21:12,8/18/2022 9:22:11,59,5914.56,4244.1,5,318
PTR_TR_14,TrS14,8/18/2022,9:23 AM,8/18/2022 9:23:12,8/18/2022 9:24:12,60,5914.56,4244.1,5,318
PTR_TR_15,TrS15,8/18/2022,9:27 AM,8/18/2022 9:27:13,8/18/2022 9:28:12,59,5914.56,4244.1,5,318
PTR_TR_15,TrS15,8/18/2022,9:29 AM,8/18/2022 9:29:13,8/18/2022 9:30:12,59,5914.56,4244.1,5,318
PTR_TR_10,TrS10,8/18/2022,9:31 AM,8/18/2022 9:31:46,8/18/2022 9:32:44,58,5914.56,4244.1,5,318
PTR_TR_10,TrS10,8/18/2022,9:33 AM,8/18/2022 9:33:46,8/18/2022 9:34:45,59,5914.56,4244.1,5,318
PTR_TR_11,TrS11,8/18/2022,9:36 AM,8/18/2022 9:36:17,8/18/2022 9:37:17,60,5914.56,4244.1,5,318
PTR_TR_11,TrS11,8/18/2022,9:38 AM,8/18/2022 9:38:18,8/18/2022 9:39:17,59,5914.56,4244.1,5,318
PTR_TR_9_D,TrS09d,8/18/2022,9:52 AM,8/18/2022 9:52:14,8/18/2022 9:53:13,59,5914.56,4244.1,5,318
PTR_UP_1_B,UpS01b,8/18/2022,10:02 AM,8/18/2022 10:02:20,8/18/2022 10:03:20,60,5914.56,4244.1,5,318
PTR_UP_1_B,UpS01b,8/18/2022,10:04 AM,8/18/2022 10:04:21,8/18/2022 10:05:20,59,5914.56,4244.1,5,318
PTR_UP_4,UpS04,8/18/2022,10:06 AM,8/18/2022 10:06:35,8/18/2022 10:07:34,59,5914.56,4244.1,5,318
PTR_UP_4,UpS04,8/18/2022,10:08 AM,8/18/2022 10:08:35,8/18/2022 10:09:35,60,5914.56,4244.1,5,318
PTR_UP_2,UpS02,8/18/2022,10:12 AM,8/18/2022 10:12:18,8/18/2022 10:13:17,59,5914.56,4244.1,5,318
PTR_UP_2,UpS02,8/18/2022,10:14 AM,8/18/2022 10:14:18,8/18/2022 10:15:17,59,5914.56,4244.1,5,318
PTR_UP_3,UpS03,8/18/2022,10:16 AM,8/18/2022 10:16:28,8/18/2022 10:17:27,59,5914.56,4244.1,5,318
PTR_UP_3,UpS03,8/18/2022,10:18 AM,8/18/2022 10:18:28,8/18/2022 10:19:27,59,5914.56,4244.1,5,318
PTR_UP_8,UpS08,8/18/2022,10:20 AM,8/18/2022 10:20:46,8/18/2022 10:21:45,59,5914.56,4244.1,5,318
PTR_UP_8,UpS08,8/18/2022,10:22 AM,8/18/2022 10:22:46,8/18/2022 10:23:46,60,5914.56,4244.1,5,318
PTR_UP_7,UpS07,8/18/2022,10:25 AM,8/18/2022 10:25:44,8/18/2022 10:26:43,59,5914.56,4244.1,5,318
PTR_UP_7,UpS07,8/18/2022,10:27 AM,8/18/2022 10:27:44,8/18/2022 10:28:44,60,5914.56,4244.1,5,318
PTR_UP_6,UpS06,8/18/2022,10:30 AM,8/18/2022 10:30:06,8/18/2022 10:31:05,59,5914.56,4244.1,5,318
PTR_UP_6,UpS06,8/18/2022,10:32 AM,8/18/2022 10:32:06,8/18/2022 10:33:06,60,5914.56,4244.1,5,318
PTR_UP_5,UpS05,8/18/2022,10:34 AM,8/18/2022 10:34:15,8/18/2022 10:35:14,59,5914.56,4244.1,5,318
PTR_UP_5,UpS05,8/18/2022,10:36 AM,8/18/2022 10:36:15,8/18/2022 10:37:15,60,5914.56,4244.1,5,318
PTR_UP_3_D,UPS3d,10/7/2022,8:26 AM,10/7/2022 8:26:08,10/7/2022 8:27:08,60,5914.56,4244.1,5,318
PTR_UP_2,UPS2,10/7/2022,8:30 AM,10/7/2022 8:30:02,10/7/2022 8:31:02,60,5914.56,4244.1,5,318
PTR_UP_5,UPS5,10/7/2022,8:33 AM,10/7/2022 8:33:32,10/7/2022 8:34:32,60,5914.56,4244.1,5,318
PTR_UP_5,UPS5,10/7/2022,8:34 AM,10/7/2022 8:34:57,10/7/2022 8:35:57,60,5914.56,4244.1,5,318
PTR_UP_6,UPS6,10/7/2022,8:38 AM,10/7/2022 8:38:23,10/7/2022 8:39:23,60,5914.56,4244.1,5,318
PTR_UP_6,UPS6,10/7/2022,8:39 AM,10/7/2022 8:39:45,10/7/2022 8:40:45,60,5914.56,4244.1,5,318
PTR_UP_7,UPS7,10/7/2022,8:43 AM,10/7/2022 8:43:37,10/7/2022 8:44:37,60,5914.56,4244.1,5,318
PTR_UP_7,UPS7,10/7/2022,8:45 AM,10/7/2022 8:45:02,10/7/2022 8:46:02,60,5914.56,4244.1,5,318
PTR_UP_4,UPS4,10/7/2022,8:49 AM,10/7/2022 8:49:34,10/7/2022 8:50:34,60,5914.56,4244.1,5,318
PTR_UP_4,UPS4,10/7/2022,8:51 AM,10/7/2022 8:51:00,10/7/2022 8:52:00,60,5914.56,4244.1,5,318
PTR_TR_11,TR11,10/7/2022,8:56 AM,10/7/2022 8:56:47,10/7/2022 8:57:46,59,5914.56,4244.1,5,318
PTR_TR_11,TR11,10/7/2022,8:58 AM,10/7/2022 8:58:12,10/7/2022 8:59:12,60,5914.56,4244.1,5,318
PTR_TR_12,TR12,10/7/2022,9:02 AM,10/7/2022 9:02:07,10/7/2022 9:03:07,60,5914.56,4244.1,5,318
PTR_TR_12,TR12,10/7/2022,9:03 AM,10/7/2022 9:03:32,10/7/2022 9:04:32,60,5914.56,4244.1,5,318
PTR_TR_14,TR14,10/7/2022,9:08 AM,10/7/2022 9:08:37,10/7/2022 9:09:37,60,5914.56,4244.1,5,318
PTR_TR_14,TR14,10/7/2022,9:10 AM,10/7/2022 9:10:03,10/7/2022 9:11:03,60,5914.56,4244.1,5,318
PTR_TR_14_B,TR14b,10/7/2022,9:11 AM,10/7/2022 9:11:59,10/7/2022 9:12:59,60,5914.56,4244.1,5,318
PTR_TR_14_B,TR14b,10/7/2022,9:13 AM,10/7/2022 9:13:24,10/7/2022 9:14:24,60,5914.56,4244.1,5,318
PTR_TR_15,TR15,10/7/2022,9:21 AM,10/7/2022 9:21:48,10/7/2022 9:22:47,59,5914.56,4244.1,5,318
PTR_TR_15,TR15,10/7/2022,9:23 AM,10/7/2022 9:23:13,10/7/2022 9:24:13,60,5914.56,4244.1,5,318
PTR_TR_R9,TR9,10/7/2022,9:27 AM,10/7/2022 9:27:38,10/7/2022 9:28:38,60,5914.56,4244.1,5,318
PTR_TR_R9,TR9,10/7/2022,9:29 AM,10/7/2022 9:29:04,10/7/2022 9:30:03,59,5914.56,4244.1,5,318
PTR_TR_20,TR20,10/7/2022,9:44 AM,10/7/2022 9:44:15,10/7/2022 9:45:15,60,5914.56,4244.1,5,318
PTR_TR_20,TR20,10/7/2022,9:45 AM,10/7/2022 9:45:41,10/7/2022 9:46:40,59,5914.56,4244.1,5,318
PTR_TR_17,TR17,10/7/2022,10:00 AM,10/7/2022 10:00:57,10/7/2022 10:01:57,60,5914.56,4244.1,5,318
PTR_TR_17,TR17,10/7/2022,10:02 AM,10/7/2022 10:02:23,10/7/2022 10:03:23,60,5914.56,4244.1,5,318
PTR_TR_18_D,TR18d,10/7/2022,10:52 AM,10/7/2022 10:52:04,10/7/2022 10:53:04,60,5914.56,4244.1,5,318
PTR_TR_18_D,TR18d,10/7/2022,10:53 AM,10/7/2022 10:53:30,10/7/2022 10:54:29,59,5914.56,4244.1,5,318
PTR_TR_22,TR22,10/7/2022,10:58 AM,10/7/2022 10:58:37,10/7/2022 10:59:36,59,5914.56,4244.1,5,318
PTR_TR_22,TR22,10/7/2022,11:00 AM,10/7/2022 11:00:02,10/7/2022 11:01:02,60,5914.56,4244.1,5,318
PTR_W_23,WT23,10/7/2022,11:04 AM,10/7/2022 11:04:05,10/7/2022 11:05:05,60,5914.56,4244.1,5,318
PTR_W_23,WT23,10/7/2022,11:05 AM,10/7/2022 11:05:30,10/7/2022 11:05:35,5,5914.56,4244.1,5,318
PTR_W_1_LUCIE_VEG1,Wet_lucie_veg1,11/8/2022,2:21 PM,11/8/2022 14:21:05,11/8/2022 14:22:05,60,5914.56,4244.1,5,318
PTR_W_1_LUCIE_VEG1,Wet_lucie_veg1,11/8/2022,2:22 PM,11/8/2022 14:22:31,11/8/2022 14:23:30,59,5914.56,4244.1,5,318
PTR_W_1_LUCIE_No_VEG1,Wet_lucie_NoVeg1,11/8/2022,2:26 PM,11/8/2022 14:26:30,11/8/2022 14:27:30,60,5914.56,4244.1,5,318
PTR_W_1_LUCIE_No_VEG1,Wet_lucie_NoVeg1,11/8/2022,2:27 PM,11/8/2022 14:27:56,11/8/2022 14:28:55,59,5914.56,4244.1,5,318
PTR_W_2_LUCIE_No_VEG2,Wet_lucie_NoVeg2,11/8/2022,2:31 PM,11/8/2022 14:31:00,11/8/2022 14:31:59,59,5914.56,4244.1,5,318
PTR_W_2_LUCIE_No_VEG2,Wet_lucie_NoVeg2,11/8/2022,2:32 PM,11/8/2022 14:32:26,11/8/2022 14:33:25,59,5914.56,4244.1,5,318
PTR_W_3_LUCIE_No_VEG3,Wet_lucie_NoVeg3,11/8/2022,2:36 PM,11/8/2022 14:36:25,11/8/2022 14:37:24,59,5914.56,4244.1,5,318
PTR_W_3_LUCIE_No_VEG3,Wet_lucie_NoVeg3,11/8/2022,2:37 PM,11/8/2022 14:37:50,11/8/2022 14:37:55,5,5914.56,4244.1,5,318
PTR_W_2_LUCIE_VEG2,Wet_lucie_veg2,11/8/2022,2:45 PM,11/8/2022 14:45:03,11/8/2022 14:46:03,60,5914.56,4244.1,5,318
PTR_W_2_LUCIE_VEG2,Wet_lucie_veg2,11/8/2022,2:46 PM,11/8/2022 14:46:28,11/8/2022 14:47:27,59,5914.56,4244.1,5,318
PTR_W_3_LUCIE_VEG3,Wet_lucie_veg3,11/8/2022,2:51 PM,11/8/2022 14:51:59,11/8/2022 14:52:58,59,5914.56,4244.1,5,318
PTR_W_3_LUCIE_VEG3,Wet_lucie_veg3,11/8/2022,2:53 PM,11/8/2022 14:53:23,11/8/2022 14:54:23,60,5914.56,4244.1,5,318
PTR_W_4_LUCIE_No_VEG4,Wet_lucie_noVeg4,11/8/2022,2:56 PM,11/8/2022 14:56:06,11/8/2022 14:57:06,60,5914.56,4244.1,5,318
PTR_W_4_LUCIE_No_VEG4,Wet_lucie_noVeg4,11/8/2022,2:57 PM,11/8/2022 14:57:32,11/8/2022 14:58:31,59,5914.56,4244.1,5,318
OWC_UP_51,UPS51,11/4/2022,10:59 AM,11/4/2022 10:59:32,11/4/2022 11:00:32,60,1636.96,0,5,318
OWC_UP_51,UPS51,11/4/2022,11:00 AM,11/4/2022 11:00:58,11/4/2022 11:01:58,60,1636.96,0,5,318
OWC_UP_52,UPS52,11/4/2022,11:10 AM,11/4/2022 11:10:11,11/4/2022 11:11:10,59,1636.96,0,5,318
OWC_UP_52,UPS52,11/4/2022,11:11 AM,11/4/2022 11:11:37,11/4/2022 11:12:37,60,1636.96,0,5,318
OWC_UP_50,UPS50,11/4/2022,11:16 AM,11/4/2022 11:16:39,11/4/2022 11:17:39,60,1636.96,0,5,318
OWC_UP_50,UPS50,11/4/2022,11:18 AM,11/4/2022 11:18:05,11/4/2022 11:19:05,60,1636.96,0,5,318
OWC_UP_55,UPS55,11/4/2022,11:20 AM,11/4/2022 11:20:52,11/4/2022 11:21:51,59,1636.96,0,5,318
OWC_UP_55,UPS55,11/4/2022,11:22 AM,11/4/2022 11:22:18,11/4/2022 11:23:18,60,1636.96,0,5,318
OWC_UP_56,UPS56,11/4/2022,11:25 AM,11/4/2022 11:25:14,11/4/2022 11:26:14,60,1636.96,0,5,318
OWC_UP_56,UPS56,11/4/2022,11:26 AM,11/4/2022 11:26:41,11/4/2022 11:27:40,59,1636.96,0,5,318
OWC_W_64,WetS64,11/4/2022,12:02 PM,11/4/2022 12:02:00,11/4/2022 12:03:00,60,1636.96,0,5,318
OWC_W_64,WetS64,11/4/2022,12:03 PM,11/4/2022 12:03:24,11/4/2022 12:04:24,60,1636.96,0,5,318
OWC_W_66,WetS66,11/4/2022,12:06 PM,11/4/2022 12:06:24,11/4/2022 12:07:24,60,1636.96,0,5,318
OWC_W_66,WetS66,11/4/2022,12:07 PM,11/4/2022 12:07:50,11/4/2022 12:08:50,60,1636.96,0,5,318
OWC_W_67,WetS67,11/4/2022,12:11 PM,11/4/2022 12:11:47,11/4/2022 12:12:47,60,1636.96,0,5,318
OWC_W_67,WetS67,11/4/2022,12:13 PM,11/4/2022 12:13:14,11/4/2022 12:14:13,59,1636.96,0,5,318
OWC_W_71,WetS71,11/4/2022,12:18 PM,11/4/2022 12:18:58,11/4/2022 12:19:58,60,1636.96,0,5,318
OWC_W_71,WetS71,11/4/2022,12:20 PM,11/4/2022 12:20:24,11/4/2022 12:21:24,60,1636.96,0,5,318
OWC_W_72,WetS72,11/4/2022,12:27 PM,11/4/2022 12:27:16,11/4/2022 12:28:16,60,1636.96,0,5,318
OWC_W_72,WetS72,11/4/2022,12:28 PM,11/4/2022 12:28:42,11/4/2022 12:29:42,60,1636.96,0,5,318
OWC_W_68,WetS68,11/4/2022,12:33 PM,11/4/2022 12:33:46,11/4/2022 12:34:46,60,1636.96,0,5,318
OWC_W_68,WetS68,11/4/2022,12:35 PM,11/4/2022 12:35:12,11/4/2022 12:36:12,60,1636.96,0,5,318
OWC_W_69,WetS69,11/4/2022,12:38 PM,11/4/2022 12:38:39,11/4/2022 12:39:39,60,1636.96,0,5,318
OWC_W_69,WetS69,11/4/2022,12:40 PM,11/4/2022 12:40:04,11/4/2022 12:41:04,60,1636.96,0,5,318
PTR_UP_3,UpS3,11/8/2022,10:25 AM,11/8/2022 10:25:51,11/8/2022 10:26:50,59,5914.56,4244.1,5,318
PTR_UP_3,UpS3,11/8/2022,10:27 AM,11/8/2022 10:27:16,11/8/2022 10:28:15,59,5914.56,4244.1,5,318
PTR_UP_2,UpS2,11/8/2022,10:29 AM,11/8/2022 10:29:57,11/8/2022 10:30:56,59,5914.56,4244.1,5,318
PTR_UP_2,UpS2,11/8/2022,10:31 AM,11/8/2022 10:31:22,11/8/2022 10:32:22,60,5914.56,4244.1,5,318
PTR_UP_4,UpS4,11/8/2022,10:35 AM,11/8/2022 10:35:24,11/8/2022 10:36:23,59,5914.56,4244.1,5,318
PTR_UP_4,UpS4,11/8/2022,10:36 AM,11/8/2022 10:36:49,11/8/2022 10:37:48,59,5914.56,4244.1,5,318
PTR_UP_6,UpS6,11/8/2022,10:42 AM,11/8/2022 10:42:25,11/8/2022 10:43:24,59,5914.56,4244.1,5,318
PTR_UP_6,UpS6,11/8/2022,10:43 AM,11/8/2022 10:43:50,11/8/2022 10:44:49,59,5914.56,4244.1,5,318
PTR_UP_7,UpS7,11/8/2022,10:47 AM,11/8/2022 10:47:54,11/8/2022 10:48:53,59,5914.56,4244.1,5,318
PTR_UP_7,UpS7,11/8/2022,10:49 AM,11/8/2022 10:49:20,11/8/2022 10:50:19,59,5914.56,4244.1,5,318
PTR_TR_11_B,TrS11b,11/8/2022,11:09 AM,11/8/2022 11:09:21,11/8/2022 11:10:20,59,5914.56,4244.1,5,318
PTR_TR_11_B,TrS11b,11/8/2022,11:10 AM,11/8/2022 11:10:45,11/8/2022 11:11:45,60,5914.56,4244.1,5,318
PTR_TR_9,TrS9,11/8/2022,11:16 AM,11/8/2022 11:16:19,11/8/2022 11:17:19,60,5914.56,4244.1,5,318
PTR_TR_9,TrS9,11/8/2022,11:17 AM,11/8/2022 11:17:45,11/8/2022 11:18:44,59,5914.56,4244.1,5,318
PTR_TR_9_B,TrS9b,11/8/2022,11:20 AM,11/8/2022 11:20:04,11/8/2022 11:21:03,59,5914.56,4244.1,5,318
PTR_TR_9_B,TrS9b,11/8/2022,11:21 AM,11/8/2022 11:21:29,11/8/2022 11:22:28,59,5914.56,4244.1,5,318
PTR_TR_15,TrS15,11/8/2022,11:25 AM,11/8/2022 11:25:14,11/8/2022 11:26:14,60,5914.56,4244.1,5,318
PTR_TR_15,TrS15,11/8/2022,11:26 AM,11/8/2022 11:26:40,11/8/2022 11:27:39,59,5914.56,4244.1,5,318
PTR_TR_5_B,TrS15b,11/8/2022,11:28 AM,11/8/2022 11:28:41,11/8/2022 11:29:41,60,5914.56,4244.1,5,318
PTR_TR_5_B,TrS15b,11/8/2022,11:30 AM,11/8/2022 11:30:07,11/8/2022 11:31:06,59,5914.56,4244.1,5,318
PTR_TR_14,TrS14,11/8/2022,11:34 AM,11/8/2022 11:34:13,11/8/2022 11:35:12,59,5914.56,4244.1,5,318
PTR_TR_14,TrS14,11/8/2022,11:35 AM,11/8/2022 11:35:38,11/8/2022 11:36:37,59,5914.56,4244.1,5,318
PTR_TR_16,TrS16,11/8/2022,11:43 AM,11/8/2022 11:43:06,11/8/2022 11:44:06,60,5914.56,4244.1,5,318
PTR_TR_16,TrS16,11/8/2022,11:44 AM,11/8/2022 11:44:32,11/8/2022 11:45:31,59,5914.56,4244.1,5,318
PTR_TR_12,TrS12,11/8/2022,11:57 AM,11/8/2022 11:57:01,11/8/2022 11:58:00,59,5914.56,4244.1,5,318
PTR_TR_12,TrS12,11/8/2022,11:58 AM,11/8/2022 11:58:26,11/8/2022 11:59:25,59,5914.56,4244.1,5,318
PTR_TR_13,TrS13,11/8/2022,12:01 PM,11/8/2022 12:01:54,11/8/2022 12:02:53,59,5914.56,4244.1,5,318
PTR_TR_13,TrS13,11/8/2022,12:03 PM,11/8/2022 12:03:19,11/8/2022 12:04:16,57,5914.56,4244.1,5,318
PTR_W_18,WetS18,11/8/2022,12:11 PM,11/8/2022 12:11:54,11/8/2022 12:12:53,59,5914.56,4244.1,5,318
PTR_W_18,WetS18,11/8/2022,12:13 PM,11/8/2022 12:13:19,11/8/2022 12:14:19,60,5914.56,4244.1,5,318
PTR_W_17,WetS17,11/8/2022,12:16 PM,11/8/2022 12:16:37,11/8/2022 12:17:37,60,5914.56,4244.1,5,318
PTR_W_17,WetS17,11/8/2022,12:18 PM,11/8/2022 12:18:03,11/8/2022 12:19:02,59,5914.56,4244.1,5,318
PTR_W_20,WetS20,11/8/2022,12:22 PM,11/8/2022 12:22:33,11/8/2022 12:23:33,60,5914.56,4244.1,5,318
PTR_W_20,WetS20,11/8/2022,12:23 PM,11/8/2022 12:23:58,11/8/2022 12:24:58,60,5914.56,4244.1,5,318
PTR_W_23,WetS23,11/8/2022,12:28 PM,11/8/2022 12:28:09,11/8/2022 12:29:09,60,5914.56,4244.1,5,318
PTR_W_23,WetS23,11/8/2022,12:29 PM,11/8/2022 12:29:35,11/8/2022 12:30:34,59,5914.56,4244.1,5,318
PTR_W_22,WetS22,11/8/2022,12:33 PM,11/8/2022 12:33:07,11/8/2022 12:34:06,59,5914.56,4244.1,5,318
PTR_W_22,WetS22,11/8/2022,12:34 PM,11/8/2022 12:34:32,11/8/2022 12:35:32,60,5914.56,4244.1,5,318
