"InstrumentSerialNumber","Plot_ID","SN","Date","Time_start","First_Timestamp","Last_Timestamp","Total_Time","drop","Notes"
"TG10-01028","1_Aug_CRC_TR_35","TG10-01028","2022-08-16","07:47:39",2022-08-16 07:47:39,2022-08-16 07:48:38,59,FALSE,""
"TG10-01028","1_Aug_CRC_TR_36","TG10-01028","2022-08-16","07:51:53",2022-08-16 07:51:53,2022-08-16 07:52:52,59,FALSE,""
"TG10-01028","1_Aug_CRC_TR_38","TG10-01028","2022-08-16","07:56:52",2022-08-16 07:56:52,2022-08-16 07:57:51,59,FALSE,""
"TG10-01028","1_Aug_CRC_TR_39","TG10-01028","2022-08-16","08:00:59",2022-08-16 08:00:59,2022-08-16 08:01:59,60,FALSE,""
"TG10-01028","1_Aug_CRC_TR_40","TG10-01028","2022-08-16","08:05:11",2022-08-16 08:05:11,2022-08-16 08:06:10,59,FALSE,""
"TG10-01028","1_Aug_CRC_UP_26","TG10-01028","2022-08-16","12:44:04",2022-08-16 12:44:04,2022-08-16 12:45:04,60,FALSE,""
"TG10-01028","1_Aug_CRC_UP_28","TG10-01028","2022-08-16","12:54:41",2022-08-16 12:54:41,2022-08-16 12:55:40,59,FALSE,""
"TG10-01028","1_Aug_CRC_UP_29","TG10-01028","2022-08-16","12:59:58",2022-08-16 12:59:58,2022-08-16 13:00:57,59,FALSE,""
"TG10-01028","1_Aug_CRC_UP_31","TG10-01028","2022-08-16","12:49:04",2022-08-16 12:49:04,2022-08-16 12:50:03,59,FALSE,""
"TG10-01028","1_Aug_CRC_UP_32","TG10-01028","2022-08-16","13:08:58",2022-08-16 13:08:58,2022-08-16 13:09:57,59,FALSE,""
"TG10-01028","1_Aug_CRC_W_41","TG10-01028","2022-08-16","07:19:15",2022-08-16 07:19:15,2022-08-16 07:20:14,59,FALSE,""
"TG10-01028","1_Aug_CRC_W_42","TG10-01028","2022-08-16","07:10:48",2022-08-16 07:10:48,2022-08-16 07:11:47,59,FALSE,""
"TG10-01028","1_Aug_CRC_W_43","TG10-01028","2022-08-16","07:04:51",2022-08-16 07:04:51,2022-08-16 07:05:50,59,FALSE,""
"TG10-01028","1_Aug_CRC_W_46","TG10-01028","2022-08-16","07:25:17",2022-08-16 07:25:17,2022-08-16 07:26:16,59,FALSE,""
"TG10-01028","1_Aug_CRC_W_47","TG10-01028","2022-08-16","07:32:29",2022-08-16 07:32:29,2022-08-16 07:33:28,59,FALSE,""
"TG10-01028","1_Aug_OWC_TR_58","TG10-01028","2022-08-17","09:21:38",2022-08-17 09:21:38,2022-08-17 09:22:37,59,FALSE,""
"TG10-01028","1_Aug_OWC_TR_60","TG10-01028","2022-08-17","09:38:34",2022-08-17 09:38:34,2022-08-17 09:39:33,59,FALSE,""
"TG10-01028","1_Aug_OWC_TR_61","TG10-01028","2022-08-17","09:43:39",2022-08-17 09:43:39,2022-08-17 09:44:38,59,FALSE,""
"TG10-01028","1_Aug_OWC_TR_63","TG10-01028","2022-08-17","09:28:03",2022-08-17 09:28:03,2022-08-17 09:29:02,59,FALSE,""
"TG10-01028","1_Aug_OWC_TR_64","TG10-01028","2022-08-17","09:33:42",2022-08-17 09:33:42,2022-08-17 09:34:41,59,FALSE,""
"TG10-01028","1_Aug_OWC_UP_50","TG10-01028","2022-08-17","09:59:56",2022-08-17 09:59:56,2022-08-17 10:00:55,59,FALSE,""
"TG10-01028","1_Aug_OWC_UP_51","TG10-01028","2022-08-17","10:04:55",2022-08-17 10:04:55,2022-08-17 10:05:54,59,FALSE,""
"TG10-01028","1_Aug_OWC_UP_52","TG10-01028","2022-08-17","10:10:13",2022-08-17 10:10:13,2022-08-17 10:11:12,59,FALSE,""
"TG10-01028","1_Aug_OWC_UP_55","TG10-01028","2022-08-17","09:54:34",2022-08-17 09:54:34,2022-08-17 09:55:33,59,FALSE,""
"TG10-01028","1_Aug_OWC_UP_56","TG10-01028","2022-08-17","09:49:58",2022-08-17 09:49:58,2022-08-17 09:50:57,59,FALSE,""
"TG10-01028","1_Aug_OWC_W_66","TG10-01028","2022-08-17","10:48:32",2022-08-17 10:48:32,2022-08-17 10:49:31,59,FALSE,""
"TG10-01028","1_Aug_OWC_W_68_c","TG10-01028","2022-08-17","10:39:03",2022-08-17 10:39:03,2022-08-17 10:40:02,59,FALSE,""
"TG10-01028","1_Aug_OWC_W_70","TG10-01028","2022-08-17","10:43:44",2022-08-17 10:43:44,2022-08-17 10:44:43,59,FALSE,""
"TG10-01028","1_Aug_OWC_W_71","TG10-01028","2022-08-17","10:53:39",2022-08-17 10:53:39,2022-08-17 10:54:38,59,FALSE,""
"TG10-01028","1_Aug_OWC_W_72","TG10-01028","2022-08-17","10:58:05",2022-08-17 10:58:05,2022-08-17 10:59:04,59,FALSE,""
"TG10-01028","1_Aug_PTR_TR_09_d","TG10-01028","2022-08-18","09:52:14",2022-08-18 09:52:14,2022-08-18 09:53:13,59,FALSE,""
"TG10-01028","1_Aug_PTR_TR_10","TG10-01028","2022-08-18","09:31:46",2022-08-18 09:31:46,2022-08-18 09:32:45,59,FALSE,""
"TG10-01028","1_Aug_PTR_TR_11","TG10-01028","2022-08-18","09:36:18",2022-08-18 09:36:18,2022-08-18 09:37:17,59,FALSE,""
"TG10-01028","1_Aug_PTR_TR_12","TG10-01028","2022-08-18","09:10:46",2022-08-18 09:10:46,2022-08-18 09:11:45,59,FALSE,""
"TG10-01028","1_Aug_PTR_TR_13","TG10-01028","2022-08-18","09:15:08",2022-08-18 09:15:08,2022-08-18 09:16:07,59,FALSE,""
"TG10-01028","1_Aug_PTR_TR_14","TG10-01028","2022-08-18","09:21:12",2022-08-18 09:21:12,2022-08-18 09:22:11,59,FALSE,""
"TG10-01028","1_Aug_PTR_TR_15","TG10-01028","2022-08-18","09:27:13",2022-08-18 09:27:13,2022-08-18 09:28:12,59,FALSE,""
"TG10-01028","1_Aug_PTR_TR_16","TG10-01028","2022-08-18","09:06:08",2022-08-18 09:06:08,2022-08-18 09:07:07,59,FALSE,""
"TG10-01028","1_Aug_PTR_UP_01_b","TG10-01028","2022-08-18","10:02:21",2022-08-18 10:02:21,2022-08-18 10:03:20,59,FALSE,""
"TG10-01028","1_Aug_PTR_UP_02","TG10-01028","2022-08-18","10:12:18",2022-08-18 10:12:18,2022-08-18 10:13:17,59,FALSE,""
"TG10-01028","1_Aug_PTR_UP_03","TG10-01028","2022-08-18","10:16:28",2022-08-18 10:16:28,2022-08-18 10:17:27,59,FALSE,""
"TG10-01028","1_Aug_PTR_UP_04","TG10-01028","2022-08-18","10:06:35",2022-08-18 10:06:35,2022-08-18 10:07:34,59,FALSE,""
"TG10-01028","1_Aug_PTR_UP_05","TG10-01028","2022-08-18","10:34:15",2022-08-18 10:34:15,2022-08-18 10:35:14,59,FALSE,""
"TG10-01028","1_Aug_PTR_UP_06","TG10-01028","2022-08-18","10:30:06",2022-08-18 10:30:06,2022-08-18 10:31:05,59,FALSE,""
"TG10-01028","1_Aug_PTR_UP_07","TG10-01028","2022-08-18","10:25:44",2022-08-18 10:25:44,2022-08-18 10:26:43,59,FALSE,""
"TG10-01028","1_Aug_PTR_UP_08","TG10-01028","2022-08-18","10:20:46",2022-08-18 10:20:46,2022-08-18 10:21:45,59,FALSE,""
"TG10-01028","1_Aug_PTR_W_17","TG10-01028","2022-08-18","08:40:14",2022-08-18 08:40:14,2022-08-18 08:41:13,59,FALSE,""
"TG10-01028","1_Aug_PTR_W_18","TG10-01028","2022-08-18","08:35:28",2022-08-18 08:35:28,2022-08-18 08:36:27,59,FALSE,""
"TG10-01028","1_Aug_PTR_W_19","TG10-01028","2022-08-18","08:29:17",2022-08-18 08:29:17,2022-08-18 08:30:16,59,FALSE,""
"TG10-01028","1_Aug_PTR_W_20","TG10-01028","2022-08-18","08:20:18",2022-08-18 08:20:18,2022-08-18 08:21:17,59,FALSE,""
"TG10-01028","1_Aug_PTR_W_21","TG10-01028","2022-08-18","08:45:13",2022-08-18 08:45:13,2022-08-18 08:46:12,59,FALSE,""
"TG10-01028","1_Aug_PTR_W_22","TG10-01028","2022-08-18","08:49:57",2022-08-18 08:49:57,2022-08-18 08:50:56,59,FALSE,""
"TG10-01028","1_Aug_PTR_W_23","TG10-01028","2022-08-18","08:54:26",2022-08-18 08:54:26,2022-08-18 08:55:25,59,FALSE,""
"TG10-01028","1_Aug_PTR_W_24","TG10-01028","2022-08-18","08:58:49",2022-08-18 08:58:49,2022-08-18 08:59:48,59,FALSE,""
"TG10-01028","1_Dec_OWC_TR_58","TG10-01028","2022-12-20","10:29:23",2022-12-20 10:29:23,2022-12-20 10:30:22,59,FALSE,""
"TG10-01028","1_Dec_OWC_TR_60","TG10-01028","2022-12-20","10:46:23",2022-12-20 10:46:23,2022-12-20 10:47:22,59,FALSE,""
"TG10-01028","1_Dec_OWC_TR_61","TG10-01028","2022-12-20","10:51:42",2022-12-20 10:51:42,2022-12-20 10:52:41,59,FALSE,""
"TG10-01028","1_Dec_OWC_TR_63","TG10-01028","2022-12-20","10:57:38",2022-12-20 10:57:38,2022-12-20 10:58:37,59,FALSE,""
"TG10-01028","1_Dec_OWC_TR_63_b","TG10-01028","2022-12-20","11:01:39",2022-12-20 11:01:39,2022-12-20 11:02:38,59,FALSE,""
"TG10-01028","1_Dec_OWC_TR_64","TG10-01028","2022-12-20","11:06:37",2022-12-20 11:06:37,2022-12-20 11:07:36,59,FALSE,""
"TG10-01028","1_Jul_CRC_TR_33","TG10-01028","2022-07-08","13:58:21",2022-07-08 13:58:21,2022-07-20 09:59:21,60,FALSE,""
"TG10-01028","1_Jul_CRC_TR_34","TG10-01028","2022-07-08","14:06:00",2022-07-08 14:06:00,2022-07-12 11:24:23,60,FALSE,""
"TG10-01028","1_Jul_CRC_TR_35","TG10-01028","2022-07-08","14:12:22",2022-07-08 14:12:22,2022-07-08 14:14:21,60,FALSE,""
"TG10-01028","1_Jul_CRC_TR_36","TG10-01028","2022-07-08","14:19:00",2022-07-08 14:19:00,2022-07-20 10:04:46,60,FALSE,""
"TG10-01028","1_Jul_CRC_TR_37","TG10-01028","2022-07-08","14:25:48",2022-07-08 14:25:48,2022-07-20 10:17:03,60,FALSE,""
"TG10-01028","1_Jul_CRC_TR_39","TG10-01028","2022-07-20","10:29:35",2022-07-20 10:29:35,2022-07-20 10:30:34,59,FALSE,""
"TG10-01028","1_Jul_CRC_TR_40","TG10-01028","2022-07-12","12:20:55",2022-07-12 12:20:55,2022-07-20 10:35:47,60,FALSE,""
"TG10-01028","1_Jul_CRC_TR_45_b","TG10-01028","2022-07-12","10:49:57",2022-07-12 10:49:57,2022-07-12 10:51:56,60,FALSE,""
"TG10-01028","1_Jul_CRC_TR_45_d","TG10-01028","2022-07-12","10:56:21",2022-07-12 10:56:21,2022-07-12 10:58:20,60,FALSE,""
"TG10-01028","1_Jul_CRC_UP_25","TG10-01028","2022-07-08","10:35:19",2022-07-08 10:35:19,2022-07-12 13:31:47,60,FALSE,""
"TG10-01028","1_Jul_CRC_UP_26","TG10-01028","2022-07-08","10:51:35",2022-07-08 10:51:35,2022-07-20 13:13:30,60,FALSE,""
"TG10-01028","1_Jul_CRC_UP_26_b","TG10-01028","2022-07-08","10:58:07",2022-07-08 10:58:07,2022-07-08 11:00:06,60,FALSE,""
"TG10-01028","1_Jul_CRC_UP_27","TG10-01028","2022-07-08","11:13:45",2022-07-08 11:13:45,2022-07-12 13:07:21,60,FALSE,""
"TG10-01028","1_Jul_CRC_UP_28","TG10-01028","2022-07-08","11:39:32",2022-07-08 11:39:32,2022-07-20 13:28:06,60,FALSE,""
"TG10-01028","1_Jul_CRC_UP_28_b","TG10-01028","2022-07-08","11:45:58",2022-07-08 11:45:58,2022-07-08 11:47:57,60,FALSE,""
"TG10-01028","1_Jul_CRC_UP_29","TG10-01028","2022-07-08","11:31:17",2022-07-08 11:31:17,2022-07-20 13:18:17,60,FALSE,""
"TG10-01028","1_Jul_CRC_UP_29_b","TG10-01028","2022-07-08","11:53:14",2022-07-08 11:53:14,2022-07-12 13:16:15,60,FALSE,""
"TG10-01028","1_Jul_CRC_UP_30","TG10-01028","2022-07-08","11:21:48",2022-07-08 11:21:48,2022-07-12 13:23:52,60,FALSE,""
"TG10-01028","1_Jul_CRC_UP_31","TG10-01028","2022-07-08","10:42:55",2022-07-08 10:42:55,2022-07-20 13:01:45,60,FALSE,""
"TG10-01028","1_Jul_CRC_UP_32","TG10-01028","2022-07-08","11:06:04",2022-07-08 11:06:04,2022-07-20 13:23:03,60,FALSE,""
"TG10-01028","1_Jul_CRC_UP_32_b","TG10-01028","2022-07-12","12:57:05",2022-07-12 12:57:05,2022-07-12 12:59:04,60,FALSE,""
"TG10-01028","1_Jul_CRC_W_41","TG10-01028","2022-07-08","13:01:42",2022-07-08 13:01:42,2022-07-20 11:35:58,60,FALSE,""
"TG10-01028","1_Jul_CRC_W_42","TG10-01028","2022-07-08","13:12:30",2022-07-08 13:12:30,2022-07-20 11:30:29,60,FALSE,""
"TG10-01028","1_Jul_CRC_W_43","TG10-01028","2022-07-08","13:22:11",2022-07-08 13:22:11,2022-07-20 11:48:14,60,FALSE,""
"TG10-01028","1_Jul_CRC_W_43Firt","TG10-01028","2022-07-12","12:11:54",2022-07-12 12:11:54,2022-07-12 12:13:53,60,FALSE,""
"TG10-01028","1_Jul_CRC_W_44","TG10-01028","2022-07-08","13:45:28",2022-07-08 13:45:28,2022-07-08 13:47:28,60,FALSE,""
"TG10-01028","1_Jul_CRC_W_45","TG10-01028","2022-07-08","13:35:47",2022-07-08 13:35:47,2022-07-20 11:07:35,60,FALSE,""
"TG10-01028","1_Jul_CRC_W_46","TG10-01028","2022-07-20","11:12:51",2022-07-20 11:12:51,2022-07-20 11:13:50,59,FALSE,""
"TG10-01028","1_Jul_CRC_W_46_b","TG10-01028","2022-07-20","11:19:04",2022-07-20 11:19:04,2022-07-20 11:20:03,59,FALSE,""
"TG10-01028","1_Jul_CRC_W_47","TG10-01028","2022-07-12","11:51:22",2022-07-12 11:51:22,2022-07-12 11:53:21,60,FALSE,""
"TG10-01028","1_Jul_CRC_W_48","TG10-01028","2022-07-20","11:23:54",2022-07-20 11:23:54,2022-07-20 11:24:53,59,FALSE,""
"TG10-01028","1_Jul_OWC_TR_58","TG10-01028","2022-07-14","12:27:34",2022-07-14 12:27:34,2022-07-21 10:41:03,60,FALSE,""
"TG10-01028","1_Jul_OWC_TR_59","TG10-01028","2022-07-21","11:03:29",2022-07-21 11:03:29,2022-07-21 11:04:28,59,FALSE,""
"TG10-01028","1_Jul_OWC_TR_60","TG10-01028","2022-07-14","14:21:33",2022-07-14 14:21:33,2022-07-21 10:47:13,60,FALSE,""
"TG10-01028","1_Jul_OWC_TR_61","TG10-01028","2022-07-14","14:30:58",2022-07-14 14:30:58,2022-07-21 10:53:02,60,FALSE,""
"TG10-01028","1_Jul_OWC_TR_62","TG10-01028","2022-07-21","10:56:56",2022-07-21 10:56:56,2022-07-21 10:57:55,59,FALSE,""
"TG10-01028","1_Jul_OWC_TR_63","TG10-01028","2022-07-14","13:35:35",2022-07-14 13:35:35,2022-07-21 13:25:24,60,FALSE,""
"TG10-01028","1_Jul_OWC_TR_64","TG10-01028","2022-07-14","13:23:46",2022-07-14 13:23:46,2022-07-21 13:30:09,60,FALSE,""
"TG10-01028","1_Jul_OWC_UP_49","TG10-01028","2022-07-14","12:10:47",2022-07-14 12:10:47,2022-07-21 11:20:24,60,FALSE,""
"TG10-01028","1_Jul_OWC_UP_49_2","TG10-01028","2022-07-21","11:26:06",2022-07-21 11:26:06,2022-07-21 11:27:05,59,FALSE,""
"TG10-01028","1_Jul_OWC_UP_50","TG10-01028","2022-07-21","11:44:37",2022-07-21 11:44:37,2022-07-21 11:45:36,59,FALSE,""
"TG10-01028","1_Jul_OWC_UP_51","TG10-01028","2022-07-14","12:53:58",2022-07-14 12:53:58,2022-07-21 11:38:59,60,FALSE,""
"TG10-01028","1_Jul_OWC_UP_52","TG10-01028","2022-07-14","13:07:34",2022-07-14 13:07:34,2022-07-21 11:52:07,60,FALSE,""
"TG10-01028","1_Jul_OWC_UP_53","TG10-01028","2022-07-21","11:30:43",2022-07-21 11:30:43,2022-07-21 11:31:42,59,FALSE,""
"TG10-01028","1_Jul_OWC_UP_55","TG10-01028","2022-07-21","13:06:16",2022-07-21 13:06:16,2022-07-21 13:07:15,59,FALSE,""
"TG10-01028","1_Jul_OWC_UP_55_b","TG10-01028","2022-07-14","13:58:28",2022-07-14 13:58:28,2022-07-21 13:11:37,60,FALSE,""
"TG10-01028","1_Jul_OWC_UP_56","TG10-01028","2022-07-14","14:41:01",2022-07-14 14:41:01,2022-07-21 13:16:54,60,FALSE,""
"TG10-01028","1_Jul_PTR_TR_10","TG10-01028","2022-07-07","13:19:06",2022-07-07 13:19:06,2022-07-19 07:34:27,60,FALSE,""
"TG10-01028","1_Jul_PTR_TR_10Mid","TG10-01028","2022-07-19","10:00:23",2022-07-19 10:00:23,2022-07-19 10:02:22,60,FALSE,""
"TG10-01028","1_Jul_PTR_TR_10Mid2","TG10-01028","2022-07-19","12:58:32",2022-07-19 12:58:32,2022-07-19 13:00:31,60,FALSE,""
"TG10-01028","1_Jul_PTR_TR_10bMid","TG10-01028","2022-07-19","10:06:38",2022-07-19 10:06:38,2022-07-19 10:08:37,60,FALSE,""
"TG10-01028","1_Jul_PTR_TR_11","TG10-01028","2022-07-07","13:38:33",2022-07-07 13:38:33,2022-07-19 06:48:41,60,FALSE,""
"TG10-01028","1_Jul_PTR_TR_11Mid","TG10-01028","2022-07-19","10:13:50",2022-07-19 10:13:50,2022-07-19 10:15:49,60,FALSE,""
"TG10-01028","1_Jul_PTR_TR_11Mid2","TG10-01028","2022-07-19","13:06:11",2022-07-19 13:06:11,2022-07-19 13:08:10,60,FALSE,""
"TG10-01028","1_Jul_PTR_TR_11_b","TG10-01028","2022-07-07","13:46:17",2022-07-07 13:46:17,2022-07-07 13:48:16,60,FALSE,""
"TG10-01028","1_Jul_PTR_TR_12","TG10-01028","2022-07-07","13:29:12",2022-07-07 13:29:12,2022-07-19 07:27:49,60,FALSE,""
"TG10-01028","1_Jul_PTR_TR_12Mid","TG10-01028","2022-07-19","10:21:04",2022-07-19 10:21:04,2022-07-19 10:23:03,60,FALSE,""
"TG10-01028","1_Jul_PTR_TR_12Mid2","TG10-01028","2022-07-19","13:14:42",2022-07-19 13:14:42,2022-07-19 13:16:41,60,FALSE,""
"TG10-01028","1_Jul_PTR_TR_12_b","TG10-01028","2022-07-18","11:17:02",2022-07-18 11:17:02,2022-07-18 11:19:01,60,FALSE,""
"TG10-01028","1_Jul_PTR_TR_13","TG10-01028","2022-07-07","14:03:44",2022-07-07 14:03:44,2022-07-19 06:56:06,60,FALSE,""
"TG10-01028","1_Jul_PTR_TR_13Mid","TG10-01028","2022-07-19","10:28:07",2022-07-19 10:28:07,2022-07-19 10:30:06,60,FALSE,""
"TG10-01028","1_Jul_PTR_TR_13Mid2","TG10-01028","2022-07-19","13:38:34",2022-07-19 13:38:34,2022-07-19 13:40:33,60,FALSE,""
"TG10-01028","1_Jul_PTR_TR_14","TG10-01028","2022-07-07","14:11:12",2022-07-07 14:11:12,2022-07-19 07:03:00,60,FALSE,""
"TG10-01028","1_Jul_PTR_TR_14Mid","TG10-01028","2022-07-19","10:35:23",2022-07-19 10:35:23,2022-07-19 10:37:22,60,FALSE,""
"TG10-01028","1_Jul_PTR_TR_14Mid2","TG10-01028","2022-07-19","13:46:37",2022-07-19 13:46:37,2022-07-19 13:48:36,60,FALSE,""
"TG10-01028","1_Jul_PTR_TR_15","TG10-01028","2022-07-07","14:18:01",2022-07-07 14:18:01,2022-07-19 07:21:23,60,FALSE,""
"TG10-01028","1_Jul_PTR_TR_15Mid","TG10-01028","2022-07-19","10:43:10",2022-07-19 10:43:10,2022-07-19 10:45:09,60,FALSE,""
"TG10-01028","1_Jul_PTR_TR_15Mid2","TG10-01028","2022-07-19","13:23:41",2022-07-19 13:23:41,2022-07-19 13:25:40,60,FALSE,""
"TG10-01028","1_Jul_PTR_TR_16","TG10-01028","2022-07-07","13:55:32",2022-07-07 13:55:32,2022-07-19 07:41:22,60,FALSE,""
"TG10-01028","1_Jul_PTR_TR_16Mid","TG10-01028","2022-07-19","10:50:41",2022-07-19 10:50:41,2022-07-19 10:52:40,60,FALSE,""
"TG10-01028","1_Jul_PTR_TR_16Mid2","TG10-01028","2022-07-19","13:56:00",2022-07-19 13:56:00,2022-07-19 13:57:59,60,FALSE,""
"TG10-01028","1_Jul_PTR_TR_9","TG10-01028","2022-07-07","13:09:54",2022-07-07 13:09:54,2022-07-19 07:10:23,60,FALSE,""
"TG10-01028","1_Jul_PTR_TR_9Mid","TG10-01028","2022-07-19","09:52:55",2022-07-19 09:52:55,2022-07-19 09:54:54,60,FALSE,""
"TG10-01028","1_Jul_PTR_TR_9Mid2","TG10-01028","2022-07-19","12:49:07",2022-07-19 12:49:07,2022-07-19 12:51:06,60,FALSE,""
"TG10-01028","1_Jul_PTR_TR_9_b","TG10-01028","2022-07-18","12:32:41",2022-07-18 12:32:41,2022-07-18 12:34:40,60,FALSE,""
"TG10-01028","1_Jul_PTR_UPDmonTRtion","TG10-01028","2022-07-18","14:01:18",2022-07-18 14:01:18,2022-07-18 14:03:17,60,FALSE,""
"TG10-01028","1_Jul_PTR_UP_1","TG10-01028","2022-07-07","11:14:02",2022-07-07 11:14:02,2022-07-19 05:47:12,60,FALSE,""
"TG10-01028","1_Jul_PTR_UP_1Mid","TG10-01028","2022-07-19","09:06:59",2022-07-19 09:06:59,2022-07-19 09:08:58,60,FALSE,""
"TG10-01028","1_Jul_PTR_UP_1bMid2","TG10-01028","2022-07-19","14:18:42",2022-07-19 14:18:42,2022-07-19 14:20:41,60,FALSE,""
"TG10-01028","1_Jul_PTR_UP_2","TG10-01028","2022-07-07","11:31:08",2022-07-07 11:31:08,2022-07-19 06:02:29,60,FALSE,""
"TG10-01028","1_Jul_PTR_UP_20_b","TG10-01028","2022-07-18","12:53:52",2022-07-18 12:53:52,2022-07-18 12:55:51,60,FALSE,""
"TG10-01028","1_Jul_PTR_UP_20_c","TG10-01028","2022-07-18","12:59:40",2022-07-18 12:59:40,2022-07-18 13:01:39,60,FALSE,""
"TG10-01028","1_Jul_PTR_UP_23","TG10-01028","2022-07-18","13:08:12",2022-07-18 13:08:12,2022-07-18 13:10:11,60,FALSE,""
"TG10-01028","1_Jul_PTR_UP_23_b","TG10-01028","2022-07-18","13:14:23",2022-07-18 13:14:23,2022-07-18 13:16:22,60,FALSE,""
"TG10-01028","1_Jul_PTR_UP_2Mid","TG10-01028","2022-07-19","09:00:16",2022-07-19 09:00:16,2022-07-19 09:02:15,60,FALSE,""
"TG10-01028","1_Jul_PTR_UP_2Mid2","TG10-01028","2022-07-19","14:42:21",2022-07-19 14:42:21,2022-07-19 14:44:20,60,FALSE,""
"TG10-01028","1_Jul_PTR_UP_3","TG10-01028","2022-07-07","11:41:44",2022-07-07 11:41:44,2022-07-19 06:32:17,60,FALSE,""
"TG10-01028","1_Jul_PTR_UP_3Mid","TG10-01028","2022-07-19","08:53:21",2022-07-19 08:53:21,2022-07-19 08:55:20,60,FALSE,""
"TG10-01028","1_Jul_PTR_UP_3Mid2","TG10-01028","2022-07-19","14:34:09",2022-07-19 14:34:09,2022-07-19 14:36:08,60,FALSE,""
"TG10-01028","1_Jul_PTR_UP_3_a","TG10-01028","2022-07-07","11:50:11",2022-07-07 11:50:11,2022-07-07 11:52:10,60,FALSE,""
"TG10-01028","1_Jul_PTR_UP_4","TG10-01028","2022-07-07","12:03:50",2022-07-07 12:03:50,2022-07-19 05:54:43,60,FALSE,""
"TG10-01028","1_Jul_PTR_UP_4Mid","TG10-01028","2022-07-19","09:13:51",2022-07-19 09:13:51,2022-07-19 09:15:50,60,FALSE,""
"TG10-01028","1_Jul_PTR_UP_4Mid2","TG10-01028","2022-07-19","14:26:18",2022-07-19 14:26:18,2022-07-19 14:28:17,60,FALSE,""
"TG10-01028","1_Jul_PTR_UP_5","TG10-01028","2022-07-07","12:14:30",2022-07-07 12:14:30,2022-07-19 06:17:32,60,FALSE,""
"TG10-01028","1_Jul_PTR_UP_5Mid","TG10-01028","2022-07-19","09:21:04",2022-07-19 09:21:04,2022-07-19 09:23:03,60,FALSE,""
"TG10-01028","1_Jul_PTR_UP_5Mid2","TG10-01028","2022-07-19","15:11:32",2022-07-19 15:11:32,2022-07-19 15:13:31,60,FALSE,""
"TG10-01028","1_Jul_PTR_UP_5_b","TG10-01028","2022-07-07","12:21:52",2022-07-07 12:21:52,2022-07-07 12:23:51,60,FALSE,""
"TG10-01028","1_Jul_PTR_UP_6","TG10-01028","2022-07-07","12:42:30",2022-07-07 12:42:30,2022-07-19 06:39:35,60,FALSE,""
"TG10-01028","1_Jul_PTR_UP_6Mid","TG10-01028","2022-07-19","09:28:20",2022-07-19 09:28:20,2022-07-19 09:30:19,60,FALSE,""
"TG10-01028","1_Jul_PTR_UP_6Mid2","TG10-01028","2022-07-19","15:04:47",2022-07-19 15:04:47,2022-07-19 15:06:46,60,FALSE,""
"TG10-01028","1_Jul_PTR_UP_7","TG10-01028","2022-07-07","12:52:48",2022-07-07 12:52:48,2022-07-19 06:24:20,60,FALSE,""
"TG10-01028","1_Jul_PTR_UP_7Mid","TG10-01028","2022-07-19","09:35:19",2022-07-19 09:35:19,2022-07-19 09:37:18,60,FALSE,""
"TG10-01028","1_Jul_PTR_UP_7Mid2","TG10-01028","2022-07-19","14:57:27",2022-07-19 14:57:27,2022-07-19 14:59:26,60,FALSE,""
"TG10-01028","1_Jul_PTR_UP_8","TG10-01028","2022-07-07","12:59:48",2022-07-07 12:59:48,2022-07-19 06:10:01,60,FALSE,""
"TG10-01028","1_Jul_PTR_UP_8Mid","TG10-01028","2022-07-19","09:42:42",2022-07-19 09:42:42,2022-07-19 09:44:41,60,FALSE,""
"TG10-01028","1_Jul_PTR_UP_8Mid2","TG10-01028","2022-07-19","14:49:21",2022-07-19 14:49:21,2022-07-19 14:51:20,60,FALSE,""
"TG10-01028","1_Jul_PTR_W_17","TG10-01028","2022-07-07","14:34:47",2022-07-07 14:34:47,2022-07-19 16:35:26,60,FALSE,""
"TG10-01028","1_Jul_PTR_W_17Mid","TG10-01028","2022-07-19","11:58:57",2022-07-19 11:58:57,2022-07-19 12:00:56,60,FALSE,""
"TG10-01028","1_Jul_PTR_W_18","TG10-01028","2022-07-07","14:44:03",2022-07-07 14:44:03,2022-07-19 16:44:14,60,FALSE,""
"TG10-01028","1_Jul_PTR_W_18Mid","TG10-01028","2022-07-19","11:51:56",2022-07-19 11:51:56,2022-07-19 11:53:55,60,FALSE,""
"TG10-01028","1_Jul_PTR_W_19","TG10-01028","2022-07-07","14:52:34",2022-07-07 14:52:34,2022-07-19 16:53:47,60,FALSE,""
"TG10-01028","1_Jul_PTR_W_19Mid","TG10-01028","2022-07-19","11:36:31",2022-07-19 11:36:31,2022-07-19 11:38:30,60,FALSE,""
"TG10-01028","1_Jul_PTR_W_20","TG10-01028","2022-07-07","15:00:36",2022-07-07 15:00:36,2022-07-19 17:00:03,60,FALSE,""
"TG10-01028","1_Jul_PTR_W_20Mid","TG10-01028","2022-07-19","11:44:30",2022-07-19 11:44:30,2022-07-19 11:46:29,60,FALSE,""
"TG10-01028","1_Jul_PTR_W_21","TG10-01028","2022-07-07","15:08:03",2022-07-07 15:08:03,2022-07-19 17:06:32,60,FALSE,""
"TG10-01028","1_Jul_PTR_W_21Mid","TG10-01028","2022-07-19","11:28:48",2022-07-19 11:28:48,2022-07-19 11:30:47,60,FALSE,""
"TG10-01028","1_Jul_PTR_W_22","TG10-01028","2022-07-07","15:15:50",2022-07-07 15:15:50,2022-07-19 17:12:57,60,FALSE,""
"TG10-01028","1_Jul_PTR_W_22DmonTRtion","TG10-01028","2022-07-18","14:34:11",2022-07-18 14:34:11,2022-07-18 14:36:10,60,FALSE,""
"TG10-01028","1_Jul_PTR_W_22Mid","TG10-01028","2022-07-19","11:20:56",2022-07-19 11:20:56,2022-07-19 11:22:55,60,FALSE,""
"TG10-01028","1_Jul_PTR_W_23","TG10-01028","2022-07-07","15:22:48",2022-07-07 15:22:48,2022-07-19 17:19:04,60,FALSE,""
"TG10-01028","1_Jul_PTR_W_23Mid","TG10-01028","2022-07-19","11:13:49",2022-07-19 11:13:49,2022-07-19 11:15:48,60,FALSE,""
"TG10-01028","1_Jul_PTR_W_24","TG10-01028","2022-07-07","15:30:23",2022-07-07 15:30:23,2022-07-19 17:25:14,60,FALSE,""
"TG10-01028","1_Jul_PTR_W_24Mid","TG10-01028","2022-07-19","11:04:47",2022-07-19 11:04:47,2022-07-19 11:06:46,60,FALSE,""
"TG10-01028","1_Nov_OWC_TR_58","TG10-01028","2022-11-04","11:14:25",2022-11-04 11:14:25,2022-11-04 11:15:24,59,FALSE,""
"TG10-01028","1_Nov_OWC_TR_60","TG10-01028","2022-11-04","11:20:18",2022-11-04 11:20:18,2022-11-04 11:21:17,59,FALSE,""
"TG10-01028","1_Nov_OWC_TR_60_b","TG10-01028","2022-11-04","11:24:24",2022-11-04 11:24:24,2022-11-04 11:25:23,59,FALSE,""
"TG10-01028","1_Nov_OWC_TR_60_c","TG10-01028","2022-11-04","11:27:55",2022-11-04 11:27:55,2022-11-04 11:28:54,59,FALSE,""
"TG10-01028","1_Nov_OWC_TR_61","TG10-01028","2022-11-04","11:33:47",2022-11-04 11:33:47,2022-11-04 11:34:46,59,FALSE,""
"TG10-01028","1_Nov_OWC_TR_61_b","TG10-01028","2022-11-04","11:35:55",2022-11-04 11:35:55,2022-11-04 11:36:54,59,FALSE,""
"TG10-01028","1_Nov_OWC_TR_63","TG10-01028","2022-11-04","11:41:07",2022-11-04 11:41:07,2022-11-04 11:42:06,59,FALSE,""
"TG10-01028","1_Nov_OWC_TR_64","TG10-01028","2022-11-04","11:46:08",2022-11-04 11:46:08,2022-11-04 11:47:07,59,FALSE,""
"TG10-01028","1_Nov_PTR_W_luci_NoVg1","TG10-01028","2022-11-08","14:26:31",2022-11-08 14:26:31,2022-11-08 14:27:30,59,FALSE,""
"TG10-01028","1_Nov_PTR_W_luci_NoVg2","TG10-01028","2022-11-08","14:31:00",2022-11-08 14:31:00,2022-11-08 14:31:59,59,FALSE,""
"TG10-01028","1_Nov_PTR_W_luci_NoVg3","TG10-01028","2022-11-08","14:36:25",2022-11-08 14:36:25,2022-11-08 14:37:24,59,FALSE,""
"TG10-01028","1_Nov_PTR_W_luci_noVg4","TG10-01028","2022-11-08","14:56:07",2022-11-08 14:56:07,2022-11-08 14:57:06,59,FALSE,""
"TG10-01028","1_Nov_PTR_W_luci_vg1","TG10-01028","2022-11-08","14:21:06",2022-11-08 14:21:06,2022-11-08 14:22:05,59,FALSE,""
"TG10-01028","1_Nov_PTR_W_luci_vg2","TG10-01028","2022-11-08","14:45:03",2022-11-08 14:45:03,2022-11-08 14:46:03,60,FALSE,""
"TG10-01028","1_Nov_PTR_W_luci_vg3","TG10-01028","2022-11-08","14:51:59",2022-11-08 14:51:59,2022-11-08 14:52:58,59,FALSE,""
"TG10-01028","1_Oct_CRC_TR_34","TG10-01028","2022-10-14","09:18:08",2022-10-14 09:18:08,2022-10-14 09:19:07,59,FALSE,""
"TG10-01028","1_Oct_CRC_TR_36","TG10-01028","2022-10-14","09:22:35",2022-10-14 09:22:35,2022-10-14 09:23:34,59,FALSE,""
"TG10-01028","1_Oct_CRC_TR_37","TG10-01028","2022-10-14","09:26:38",2022-10-14 09:26:38,2022-10-14 09:27:37,59,FALSE,""
"TG10-01028","1_Oct_CRC_TR_38","TG10-01028","2022-10-14","09:30:41",2022-10-14 09:30:41,2022-10-14 09:31:40,59,FALSE,""
"TG10-01028","1_Oct_CRC_TR_40","TG10-01028","2022-10-14","09:34:46",2022-10-14 09:34:46,2022-10-14 09:35:45,59,FALSE,""
"TG10-01028","1_Oct_CRC_UP_25","TG10-01028","2022-10-14","12:21:35",2022-10-14 12:21:35,2022-10-14 12:22:34,59,FALSE,""
"TG10-01028","1_Oct_CRC_UP_26","TG10-01028","2022-10-14","12:26:07",2022-10-14 12:26:07,2022-10-14 12:27:06,59,FALSE,""
"TG10-01028","1_Oct_CRC_UP_27","TG10-01028","2022-10-14","12:32:32",2022-10-14 12:32:32,2022-10-14 12:33:31,59,FALSE,""
"TG10-01028","1_Oct_CRC_UP_29","TG10-01028","2022-10-14","12:36:49",2022-10-14 12:36:49,2022-10-14 12:37:48,59,FALSE,""
"TG10-01028","1_Oct_CRC_UP_30","TG10-01028","2022-10-14","12:40:31",2022-10-14 12:40:31,2022-10-14 12:41:30,59,FALSE,""
"TG10-01028","1_Oct_CRC_W_41","TG10-01028","2022-10-14","08:52:58",2022-10-14 08:52:58,2022-10-14 08:53:57,59,FALSE,""
"TG10-01028","1_Oct_CRC_W_42","TG10-01028","2022-10-14","08:58:02",2022-10-14 08:58:02,2022-10-14 08:59:01,59,FALSE,""
"TG10-01028","1_Oct_CRC_W_43","TG10-01028","2022-10-14","09:02:21",2022-10-14 09:02:21,2022-10-14 09:03:20,59,FALSE,""
"TG10-01028","1_Oct_CRC_W_46","TG10-01028","2022-10-14","09:12:36",2022-10-14 09:12:36,2022-10-14 09:13:35,59,FALSE,""
"TG10-01028","1_Oct_CRC_W_48","TG10-01028","2022-10-14","09:08:22",2022-10-14 09:08:22,2022-10-14 09:09:21,59,FALSE,""
"TG10-01028","1_Oct_OWC_TR_58","TG10-01028","2022-10-05","11:10:00",2022-10-05 11:10:00,2022-10-21 11:23:50,60,FALSE,""
"TG10-01028","1_Oct_OWC_TR_60","TG10-01028","2022-10-05","10:55:10",2022-10-05 10:55:10,2022-10-21 11:40:11,60,FALSE,""
"TG10-01028","1_Oct_OWC_TR_61","TG10-01028","2022-10-05","10:50:57",2022-10-05 10:50:57,2022-10-21 11:45:00,60,FALSE,""
"TG10-01028","1_Oct_OWC_TR_63","TG10-01028","2022-10-05","10:59:30",2022-10-05 10:59:30,2022-10-21 11:29:33,60,FALSE,""
"TG10-01028","1_Oct_OWC_TR_64","TG10-01028","2022-10-05","11:04:04",2022-10-05 11:04:04,2022-10-21 11:33:43,60,FALSE,""
"TG10-01028","1_Oct_OWC_UP_50","TG10-01028","2022-10-05","10:36:49",2022-10-05 10:36:49,2022-10-21 10:54:25,60,FALSE,""
"TG10-01028","1_Oct_OWC_UP_51","TG10-01028","2022-10-05","10:22:45",2022-10-05 10:22:45,2022-10-21 10:33:58,60,FALSE,""
"TG10-01028","1_Oct_OWC_UP_51_b","TG10-01028","2022-10-05","10:25:48",2022-10-05 10:25:48,2022-10-21 10:39:04,60,FALSE,""
"TG10-01028","1_Oct_OWC_UP_52","TG10-01028","2022-10-05","10:32:27",2022-10-05 10:32:27,2022-10-21 10:48:15,60,FALSE,""
"TG10-01028","1_Oct_OWC_UP_55","TG10-01028","2022-10-05","10:41:18",2022-10-05 10:41:18,2022-10-21 11:01:58,60,FALSE,""
"TG10-01028","1_Oct_OWC_UP_56","TG10-01028","2022-10-05","10:45:16",2022-10-05 10:45:16,2022-10-21 11:07:19,60,FALSE,""
"TG10-01028","1_Oct_OWC_W_65","TG10-01028","2022-10-05","11:20:17",2022-10-05 11:20:17,2022-10-05 11:21:16,59,FALSE,""
"TG10-01028","1_Oct_OWC_W_66","TG10-01028","2022-10-05","11:25:38",2022-10-05 11:25:38,2022-10-05 11:26:37,59,FALSE,""
"TG10-01028","1_Oct_OWC_W_68","TG10-01028","2022-10-05","11:29:57",2022-10-05 11:29:57,2022-10-05 11:30:56,59,FALSE,""
"TG10-01028","1_Oct_OWC_W_71","TG10-01028","2022-10-05","11:34:38",2022-10-05 11:34:38,2022-10-05 11:35:37,59,FALSE,""
"TG10-01028","1_Oct_OWC_W_72","TG10-01028","2022-10-05","11:38:10",2022-10-05 11:38:10,2022-10-05 11:39:09,59,FALSE,""
"TG10-01028","1_Oct_OWC_W_72_b","TG10-01028","2022-10-05","11:42:55",2022-10-05 11:42:55,2022-10-05 11:43:54,59,FALSE,""
"TG10-01028","1_Oct_PTR_TR_11","TG10-01028","2022-10-07","08:56:47",2022-10-07 08:56:47,2022-10-07 08:57:46,59,FALSE,""
"TG10-01028","1_Oct_PTR_TR_12","TG10-01028","2022-10-07","09:02:08",2022-10-07 09:02:08,2022-10-07 09:03:07,59,FALSE,""
"TG10-01028","1_Oct_PTR_TR_14","TG10-01028","2022-10-07","09:08:38",2022-10-07 09:08:38,2022-10-07 09:09:37,59,FALSE,""
"TG10-01028","1_Oct_PTR_TR_14_b","TG10-01028","2022-10-07","09:12:00",2022-10-07 09:12:00,2022-10-07 09:12:59,59,FALSE,""
"TG10-01028","1_Oct_PTR_TR_15","TG10-01028","2022-10-07","09:21:48",2022-10-07 09:21:48,2022-10-07 09:22:47,59,FALSE,""
"TG10-01028","1_Oct_PTR_TR_17","TG10-01028","2022-10-07","10:00:58",2022-10-07 10:00:58,2022-10-07 10:01:57,59,FALSE,""
"TG10-01028","1_Oct_PTR_TR_18_d","TG10-01028","2022-10-07","10:52:05",2022-10-07 10:52:05,2022-10-07 10:53:04,59,FALSE,""
"TG10-01028","1_Oct_PTR_TR_20","TG10-01028","2022-10-07","09:44:16",2022-10-07 09:44:16,2022-10-07 09:45:15,59,FALSE,""
"TG10-01028","1_Oct_PTR_TR_22","TG10-01028","2022-10-07","10:58:37",2022-10-07 10:58:37,2022-10-07 10:59:36,59,FALSE,""
"TG10-01028","1_Oct_PTR_TR_9","TG10-01028","2022-10-07","09:27:39",2022-10-07 09:27:39,2022-10-07 09:28:38,59,FALSE,""
"TG10-01028","1_Oct_PTR_UP_2","TG10-01028","2022-10-07","08:30:03",2022-10-07 08:30:03,2022-10-07 08:31:02,59,FALSE,""
"TG10-01028","1_Oct_PTR_UP_3_d","TG10-01028","2022-10-07","08:26:09",2022-10-07 08:26:09,2022-10-07 08:27:08,59,FALSE,""
"TG10-01028","1_Oct_PTR_UP_4","TG10-01028","2022-10-07","08:49:35",2022-10-07 08:49:35,2022-10-07 08:50:34,59,FALSE,""
"TG10-01028","1_Oct_PTR_UP_5","TG10-01028","2022-10-07","08:33:33",2022-10-07 08:33:33,2022-10-07 08:34:32,59,FALSE,""
"TG10-01028","1_Oct_PTR_UP_6","TG10-01028","2022-10-07","08:38:24",2022-10-07 08:38:24,2022-10-07 08:39:23,59,FALSE,""
"TG10-01028","1_Oct_PTR_UP_7","TG10-01028","2022-10-07","08:43:38",2022-10-07 08:43:38,2022-10-07 08:44:37,59,FALSE,""
"TG10-01028","1_Oct_PTR_W_23","TG10-01028","2022-10-07","11:04:06",2022-10-07 11:04:06,2022-10-07 11:05:05,59,FALSE,""
"TG10-01028","1_Sep_CRC_TR_34_d","TG10-01028","2022-09-16","12:24:07",2022-09-16 12:24:07,2022-09-16 12:25:06,59,FALSE,""
"TG10-01028","1_Sep_CRC_TR_36_d","TG10-01028","2022-09-16","12:09:46",2022-09-16 12:09:46,2022-09-16 12:10:45,59,FALSE,""
"TG10-01028","1_Sep_CRC_TR_37","TG10-01028","2022-09-16","12:04:48",2022-09-16 12:04:48,2022-09-16 12:05:47,59,FALSE,""
"TG10-01028","1_Sep_CRC_TR_38_b","TG10-01028","2022-09-16","11:59:51",2022-09-16 11:59:51,2022-09-16 12:00:50,59,FALSE,""
"TG10-01028","1_Sep_CRC_TR_40_b","TG10-01028","2022-09-16","12:19:12",2022-09-16 12:19:12,2022-09-16 12:20:11,59,FALSE,""
"TG10-01028","1_Sep_CRC_UP_25_c","TG10-01028","2022-09-16","14:59:30",2022-09-16 14:59:30,2022-09-16 15:00:29,59,FALSE,""
"TG10-01028","1_Sep_CRC_UP_26","TG10-01028","2022-09-16","15:27:36",2022-09-16 15:27:36,2022-09-16 15:28:35,59,FALSE,""
"TG10-01028","1_Sep_CRC_UP_27","TG10-01028","2022-09-16","15:06:06",2022-09-16 15:06:06,2022-09-16 15:07:05,59,FALSE,""
"TG10-01028","1_Sep_CRC_UP_27_b","TG10-01028","2022-09-16","15:07:58",2022-09-16 15:07:58,2022-09-16 15:08:58,60,FALSE,""
"TG10-01028","1_Sep_CRC_UP_29","TG10-01028","2022-09-16","15:14:14",2022-09-16 15:14:14,2022-09-16 15:15:13,59,FALSE,""
"TG10-01028","1_Sep_CRC_UP_30","TG10-01028","2022-09-16","15:20:07",2022-09-16 15:20:07,2022-09-16 15:21:06,59,FALSE,""
"TG10-01028","1_Sep_CRC_W_41","TG10-01028","2022-09-16","11:04:03",2022-09-16 11:04:03,2022-09-16 11:05:02,59,FALSE,""
"TG10-01028","1_Sep_CRC_W_41_c","TG10-01028","2022-09-16","11:10:33",2022-09-16 11:10:33,2022-09-16 11:11:32,59,FALSE,""
"TG10-01028","1_Sep_CRC_W_42","TG10-01028","2022-09-16","11:16:15",2022-09-16 11:16:15,2022-09-16 11:17:14,59,FALSE,""
"TG10-01028","1_Sep_CRC_W_43","TG10-01028","2022-09-16","11:22:57",2022-09-16 11:22:57,2022-09-16 11:23:56,59,FALSE,""
"TG10-01028","1_Sep_CRC_W_46","TG10-01028","2022-09-16","14:09:18",2022-09-16 14:09:18,2022-09-16 14:10:17,59,FALSE,""
"TG10-01028","1_Sep_CRC_W_48_b","TG10-01028","2022-09-16","14:02:14",2022-09-16 14:02:14,2022-09-16 14:03:13,59,FALSE,""
"TG10-01028","1_Sep_OWC_TR_58","TG10-01028","2022-09-30","10:39:25",2022-09-30 10:39:25,2022-09-30 10:40:24,59,FALSE,""
"TG10-01028","1_Sep_OWC_TR_60","TG10-01028","2022-09-30","11:02:40",2022-09-30 11:02:40,2022-09-30 11:03:39,59,FALSE,""
"TG10-01028","1_Sep_OWC_TR_61","TG10-01028","2022-09-30","11:10:34",2022-09-30 11:10:34,2022-09-30 11:11:33,59,FALSE,""
"TG10-01028","1_Sep_OWC_TR_61_b","TG10-01028","2022-09-30","11:15:53",2022-09-30 11:15:53,2022-09-30 11:16:52,59,FALSE,""
"TG10-01028","1_Sep_OWC_TR_63","TG10-01028","2022-09-30","10:47:30",2022-09-30 10:47:30,2022-09-30 10:48:29,59,FALSE,""
"TG10-01028","1_Sep_OWC_TR_64","TG10-01028","2022-09-30","10:55:16",2022-09-30 10:55:16,2022-09-30 10:56:15,59,FALSE,""
"TG10-01028","1_Sep_OWC_UP_50","TG10-01028","2022-09-30","11:53:19",2022-09-30 11:53:19,2022-09-30 11:54:18,59,FALSE,""
"TG10-01028","1_Sep_OWC_UP_51","TG10-01028","2022-09-30","11:34:32",2022-09-30 11:34:32,2022-09-30 11:35:31,59,FALSE,""
"TG10-01028","1_Sep_OWC_UP_52","TG10-01028","2022-09-30","11:44:06",2022-09-30 11:44:06,2022-09-30 11:45:05,59,FALSE,""
"TG10-01028","1_Sep_OWC_UP_55_b","TG10-01028","2022-09-30","13:31:39",2022-09-30 13:31:39,2022-09-30 13:32:38,59,FALSE,""
"TG10-01028","1_Sep_OWC_UP_56","TG10-01028","2022-09-30","13:37:34",2022-09-30 13:37:34,2022-09-30 13:38:33,59,FALSE,""
"TG10-01028","1_Sep_OWC_W_65","TG10-01028","2022-09-30","12:24:47",2022-09-30 12:24:47,2022-09-30 12:25:46,59,FALSE,""
"TG10-01028","1_Sep_OWC_W_66","TG10-01028","2022-09-30","12:30:11",2022-09-30 12:30:11,2022-09-30 12:31:10,59,FALSE,""
"TG10-01028","1_Sep_OWC_W_68","TG10-01028","2022-09-30","12:38:57",2022-09-30 12:38:57,2022-09-30 12:39:56,59,FALSE,""
"TG10-01028","1_Sep_OWC_W_71","TG10-01028","2022-09-30","12:56:15",2022-09-30 12:56:15,2022-09-30 12:57:14,59,FALSE,""
"TG10-01028","1_Sep_OWC_W_71_b","TG10-01028","2022-09-30","13:00:23",2022-09-30 13:00:23,2022-09-30 13:01:22,59,FALSE,""
"TG10-01028","1_Sep_OWC_W_72","TG10-01028","2022-09-30","13:05:33",2022-09-30 13:05:33,2022-09-30 13:06:32,59,FALSE,""
"TG10-01028","1_Sep_OWC_W_72_b","TG10-01028","2022-09-30","13:11:20",2022-09-30 13:11:20,2022-09-30 13:12:19,59,FALSE,""
"TG10-01028","1_Sep_OWC_W_72_c","TG10-01028","2022-09-30","13:15:28",2022-09-30 13:15:28,2022-09-30 13:16:27,59,FALSE,""
"TG10-01028","1_Sep_PTR_TR_11","TG10-01028","2022-09-23","11:55:06",2022-09-23 11:55:06,2022-09-23 11:56:05,59,FALSE,""
"TG10-01028","1_Sep_PTR_TR_12","TG10-01028","2022-09-23","11:45:03",2022-09-23 11:45:03,2022-09-23 11:46:02,59,FALSE,""
"TG10-01028","1_Sep_PTR_TR_14","TG10-01028","2022-09-23","12:12:12",2022-09-23 12:12:12,2022-09-23 12:13:11,59,FALSE,""
"TG10-01028","1_Sep_PTR_TR_15","TG10-01028","2022-09-23","12:02:37",2022-09-23 12:02:37,2022-09-23 12:03:36,59,FALSE,""
"TG10-01028","1_Sep_PTR_TR_15_b","TG10-01028","2022-09-23","12:07:02",2022-09-23 12:07:02,2022-09-23 12:08:01,59,FALSE,""
"TG10-01028","1_Sep_PTR_TR_9","TG10-01028","2022-09-23","12:19:56",2022-09-23 12:19:56,2022-09-23 12:20:55,59,FALSE,""
"TG10-01028","1_Sep_PTR_UP_2","TG10-01028","2022-09-23","11:35:03",2022-09-23 11:35:03,2022-09-23 11:36:02,59,FALSE,""
"TG10-01028","1_Sep_PTR_UP_3","TG10-01028","2022-09-23","11:16:47",2022-09-23 11:16:47,2022-09-23 11:17:46,59,FALSE,""
"TG10-01028","1_Sep_PTR_UP_3_b","TG10-01028","2022-09-23","11:21:50",2022-09-23 11:21:50,2022-09-23 11:22:49,59,FALSE,""
"TG10-01028","1_Sep_PTR_UP_4","TG10-01028","2022-09-23","11:26:47",2022-09-23 11:26:47,2022-09-23 11:27:46,59,FALSE,""
"TG10-01028","1_Sep_PTR_UP_6","TG10-01028","2022-09-23","11:05:06",2022-09-23 11:05:06,2022-09-23 11:06:05,59,FALSE,""
"TG10-01028","1_Sep_PTR_UP_7","TG10-01028","2022-09-23","11:11:52",2022-09-23 11:11:52,2022-09-23 11:12:51,59,FALSE,""
"TG10-01028","1_Sep_PTR_W_17","TG10-01028","2022-09-23","13:27:38",2022-09-23 13:27:38,2022-09-23 13:28:37,59,FALSE,""
"TG10-01028","1_Sep_PTR_W_18","TG10-01028","2022-09-23","13:22:06",2022-09-23 13:22:06,2022-09-23 13:23:05,59,FALSE,""
"TG10-01028","1_Sep_PTR_W_20_d","TG10-01028","2022-09-23","13:02:21",2022-09-23 13:02:21,2022-09-23 13:03:20,59,FALSE,""
"TG10-01028","1_Sep_PTR_W_22","TG10-01028","2022-09-23","13:12:28",2022-09-23 13:12:28,2022-09-23 13:13:27,59,FALSE,""
"TG10-01028","1_Sep_PTR_W_23","TG10-01028","2022-09-23","13:07:57",2022-09-23 13:07:57,2022-09-23 13:08:56,59,FALSE,""
"TG10-01028","2_Aug_CRC_TR_35","TG10-01028","2022-08-16","07:49:40",2022-08-16 07:49:40,2022-08-16 07:50:39,59,FALSE,""
"TG10-01028","2_Aug_CRC_TR_36","TG10-01028","2022-08-16","07:53:54",2022-08-16 07:53:54,2022-08-16 07:54:53,59,FALSE,""
"TG10-01028","2_Aug_CRC_TR_38","TG10-01028","2022-08-16","07:58:51",2022-08-16 07:58:51,2022-08-16 07:59:51,60,FALSE,""
"TG10-01028","2_Aug_CRC_TR_39","TG10-01028","2022-08-16","08:03:00",2022-08-16 08:03:00,2022-08-16 08:03:59,59,FALSE,""
"TG10-01028","2_Aug_CRC_TR_40","TG10-01028","2022-08-16","08:07:11",2022-08-16 08:07:11,2022-08-16 08:08:10,59,FALSE,""
"TG10-01028","2_Aug_CRC_UP_26","TG10-01028","2022-08-16","12:46:05",2022-08-16 12:46:05,2022-08-16 12:47:04,59,FALSE,""
"TG10-01028","2_Aug_CRC_UP_28","TG10-01028","2022-08-16","12:56:42",2022-08-16 12:56:42,2022-08-16 12:57:41,59,FALSE,""
"TG10-01028","2_Aug_CRC_UP_29","TG10-01028","2022-08-16","13:01:58",2022-08-16 13:01:58,2022-08-16 13:02:57,59,FALSE,""
"TG10-01028","2_Aug_CRC_UP_31","TG10-01028","2022-08-16","12:51:05",2022-08-16 12:51:05,2022-08-16 12:52:04,59,FALSE,""
"TG10-01028","2_Aug_CRC_UP_32","TG10-01028","2022-08-16","13:10:59",2022-08-16 13:10:59,2022-08-16 13:11:58,59,FALSE,""
"TG10-01028","2_Aug_CRC_W_41","TG10-01028","2022-08-16","07:21:15",2022-08-16 07:21:15,2022-08-16 07:22:14,59,FALSE,""
"TG10-01028","2_Aug_CRC_W_42","TG10-01028","2022-08-16","07:12:48",2022-08-16 07:12:48,2022-08-16 07:13:47,59,FALSE,""
"TG10-01028","2_Aug_CRC_W_43","TG10-01028","2022-08-16","07:06:52",2022-08-16 07:06:52,2022-08-16 07:07:51,59,FALSE,""
"TG10-01028","2_Aug_CRC_W_46","TG10-01028","2022-08-16","07:27:18",2022-08-16 07:27:18,2022-08-16 07:28:17,59,FALSE,""
"TG10-01028","2_Aug_CRC_W_47","TG10-01028","2022-08-16","07:34:30",2022-08-16 07:34:30,2022-08-16 07:35:29,59,FALSE,""
"TG10-01028","2_Aug_OWC_TR_58","TG10-01028","2022-08-17","09:23:38",2022-08-17 09:23:38,2022-08-17 09:24:37,59,FALSE,""
"TG10-01028","2_Aug_OWC_TR_60","TG10-01028","2022-08-17","09:40:34",2022-08-17 09:40:34,2022-08-17 09:41:33,59,FALSE,""
"TG10-01028","2_Aug_OWC_TR_61","TG10-01028","2022-08-17","09:45:39",2022-08-17 09:45:39,2022-08-17 09:46:38,59,FALSE,""
"TG10-01028","2_Aug_OWC_TR_63","TG10-01028","2022-08-17","09:30:04",2022-08-17 09:30:04,2022-08-17 09:31:03,59,FALSE,""
"TG10-01028","2_Aug_OWC_TR_64","TG10-01028","2022-08-17","09:35:42",2022-08-17 09:35:42,2022-08-17 09:36:41,59,FALSE,""
"TG10-01028","2_Aug_OWC_UP_50","TG10-01028","2022-08-17","10:01:56",2022-08-17 10:01:56,2022-08-17 10:02:55,59,FALSE,""
"TG10-01028","2_Aug_OWC_UP_51","TG10-01028","2022-08-17","10:06:55",2022-08-17 10:06:55,2022-08-17 10:07:54,59,FALSE,""
"TG10-01028","2_Aug_OWC_UP_52","TG10-01028","2022-08-17","10:12:13",2022-08-17 10:12:13,2022-08-17 10:13:12,59,FALSE,""
"TG10-01028","2_Aug_OWC_UP_55","TG10-01028","2022-08-17","09:56:29",2022-08-17 09:56:29,2022-08-17 09:57:28,59,FALSE,""
"TG10-01028","2_Aug_OWC_UP_56","TG10-01028","2022-08-17","09:51:59",2022-08-17 09:51:59,2022-08-17 09:52:58,59,FALSE,""
"TG10-01028","2_Aug_OWC_W_66","TG10-01028","2022-08-17","10:50:32",2022-08-17 10:50:32,2022-08-17 10:51:31,59,FALSE,""
"TG10-01028","2_Aug_OWC_W_68_c","TG10-01028","2022-08-17","10:41:03",2022-08-17 10:41:03,2022-08-17 10:42:02,59,FALSE,""
"TG10-01028","2_Aug_OWC_W_70","TG10-01028","2022-08-17","10:45:44",2022-08-17 10:45:44,2022-08-17 10:46:43,59,FALSE,""
"TG10-01028","2_Aug_OWC_W_71","TG10-01028","2022-08-17","10:55:40",2022-08-17 10:55:40,2022-08-17 10:56:39,59,FALSE,""
"TG10-01028","2_Aug_OWC_W_72","TG10-01028","2022-08-17","11:00:05",2022-08-17 11:00:05,2022-08-17 11:01:04,59,FALSE,""
"TG10-01028","2_Aug_PTR_TR_10","TG10-01028","2022-08-18","09:33:47",2022-08-18 09:33:47,2022-08-18 09:34:46,59,FALSE,""
"TG10-01028","2_Aug_PTR_TR_11","TG10-01028","2022-08-18","09:38:18",2022-08-18 09:38:18,2022-08-18 09:39:17,59,FALSE,""
"TG10-01028","2_Aug_PTR_TR_12","TG10-01028","2022-08-18","09:12:46",2022-08-18 09:12:46,2022-08-18 09:13:45,59,FALSE,""
"TG10-01028","2_Aug_PTR_TR_13","TG10-01028","2022-08-18","09:17:08",2022-08-18 09:17:08,2022-08-18 09:18:07,59,FALSE,""
"TG10-01028","2_Aug_PTR_TR_14","TG10-01028","2022-08-18","09:23:13",2022-08-18 09:23:13,2022-08-18 09:24:12,59,FALSE,""
"TG10-01028","2_Aug_PTR_TR_15","TG10-01028","2022-08-18","09:29:13",2022-08-18 09:29:13,2022-08-18 09:30:12,59,FALSE,""
"TG10-01028","2_Aug_PTR_TR_16","TG10-01028","2022-08-18","09:08:08",2022-08-18 09:08:08,2022-08-18 09:09:07,59,FALSE,""
"TG10-01028","2_Aug_PTR_UP_01_b","TG10-01028","2022-08-18","10:04:21",2022-08-18 10:04:21,2022-08-18 10:05:20,59,FALSE,""
"TG10-01028","2_Aug_PTR_UP_02","TG10-01028","2022-08-18","10:14:18",2022-08-18 10:14:18,2022-08-18 10:15:17,59,FALSE,""
"TG10-01028","2_Aug_PTR_UP_03","TG10-01028","2022-08-18","10:18:28",2022-08-18 10:18:28,2022-08-18 10:19:27,59,FALSE,""
"TG10-01028","2_Aug_PTR_UP_04","TG10-01028","2022-08-18","10:08:36",2022-08-18 10:08:36,2022-08-18 10:09:35,59,FALSE,""
"TG10-01028","2_Aug_PTR_UP_05","TG10-01028","2022-08-18","10:36:16",2022-08-18 10:36:16,2022-08-18 10:37:15,59,FALSE,""
"TG10-01028","2_Aug_PTR_UP_06","TG10-01028","2022-08-18","10:32:07",2022-08-18 10:32:07,2022-08-18 10:33:06,59,FALSE,""
"TG10-01028","2_Aug_PTR_UP_07","TG10-01028","2022-08-18","10:27:45",2022-08-18 10:27:45,2022-08-18 10:28:44,59,FALSE,""
"TG10-01028","2_Aug_PTR_UP_08","TG10-01028","2022-08-18","10:22:47",2022-08-18 10:22:47,2022-08-18 10:23:46,59,FALSE,""
"TG10-01028","2_Aug_PTR_W_17","TG10-01028","2022-08-18","08:42:15",2022-08-18 08:42:15,2022-08-18 08:43:14,59,FALSE,""
"TG10-01028","2_Aug_PTR_W_18","TG10-01028","2022-08-18","08:37:28",2022-08-18 08:37:28,2022-08-18 08:38:27,59,FALSE,""
"TG10-01028","2_Aug_PTR_W_19","TG10-01028","2022-08-18","08:31:18",2022-08-18 08:31:18,2022-08-18 08:32:17,59,FALSE,""
"TG10-01028","2_Aug_PTR_W_20","TG10-01028","2022-08-18","08:22:19",2022-08-18 08:22:19,2022-08-18 08:23:18,59,FALSE,""
"TG10-01028","2_Aug_PTR_W_21","TG10-01028","2022-08-18","08:47:13",2022-08-18 08:47:13,2022-08-18 08:48:12,59,FALSE,""
"TG10-01028","2_Aug_PTR_W_22","TG10-01028","2022-08-18","08:51:57",2022-08-18 08:51:57,2022-08-18 08:52:56,59,FALSE,""
"TG10-01028","2_Aug_PTR_W_23","TG10-01028","2022-08-18","08:56:26",2022-08-18 08:56:26,2022-08-18 08:57:25,59,FALSE,""
"TG10-01028","2_Aug_PTR_W_24","TG10-01028","2022-08-18","09:00:49",2022-08-18 09:00:49,2022-08-18 09:01:48,59,FALSE,""
"TG10-01028","2_Dec_OWC_TR_58","TG10-01028","2022-12-20","10:30:48",2022-12-20 10:30:48,2022-12-20 10:31:47,59,FALSE,""
"TG10-01028","2_Dec_OWC_TR_60","TG10-01028","2022-12-20","10:47:48",2022-12-20 10:47:48,2022-12-20 10:48:47,59,FALSE,""
"TG10-01028","2_Dec_OWC_TR_61","TG10-01028","2022-12-20","10:53:08",2022-12-20 10:53:08,2022-12-20 10:54:07,59,FALSE,""
"TG10-01028","2_Dec_OWC_TR_63","TG10-01028","2022-12-20","10:59:03",2022-12-20 10:59:03,2022-12-20 11:00:02,59,FALSE,""
"TG10-01028","2_Dec_OWC_TR_63_b","TG10-01028","2022-12-20","11:03:05",2022-12-20 11:03:05,2022-12-20 11:04:04,59,FALSE,""
"TG10-01028","2_Dec_OWC_TR_64","TG10-01028","2022-12-20","11:08:02",2022-12-20 11:08:02,2022-12-20 11:09:01,59,FALSE,""
"TG10-01028","2_Jul_CRC_TR_33","TG10-01028","2022-07-08","14:01:21",2022-07-08 14:01:21,2022-07-20 10:01:21,60,FALSE,""
"TG10-01028","2_Jul_CRC_TR_34","TG10-01028","2022-07-08","14:09:00",2022-07-08 14:09:00,2022-07-12 11:27:23,60,FALSE,""
"TG10-01028","2_Jul_CRC_TR_35","TG10-01028","2022-07-08","14:15:22",2022-07-08 14:15:22,2022-07-08 14:17:21,60,FALSE,""
"TG10-01028","2_Jul_CRC_TR_36","TG10-01028","2022-07-08","14:22:00",2022-07-08 14:22:00,2022-07-20 10:06:47,60,FALSE,""
"TG10-01028","2_Jul_CRC_TR_37","TG10-01028","2022-07-08","14:28:49",2022-07-08 14:28:49,2022-07-20 10:19:04,60,FALSE,""
"TG10-01028","2_Jul_CRC_TR_39","TG10-01028","2022-07-20","10:31:36",2022-07-20 10:31:36,2022-07-20 10:32:35,59,FALSE,""
"TG10-01028","2_Jul_CRC_TR_40","TG10-01028","2022-07-12","12:23:55",2022-07-12 12:23:55,2022-07-20 10:37:48,60,FALSE,""
"TG10-01028","2_Jul_CRC_TR_45_b","TG10-01028","2022-07-12","10:52:58",2022-07-12 10:52:58,2022-07-12 10:54:57,60,FALSE,""
"TG10-01028","2_Jul_CRC_TR_45_d","TG10-01028","2022-07-12","10:59:21",2022-07-12 10:59:21,2022-07-12 11:01:20,60,FALSE,""
"TG10-01028","2_Jul_CRC_UP_25","TG10-01028","2022-07-08","10:38:19",2022-07-08 10:38:19,2022-07-12 13:34:47,60,FALSE,""
"TG10-01028","2_Jul_CRC_UP_26","TG10-01028","2022-07-08","10:54:35",2022-07-08 10:54:35,2022-07-20 13:15:30,60,FALSE,""
"TG10-01028","2_Jul_CRC_UP_26_b","TG10-01028","2022-07-08","11:01:08",2022-07-08 11:01:08,2022-07-08 11:03:07,60,FALSE,""
"TG10-01028","2_Jul_CRC_UP_27","TG10-01028","2022-07-08","11:16:45",2022-07-08 11:16:45,2022-07-12 13:10:21,60,FALSE,""
"TG10-01028","2_Jul_CRC_UP_28","TG10-01028","2022-07-08","11:42:32",2022-07-08 11:42:32,2022-07-20 13:30:07,60,FALSE,""
"TG10-01028","2_Jul_CRC_UP_28_b","TG10-01028","2022-07-08","11:48:59",2022-07-08 11:48:59,2022-07-08 11:50:58,60,FALSE,""
"TG10-01028","2_Jul_CRC_UP_29","TG10-01028","2022-07-08","11:34:18",2022-07-08 11:34:18,2022-07-20 13:20:17,60,FALSE,""
"TG10-01028","2_Jul_CRC_UP_29_b","TG10-01028","2022-07-08","11:56:14",2022-07-08 11:56:14,2022-07-12 13:19:16,60,FALSE,""
"TG10-01028","2_Jul_CRC_UP_30","TG10-01028","2022-07-08","11:24:48",2022-07-08 11:24:48,2022-07-12 13:26:52,60,FALSE,""
"TG10-01028","2_Jul_CRC_UP_31","TG10-01028","2022-07-08","10:45:56",2022-07-08 10:45:56,2022-07-20 13:03:45,60,FALSE,""
"TG10-01028","2_Jul_CRC_UP_32","TG10-01028","2022-07-08","11:09:04",2022-07-08 11:09:04,2022-07-20 13:25:04,60,FALSE,""
"TG10-01028","2_Jul_CRC_UP_32_b","TG10-01028","2022-07-12","13:00:05",2022-07-12 13:00:05,2022-07-12 13:02:04,60,FALSE,""
"TG10-01028","2_Jul_CRC_W_41","TG10-01028","2022-07-08","13:04:43",2022-07-08 13:04:43,2022-07-20 11:37:59,60,FALSE,""
"TG10-01028","2_Jul_CRC_W_42","TG10-01028","2022-07-08","13:15:31",2022-07-08 13:15:31,2022-07-20 11:32:30,60,FALSE,""
"TG10-01028","2_Jul_CRC_W_43","TG10-01028","2022-07-08","13:25:11",2022-07-08 13:25:11,2022-07-20 11:50:14,60,FALSE,""
"TG10-01028","2_Jul_CRC_W_43Firt","TG10-01028","2022-07-12","12:14:55",2022-07-12 12:14:55,2022-07-12 12:16:54,60,FALSE,""
"TG10-01028","2_Jul_CRC_W_44","TG10-01028","2022-07-08","13:48:29",2022-07-08 13:48:29,2022-07-08 13:50:28,60,FALSE,""
"TG10-01028","2_Jul_CRC_W_45","TG10-01028","2022-07-08","13:38:48",2022-07-08 13:38:48,2022-07-20 11:09:35,60,FALSE,""
"TG10-01028","2_Jul_CRC_W_46","TG10-01028","2022-07-20","11:14:51",2022-07-20 11:14:51,2022-07-20 11:15:50,59,FALSE,""
"TG10-01028","2_Jul_CRC_W_46_b","TG10-01028","2022-07-20","11:21:04",2022-07-20 11:21:04,2022-07-20 11:22:03,59,FALSE,""
"TG10-01028","2_Jul_CRC_W_47","TG10-01028","2022-07-12","11:54:23",2022-07-12 11:54:23,2022-07-12 11:56:22,60,FALSE,""
"TG10-01028","2_Jul_CRC_W_48","TG10-01028","2022-07-20","11:25:55",2022-07-20 11:25:55,2022-07-20 11:26:54,59,FALSE,""
"TG10-01028","2_Jul_OWC_TR_58","TG10-01028","2022-07-14","12:30:34",2022-07-14 12:30:34,2022-07-21 10:43:03,60,FALSE,""
"TG10-01028","2_Jul_OWC_TR_59","TG10-01028","2022-07-21","11:05:29",2022-07-21 11:05:29,2022-07-21 11:06:28,59,FALSE,""
"TG10-01028","2_Jul_OWC_TR_60","TG10-01028","2022-07-14","14:24:33",2022-07-14 14:24:33,2022-07-21 10:49:13,60,FALSE,""
"TG10-01028","2_Jul_OWC_TR_61","TG10-01028","2022-07-14","14:33:58",2022-07-14 14:33:58,2022-07-21 10:55:02,60,FALSE,""
"TG10-01028","2_Jul_OWC_TR_62","TG10-01028","2022-07-21","10:58:56",2022-07-21 10:58:56,2022-07-21 10:59:55,59,FALSE,""
"TG10-01028","2_Jul_OWC_TR_63","TG10-01028","2022-07-14","13:38:35",2022-07-14 13:38:35,2022-07-21 13:27:24,60,FALSE,""
"TG10-01028","2_Jul_OWC_TR_64","TG10-01028","2022-07-14","13:26:47",2022-07-14 13:26:47,2022-07-21 13:32:09,60,FALSE,""
"TG10-01028","2_Jul_OWC_UP_49","TG10-01028","2022-07-14","12:13:48",2022-07-14 12:13:48,2022-07-21 11:22:24,60,FALSE,""
"TG10-01028","2_Jul_OWC_UP_49_2","TG10-01028","2022-07-21","11:28:07",2022-07-21 11:28:07,2022-07-21 11:29:06,59,FALSE,""
"TG10-01028","2_Jul_OWC_UP_50","TG10-01028","2022-07-21","11:46:38",2022-07-21 11:46:38,2022-07-21 11:47:37,59,FALSE,""
"TG10-01028","2_Jul_OWC_UP_51","TG10-01028","2022-07-14","12:56:59",2022-07-14 12:56:59,2022-07-21 11:41:00,60,FALSE,""
"TG10-01028","2_Jul_OWC_UP_52","TG10-01028","2022-07-14","13:10:34",2022-07-14 13:10:34,2022-07-21 11:54:07,60,FALSE,""
"TG10-01028","2_Jul_OWC_UP_53","TG10-01028","2022-07-21","11:32:44",2022-07-21 11:32:44,2022-07-21 11:33:43,59,FALSE,""
"TG10-01028","2_Jul_OWC_UP_55","TG10-01028","2022-07-21","13:08:16",2022-07-21 13:08:16,2022-07-21 13:09:15,59,FALSE,""
"TG10-01028","2_Jul_OWC_UP_55_b","TG10-01028","2022-07-14","14:01:28",2022-07-14 14:01:28,2022-07-21 13:13:37,60,FALSE,""
"TG10-01028","2_Jul_OWC_UP_56","TG10-01028","2022-07-14","14:44:01",2022-07-14 14:44:01,2022-07-21 13:18:54,60,FALSE,""
"TG10-01028","2_Jul_PTR_TR_10","TG10-01028","2022-07-07","13:22:07",2022-07-07 13:22:07,2022-07-19 07:37:27,60,FALSE,""
"TG10-01028","2_Jul_PTR_TR_10Mid","TG10-01028","2022-07-19","10:03:23",2022-07-19 10:03:23,2022-07-19 10:05:22,60,FALSE,""
"TG10-01028","2_Jul_PTR_TR_10Mid2","TG10-01028","2022-07-19","13:01:32",2022-07-19 13:01:32,2022-07-19 13:03:31,60,FALSE,""
"TG10-01028","2_Jul_PTR_TR_10bMid","TG10-01028","2022-07-19","10:09:39",2022-07-19 10:09:39,2022-07-19 10:11:38,60,FALSE,""
"TG10-01028","2_Jul_PTR_TR_11","TG10-01028","2022-07-07","13:41:33",2022-07-07 13:41:33,2022-07-19 06:51:41,60,FALSE,""
"TG10-01028","2_Jul_PTR_TR_11Mid","TG10-01028","2022-07-19","10:16:50",2022-07-19 10:16:50,2022-07-19 10:18:49,60,FALSE,""
"TG10-01028","2_Jul_PTR_TR_11Mid2","TG10-01028","2022-07-19","13:09:11",2022-07-19 13:09:11,2022-07-19 13:11:10,60,FALSE,""
"TG10-01028","2_Jul_PTR_TR_11_b","TG10-01028","2022-07-07","13:49:17",2022-07-07 13:49:17,2022-07-07 13:51:16,60,FALSE,""
"TG10-01028","2_Jul_PTR_TR_12","TG10-01028","2022-07-07","13:32:12",2022-07-07 13:32:12,2022-07-19 07:30:49,60,FALSE,""
"TG10-01028","2_Jul_PTR_TR_12Mid","TG10-01028","2022-07-19","10:24:04",2022-07-19 10:24:04,2022-07-19 10:26:03,60,FALSE,""
"TG10-01028","2_Jul_PTR_TR_12Mid2","TG10-01028","2022-07-19","13:17:41",2022-07-19 13:17:41,2022-07-19 13:19:40,60,FALSE,""
"TG10-01028","2_Jul_PTR_TR_12_b","TG10-01028","2022-07-18","11:20:03",2022-07-18 11:20:03,2022-07-18 11:22:02,60,FALSE,""
"TG10-01028","2_Jul_PTR_TR_13","TG10-01028","2022-07-07","14:06:44",2022-07-07 14:06:44,2022-07-19 06:59:07,60,FALSE,""
"TG10-01028","2_Jul_PTR_TR_13Mid","TG10-01028","2022-07-19","10:31:07",2022-07-19 10:31:07,2022-07-19 10:33:06,60,FALSE,""
"TG10-01028","2_Jul_PTR_TR_13Mid2","TG10-01028","2022-07-19","13:41:35",2022-07-19 13:41:35,2022-07-19 13:43:34,60,FALSE,""
"TG10-01028","2_Jul_PTR_TR_14","TG10-01028","2022-07-07","14:14:12",2022-07-07 14:14:12,2022-07-19 07:06:01,60,FALSE,""
"TG10-01028","2_Jul_PTR_TR_14Mid","TG10-01028","2022-07-19","10:38:24",2022-07-19 10:38:24,2022-07-19 10:40:23,60,FALSE,""
"TG10-01028","2_Jul_PTR_TR_14Mid2","TG10-01028","2022-07-19","13:49:37",2022-07-19 13:49:37,2022-07-19 13:51:36,60,FALSE,""
"TG10-01028","2_Jul_PTR_TR_15","TG10-01028","2022-07-07","14:21:01",2022-07-07 14:21:01,2022-07-19 07:24:24,60,FALSE,""
"TG10-01028","2_Jul_PTR_TR_15Mid","TG10-01028","2022-07-19","10:46:11",2022-07-19 10:46:11,2022-07-19 10:48:10,60,FALSE,""
"TG10-01028","2_Jul_PTR_TR_15Mid2","TG10-01028","2022-07-19","13:26:42",2022-07-19 13:26:42,2022-07-19 13:28:41,60,FALSE,""
"TG10-01028","2_Jul_PTR_TR_16","TG10-01028","2022-07-07","13:58:32",2022-07-07 13:58:32,2022-07-19 07:44:23,60,FALSE,""
"TG10-01028","2_Jul_PTR_TR_16Mid","TG10-01028","2022-07-19","10:53:42",2022-07-19 10:53:42,2022-07-19 10:55:41,60,FALSE,""
"TG10-01028","2_Jul_PTR_TR_16Mid2","TG10-01028","2022-07-19","13:59:00",2022-07-19 13:59:00,2022-07-19 14:00:59,60,FALSE,""
"TG10-01028","2_Jul_PTR_TR_9","TG10-01028","2022-07-07","13:12:55",2022-07-07 13:12:55,2022-07-19 07:13:23,60,FALSE,""
"TG10-01028","2_Jul_PTR_TR_9Mid","TG10-01028","2022-07-19","09:55:55",2022-07-19 09:55:55,2022-07-19 09:57:54,60,FALSE,""
"TG10-01028","2_Jul_PTR_TR_9Mid2","TG10-01028","2022-07-19","12:52:07",2022-07-19 12:52:07,2022-07-19 12:54:06,60,FALSE,""
"TG10-01028","2_Jul_PTR_TR_9_b","TG10-01028","2022-07-18","12:35:41",2022-07-18 12:35:41,2022-07-18 12:37:40,60,FALSE,""
"TG10-01028","2_Jul_PTR_UPDmonTRtion","TG10-01028","2022-07-18","14:04:19",2022-07-18 14:04:19,2022-07-18 14:06:18,60,FALSE,""
"TG10-01028","2_Jul_PTR_UP_1","TG10-01028","2022-07-07","11:17:03",2022-07-07 11:17:03,2022-07-19 05:50:13,60,FALSE,""
"TG10-01028","2_Jul_PTR_UP_1Mid","TG10-01028","2022-07-19","09:09:59",2022-07-19 09:09:59,2022-07-19 09:11:58,60,FALSE,""
"TG10-01028","2_Jul_PTR_UP_1bMid2","TG10-01028","2022-07-19","14:21:42",2022-07-19 14:21:42,2022-07-19 14:23:41,60,FALSE,""
"TG10-01028","2_Jul_PTR_UP_2","TG10-01028","2022-07-07","11:34:08",2022-07-07 11:34:08,2022-07-19 06:05:29,60,FALSE,""
"TG10-01028","2_Jul_PTR_UP_20_b","TG10-01028","2022-07-18","12:56:52",2022-07-18 12:56:52,2022-07-18 12:58:51,60,FALSE,""
"TG10-01028","2_Jul_PTR_UP_20_c","TG10-01028","2022-07-18","13:02:41",2022-07-18 13:02:41,2022-07-18 13:04:40,60,FALSE,""
"TG10-01028","2_Jul_PTR_UP_23","TG10-01028","2022-07-18","13:11:12",2022-07-18 13:11:12,2022-07-18 13:13:11,60,FALSE,""
"TG10-01028","2_Jul_PTR_UP_23_b","TG10-01028","2022-07-18","13:17:24",2022-07-18 13:17:24,2022-07-18 13:19:23,60,FALSE,""
"TG10-01028","2_Jul_PTR_UP_2Mid","TG10-01028","2022-07-19","09:03:16",2022-07-19 09:03:16,2022-07-19 09:05:15,60,FALSE,""
"TG10-01028","2_Jul_PTR_UP_2Mid2","TG10-01028","2022-07-19","14:45:22",2022-07-19 14:45:22,2022-07-19 14:47:21,60,FALSE,""
"TG10-01028","2_Jul_PTR_UP_3","TG10-01028","2022-07-07","11:44:44",2022-07-07 11:44:44,2022-07-19 06:35:17,60,FALSE,""
"TG10-01028","2_Jul_PTR_UP_3Mid","TG10-01028","2022-07-19","08:56:21",2022-07-19 08:56:21,2022-07-19 08:58:20,60,FALSE,""
"TG10-01028","2_Jul_PTR_UP_3Mid2","TG10-01028","2022-07-19","14:37:09",2022-07-19 14:37:09,2022-07-19 14:39:08,60,FALSE,""
"TG10-01028","2_Jul_PTR_UP_3_a","TG10-01028","2022-07-07","11:53:11",2022-07-07 11:53:11,2022-07-07 11:55:10,60,FALSE,""
"TG10-01028","2_Jul_PTR_UP_4","TG10-01028","2022-07-07","12:06:50",2022-07-07 12:06:50,2022-07-19 05:57:43,60,FALSE,""
"TG10-01028","2_Jul_PTR_UP_4Mid","TG10-01028","2022-07-19","09:16:52",2022-07-19 09:16:52,2022-07-19 09:18:51,60,FALSE,""
"TG10-01028","2_Jul_PTR_UP_4Mid2","TG10-01028","2022-07-19","14:29:19",2022-07-19 14:29:19,2022-07-19 14:31:18,60,FALSE,""
"TG10-01028","2_Jul_PTR_UP_5","TG10-01028","2022-07-07","12:17:30",2022-07-07 12:17:30,2022-07-19 06:20:33,60,FALSE,""
"TG10-01028","2_Jul_PTR_UP_5Mid","TG10-01028","2022-07-19","09:24:05",2022-07-19 09:24:05,2022-07-19 09:26:04,60,FALSE,""
"TG10-01028","2_Jul_PTR_UP_5Mid2","TG10-01028","2022-07-19","15:14:33",2022-07-19 15:14:33,2022-07-19 15:16:32,60,FALSE,""
"TG10-01028","2_Jul_PTR_UP_5_b","TG10-01028","2022-07-07","12:24:53",2022-07-07 12:24:53,2022-07-07 12:26:52,60,FALSE,""
"TG10-01028","2_Jul_PTR_UP_6","TG10-01028","2022-07-07","12:45:30",2022-07-07 12:45:30,2022-07-19 06:42:35,60,FALSE,""
"TG10-01028","2_Jul_PTR_UP_6Mid","TG10-01028","2022-07-19","09:31:20",2022-07-19 09:31:20,2022-07-19 09:33:19,60,FALSE,""
"TG10-01028","2_Jul_PTR_UP_6Mid2","TG10-01028","2022-07-19","15:07:47",2022-07-19 15:07:47,2022-07-19 15:09:46,60,FALSE,""
"TG10-01028","2_Jul_PTR_UP_7","TG10-01028","2022-07-07","12:55:49",2022-07-07 12:55:49,2022-07-19 06:27:21,60,FALSE,""
"TG10-01028","2_Jul_PTR_UP_7Mid","TG10-01028","2022-07-19","09:38:20",2022-07-19 09:38:20,2022-07-19 09:40:19,60,FALSE,""
"TG10-01028","2_Jul_PTR_UP_7Mid2","TG10-01028","2022-07-19","15:00:27",2022-07-19 15:00:27,2022-07-19 15:02:26,60,FALSE,""
"TG10-01028","2_Jul_PTR_UP_8","TG10-01028","2022-07-07","13:02:48",2022-07-07 13:02:48,2022-07-19 06:13:02,60,FALSE,""
"TG10-01028","2_Jul_PTR_UP_8Mid","TG10-01028","2022-07-19","09:45:42",2022-07-19 09:45:42,2022-07-19 09:47:41,60,FALSE,""
"TG10-01028","2_Jul_PTR_UP_8Mid2","TG10-01028","2022-07-19","14:52:21",2022-07-19 14:52:21,2022-07-19 14:54:20,60,FALSE,""
"TG10-01028","2_Jul_PTR_W_17","TG10-01028","2022-07-07","14:37:47",2022-07-07 14:37:47,2022-07-19 16:38:26,60,FALSE,""
"TG10-01028","2_Jul_PTR_W_17Mid","TG10-01028","2022-07-19","12:01:57",2022-07-19 12:01:57,2022-07-19 12:03:56,60,FALSE,""
"TG10-01028","2_Jul_PTR_W_18","TG10-01028","2022-07-07","14:47:03",2022-07-07 14:47:03,2022-07-19 16:47:15,60,FALSE,""
"TG10-01028","2_Jul_PTR_W_18Mid","TG10-01028","2022-07-19","11:54:56",2022-07-19 11:54:56,2022-07-19 11:56:55,60,FALSE,""
"TG10-01028","2_Jul_PTR_W_19","TG10-01028","2022-07-07","14:55:33",2022-07-07 14:55:33,2022-07-19 16:56:47,60,FALSE,""
"TG10-01028","2_Jul_PTR_W_19Mid","TG10-01028","2022-07-19","11:39:31",2022-07-19 11:39:31,2022-07-19 11:41:30,60,FALSE,""
"TG10-01028","2_Jul_PTR_W_20","TG10-01028","2022-07-07","15:03:36",2022-07-07 15:03:36,2022-07-19 17:03:04,60,FALSE,""
"TG10-01028","2_Jul_PTR_W_20Mid","TG10-01028","2022-07-19","11:47:30",2022-07-19 11:47:30,2022-07-19 11:49:29,60,FALSE,""
"TG10-01028","2_Jul_PTR_W_21","TG10-01028","2022-07-07","15:11:03",2022-07-07 15:11:03,2022-07-19 17:09:32,60,FALSE,""
"TG10-01028","2_Jul_PTR_W_21Mid","TG10-01028","2022-07-19","11:31:48",2022-07-19 11:31:48,2022-07-19 11:33:47,60,FALSE,""
"TG10-01028","2_Jul_PTR_W_22","TG10-01028","2022-07-07","15:18:50",2022-07-07 15:18:50,2022-07-19 17:15:57,60,FALSE,""
"TG10-01028","2_Jul_PTR_W_22DmonTRtion","TG10-01028","2022-07-18","14:37:12",2022-07-18 14:37:12,2022-07-18 14:39:11,60,FALSE,""
"TG10-01028","2_Jul_PTR_W_22Mid","TG10-01028","2022-07-19","11:23:56",2022-07-19 11:23:56,2022-07-19 11:25:55,60,FALSE,""
"TG10-01028","2_Jul_PTR_W_23","TG10-01028","2022-07-07","15:25:48",2022-07-07 15:25:48,2022-07-19 17:22:04,60,FALSE,""
"TG10-01028","2_Jul_PTR_W_23Mid","TG10-01028","2022-07-19","11:16:50",2022-07-19 11:16:50,2022-07-19 11:18:49,60,FALSE,""
"TG10-01028","2_Jul_PTR_W_24","TG10-01028","2022-07-07","15:33:23",2022-07-07 15:33:23,2022-07-19 17:28:14,60,FALSE,""
"TG10-01028","2_Jul_PTR_W_24Mid","TG10-01028","2022-07-19","11:07:48",2022-07-19 11:07:48,2022-07-19 11:09:47,60,FALSE,""
"TG10-01028","2_Nov_OWC_TR_58","TG10-01028","2022-11-04","11:15:50",2022-11-04 11:15:50,2022-11-04 11:16:49,59,FALSE,""
"TG10-01028","2_Nov_OWC_TR_60","TG10-01028","2022-11-04","11:21:43",2022-11-04 11:21:43,2022-11-04 11:22:42,59,FALSE,""
"TG10-01028","2_Nov_OWC_TR_60_b","TG10-01028","2022-11-04","11:25:49",2022-11-04 11:25:49,2022-11-04 11:26:48,59,FALSE,""
"TG10-01028","2_Nov_OWC_TR_60_c","TG10-01028","2022-11-04","11:29:20",2022-11-04 11:29:20,2022-11-04 11:30:19,59,FALSE,""
"TG10-01028","2_Nov_OWC_TR_61_b","TG10-01028","2022-11-04","11:37:20",2022-11-04 11:37:20,2022-11-04 11:38:19,59,FALSE,""
"TG10-01028","2_Nov_OWC_TR_63","TG10-01028","2022-11-04","11:42:32",2022-11-04 11:42:32,2022-11-04 11:43:31,59,FALSE,""
"TG10-01028","2_Nov_OWC_TR_64","TG10-01028","2022-11-04","11:47:33",2022-11-04 11:47:33,2022-11-04 11:48:32,59,FALSE,""
"TG10-01028","2_Nov_PTR_W_luci_NoVg1","TG10-01028","2022-11-08","14:27:56",2022-11-08 14:27:56,2022-11-08 14:28:55,59,FALSE,""
"TG10-01028","2_Nov_PTR_W_luci_NoVg2","TG10-01028","2022-11-08","14:32:26",2022-11-08 14:32:26,2022-11-08 14:33:25,59,FALSE,""
"TG10-01028","2_Nov_PTR_W_luci_NoVg3","TG10-01028","2022-11-08","14:37:51",2022-11-08 14:37:51,2022-11-08 14:38:50,59,FALSE,""
"TG10-01028","2_Nov_PTR_W_luci_noVg4","TG10-01028","2022-11-08","14:57:32",2022-11-08 14:57:32,2022-11-08 14:58:31,59,FALSE,""
"TG10-01028","2_Nov_PTR_W_luci_vg1","TG10-01028","2022-11-08","14:22:31",2022-11-08 14:22:31,2022-11-08 14:23:30,59,FALSE,""
"TG10-01028","2_Nov_PTR_W_luci_vg2","TG10-01028","2022-11-08","14:46:28",2022-11-08 14:46:28,2022-11-08 14:47:27,59,FALSE,""
"TG10-01028","2_Nov_PTR_W_luci_vg3","TG10-01028","2022-11-08","14:53:24",2022-11-08 14:53:24,2022-11-08 14:54:23,59,FALSE,""
"TG10-01028","2_Oct_CRC_TR_34","TG10-01028","2022-10-14","09:19:33",2022-10-14 09:19:33,2022-10-14 09:20:32,59,FALSE,""
"TG10-01028","2_Oct_CRC_TR_36","TG10-01028","2022-10-14","09:24:00",2022-10-14 09:24:00,2022-10-14 09:24:59,59,FALSE,""
"TG10-01028","2_Oct_CRC_TR_37","TG10-01028","2022-10-14","09:28:04",2022-10-14 09:28:04,2022-10-14 09:29:03,59,FALSE,""
"TG10-01028","2_Oct_CRC_TR_38","TG10-01028","2022-10-14","09:32:06",2022-10-14 09:32:06,2022-10-14 09:33:05,59,FALSE,""
"TG10-01028","2_Oct_CRC_TR_40","TG10-01028","2022-10-14","09:36:11",2022-10-14 09:36:11,2022-10-14 09:37:10,59,FALSE,""
"TG10-01028","2_Oct_CRC_UP_25","TG10-01028","2022-10-14","12:23:00",2022-10-14 12:23:00,2022-10-14 12:23:59,59,FALSE,""
"TG10-01028","2_Oct_CRC_UP_26","TG10-01028","2022-10-14","12:27:32",2022-10-14 12:27:32,2022-10-14 12:28:31,59,FALSE,""
"TG10-01028","2_Oct_CRC_UP_27","TG10-01028","2022-10-14","12:33:57",2022-10-14 12:33:57,2022-10-14 12:34:56,59,FALSE,""
"TG10-01028","2_Oct_CRC_UP_29","TG10-01028","2022-10-14","12:38:15",2022-10-14 12:38:15,2022-10-14 12:39:14,59,FALSE,""
"TG10-01028","2_Oct_CRC_UP_30","TG10-01028","2022-10-14","12:41:56",2022-10-14 12:41:56,2022-10-14 12:42:55,59,FALSE,""
"TG10-01028","2_Oct_CRC_W_41","TG10-01028","2022-10-14","08:54:24",2022-10-14 08:54:24,2022-10-14 08:55:23,59,FALSE,""
"TG10-01028","2_Oct_CRC_W_42","TG10-01028","2022-10-14","08:59:27",2022-10-14 08:59:27,2022-10-14 09:00:26,59,FALSE,""
"TG10-01028","2_Oct_CRC_W_43","TG10-01028","2022-10-14","09:03:47",2022-10-14 09:03:47,2022-10-14 09:04:46,59,FALSE,""
"TG10-01028","2_Oct_CRC_W_46","TG10-01028","2022-10-14","09:14:02",2022-10-14 09:14:02,2022-10-14 09:15:01,59,FALSE,""
"TG10-01028","2_Oct_CRC_W_48","TG10-01028","2022-10-14","09:09:48",2022-10-14 09:09:48,2022-10-14 09:10:47,59,FALSE,""
"TG10-01028","2_Oct_OWC_TR_58","TG10-01028","2022-10-05","11:11:25",2022-10-05 11:11:25,2022-10-21 11:25:15,60,FALSE,""
"TG10-01028","2_Oct_OWC_TR_60","TG10-01028","2022-10-05","10:56:35",2022-10-05 10:56:35,2022-10-21 11:41:36,60,FALSE,""
"TG10-01028","2_Oct_OWC_TR_61","TG10-01028","2022-10-05","10:52:22",2022-10-05 10:52:22,2022-10-21 11:46:26,60,FALSE,""
"TG10-01028","2_Oct_OWC_TR_63","TG10-01028","2022-10-05","11:00:55",2022-10-05 11:00:55,2022-10-21 11:30:58,60,FALSE,""
"TG10-01028","2_Oct_OWC_TR_64","TG10-01028","2022-10-05","11:05:29",2022-10-05 11:05:29,2022-10-21 11:35:08,60,FALSE,""
"TG10-01028","2_Oct_OWC_UP_50","TG10-01028","2022-10-05","10:38:14",2022-10-05 10:38:14,2022-10-21 10:55:51,60,FALSE,""
"TG10-01028","2_Oct_OWC_UP_51","TG10-01028","2022-10-05","10:24:12",2022-10-05 10:24:12,2022-10-21 10:35:24,60,FALSE,""
"TG10-01028","2_Oct_OWC_UP_51_b","TG10-01028","2022-10-05","10:27:13",2022-10-05 10:27:13,2022-10-21 10:40:29,60,FALSE,""
"TG10-01028","2_Oct_OWC_UP_52","TG10-01028","2022-10-05","10:33:52",2022-10-05 10:33:52,2022-10-21 10:49:41,60,FALSE,""
"TG10-01028","2_Oct_OWC_UP_55","TG10-01028","2022-10-05","10:42:43",2022-10-05 10:42:43,2022-10-21 11:03:24,60,FALSE,""
"TG10-01028","2_Oct_OWC_UP_56","TG10-01028","2022-10-05","10:46:42",2022-10-05 10:46:42,2022-10-21 11:08:44,60,FALSE,""
"TG10-01028","2_Oct_OWC_W_65","TG10-01028","2022-10-05","11:21:42",2022-10-05 11:21:42,2022-10-05 11:22:41,59,FALSE,""
"TG10-01028","2_Oct_OWC_W_66","TG10-01028","2022-10-05","11:27:04",2022-10-05 11:27:04,2022-10-05 11:28:03,59,FALSE,""
"TG10-01028","2_Oct_OWC_W_68","TG10-01028","2022-10-05","11:31:22",2022-10-05 11:31:22,2022-10-05 11:32:21,59,FALSE,""
"TG10-01028","2_Oct_OWC_W_71","TG10-01028","2022-10-05","11:36:03",2022-10-05 11:36:03,2022-10-05 11:37:02,59,FALSE,""
"TG10-01028","2_Oct_OWC_W_72","TG10-01028","2022-10-05","11:39:35",2022-10-05 11:39:35,2022-10-05 11:40:34,59,FALSE,""
"TG10-01028","2_Oct_OWC_W_72_b","TG10-01028","2022-10-05","11:44:20",2022-10-05 11:44:20,2022-10-05 11:45:19,59,FALSE,""
"TG10-01028","2_Oct_PTR_TR_11","TG10-01028","2022-10-07","08:58:13",2022-10-07 08:58:13,2022-10-07 08:59:12,59,FALSE,""
"TG10-01028","2_Oct_PTR_TR_12","TG10-01028","2022-10-07","09:03:33",2022-10-07 09:03:33,2022-10-07 09:04:32,59,FALSE,""
"TG10-01028","2_Oct_PTR_TR_14","TG10-01028","2022-10-07","09:10:04",2022-10-07 09:10:04,2022-10-07 09:11:03,59,FALSE,""
"TG10-01028","2_Oct_PTR_TR_14_b","TG10-01028","2022-10-07","09:13:25",2022-10-07 09:13:25,2022-10-07 09:14:24,59,FALSE,""
"TG10-01028","2_Oct_PTR_TR_15","TG10-01028","2022-10-07","09:23:14",2022-10-07 09:23:14,2022-10-07 09:24:13,59,FALSE,""
"TG10-01028","2_Oct_PTR_TR_17","TG10-01028","2022-10-07","10:02:24",2022-10-07 10:02:24,2022-10-07 10:03:23,59,FALSE,""
"TG10-01028","2_Oct_PTR_TR_18_d","TG10-01028","2022-10-07","10:53:30",2022-10-07 10:53:30,2022-10-07 10:54:29,59,FALSE,""
"TG10-01028","2_Oct_PTR_TR_20","TG10-01028","2022-10-07","09:45:41",2022-10-07 09:45:41,2022-10-07 09:46:40,59,FALSE,""
"TG10-01028","2_Oct_PTR_TR_22","TG10-01028","2022-10-07","11:00:03",2022-10-07 11:00:03,2022-10-07 11:01:02,59,FALSE,""
"TG10-01028","2_Oct_PTR_TR_9","TG10-01028","2022-10-07","09:29:04",2022-10-07 09:29:04,2022-10-07 09:30:03,59,FALSE,""
"TG10-01028","2_Oct_PTR_UP_4","TG10-01028","2022-10-07","08:51:01",2022-10-07 08:51:01,2022-10-07 08:52:00,59,FALSE,""
"TG10-01028","2_Oct_PTR_UP_5","TG10-01028","2022-10-07","08:34:58",2022-10-07 08:34:58,2022-10-07 08:35:57,59,FALSE,""
"TG10-01028","2_Oct_PTR_UP_6","TG10-01028","2022-10-07","08:39:46",2022-10-07 08:39:46,2022-10-07 08:40:45,59,FALSE,""
"TG10-01028","2_Oct_PTR_UP_7","TG10-01028","2022-10-07","08:45:03",2022-10-07 08:45:03,2022-10-07 08:46:02,59,FALSE,""
"TG10-01028","2_Oct_PTR_W_23","TG10-01028","2022-10-07","11:05:31",2022-10-07 11:05:31,2022-10-07 11:06:30,59,FALSE,""
"TG10-01028","2_Sep_CRC_TR_34_d","TG10-01028","2022-09-16","12:26:07",2022-09-16 12:26:07,2022-09-16 12:27:06,59,FALSE,""
"TG10-01028","2_Sep_CRC_TR_36_d","TG10-01028","2022-09-16","12:11:47",2022-09-16 12:11:47,2022-09-16 12:12:46,59,FALSE,""
"TG10-01028","2_Sep_CRC_TR_37","TG10-01028","2022-09-16","12:06:48",2022-09-16 12:06:48,2022-09-16 12:07:47,59,FALSE,""
"TG10-01028","2_Sep_CRC_TR_38_b","TG10-01028","2022-09-16","12:01:51",2022-09-16 12:01:51,2022-09-16 12:02:50,59,FALSE,""
"TG10-01028","2_Sep_CRC_TR_40_b","TG10-01028","2022-09-16","12:21:12",2022-09-16 12:21:12,2022-09-16 12:22:11,59,FALSE,""
"TG10-01028","2_Sep_CRC_UP_25_c","TG10-01028","2022-09-16","15:01:29",2022-09-16 15:01:29,2022-09-16 15:02:28,59,FALSE,""
"TG10-01028","2_Sep_CRC_UP_26","TG10-01028","2022-09-16","15:29:36",2022-09-16 15:29:36,2022-09-16 15:30:35,59,FALSE,""
"TG10-01028","2_Sep_CRC_UP_27_b","TG10-01028","2022-09-16","15:09:59",2022-09-16 15:09:59,2022-09-16 15:10:58,59,FALSE,""
"TG10-01028","2_Sep_CRC_UP_29","TG10-01028","2022-09-16","15:16:14",2022-09-16 15:16:14,2022-09-16 15:17:13,59,FALSE,""
"TG10-01028","2_Sep_CRC_UP_30","TG10-01028","2022-09-16","15:22:08",2022-09-16 15:22:08,2022-09-16 15:23:07,59,FALSE,""
"TG10-01028","2_Sep_CRC_W_41","TG10-01028","2022-09-16","11:06:04",2022-09-16 11:06:04,2022-09-16 11:07:03,59,FALSE,""
"TG10-01028","2_Sep_CRC_W_41_c","TG10-01028","2022-09-16","11:12:34",2022-09-16 11:12:34,2022-09-16 11:13:33,59,FALSE,""
"TG10-01028","2_Sep_CRC_W_42","TG10-01028","2022-09-16","11:18:15",2022-09-16 11:18:15,2022-09-16 11:19:14,59,FALSE,""
"TG10-01028","2_Sep_CRC_W_43","TG10-01028","2022-09-16","11:24:57",2022-09-16 11:24:57,2022-09-16 11:25:56,59,FALSE,""
"TG10-01028","2_Sep_CRC_W_46","TG10-01028","2022-09-16","14:11:18",2022-09-16 14:11:18,2022-09-16 14:12:17,59,FALSE,""
"TG10-01028","2_Sep_CRC_W_48_b","TG10-01028","2022-09-16","14:04:14",2022-09-16 14:04:14,2022-09-16 14:05:13,59,FALSE,""
"TG10-01028","2_Sep_OWC_TR_58","TG10-01028","2022-09-30","10:41:24",2022-09-30 10:41:24,2022-09-30 10:42:23,59,FALSE,""
"TG10-01028","2_Sep_OWC_TR_60","TG10-01028","2022-09-30","11:04:41",2022-09-30 11:04:41,2022-09-30 11:05:40,59,FALSE,""
"TG10-01028","2_Sep_OWC_TR_61","TG10-01028","2022-09-30","11:12:34",2022-09-30 11:12:34,2022-09-30 11:13:33,59,FALSE,""
"TG10-01028","2_Sep_OWC_TR_61_b","TG10-01028","2022-09-30","11:17:53",2022-09-30 11:17:53,2022-09-30 11:18:52,59,FALSE,""
"TG10-01028","2_Sep_OWC_TR_63","TG10-01028","2022-09-30","10:49:30",2022-09-30 10:49:30,2022-09-30 10:50:29,59,FALSE,""
"TG10-01028","2_Sep_OWC_TR_64","TG10-01028","2022-09-30","10:57:17",2022-09-30 10:57:17,2022-09-30 10:58:16,59,FALSE,""
"TG10-01028","2_Sep_OWC_UP_50","TG10-01028","2022-09-30","11:55:19",2022-09-30 11:55:19,2022-09-30 11:56:18,59,FALSE,""
"TG10-01028","2_Sep_OWC_UP_51","TG10-01028","2022-09-30","11:36:33",2022-09-30 11:36:33,2022-09-30 11:37:32,59,FALSE,""
"TG10-01028","2_Sep_OWC_UP_52","TG10-01028","2022-09-30","11:46:06",2022-09-30 11:46:06,2022-09-30 11:47:05,59,FALSE,""
"TG10-01028","2_Sep_OWC_UP_55_b","TG10-01028","2022-09-30","13:33:40",2022-09-30 13:33:40,2022-09-30 13:34:39,59,FALSE,""
"TG10-01028","2_Sep_OWC_UP_56","TG10-01028","2022-09-30","13:39:34",2022-09-30 13:39:34,2022-09-30 13:40:33,59,FALSE,""
"TG10-01028","2_Sep_OWC_W_65","TG10-01028","2022-09-30","12:26:47",2022-09-30 12:26:47,2022-09-30 12:27:46,59,FALSE,""
"TG10-01028","2_Sep_OWC_W_66","TG10-01028","2022-09-30","12:32:12",2022-09-30 12:32:12,2022-09-30 12:33:11,59,FALSE,""
"TG10-01028","2_Sep_OWC_W_68","TG10-01028","2022-09-30","12:40:57",2022-09-30 12:40:57,2022-09-30 12:41:56,59,FALSE,""
"TG10-01028","2_Sep_OWC_W_71","TG10-01028","2022-09-30","12:58:15",2022-09-30 12:58:15,2022-09-30 12:59:14,59,FALSE,""
"TG10-01028","2_Sep_OWC_W_71_b","TG10-01028","2022-09-30","13:02:23",2022-09-30 13:02:23,2022-09-30 13:03:22,59,FALSE,""
"TG10-01028","2_Sep_OWC_W_72","TG10-01028","2022-09-30","13:07:33",2022-09-30 13:07:33,2022-09-30 13:08:32,59,FALSE,""
"TG10-01028","2_Sep_OWC_W_72_b","TG10-01028","2022-09-30","13:13:21",2022-09-30 13:13:21,2022-09-30 13:14:20,59,FALSE,""
"TG10-01028","2_Sep_OWC_W_72_c","TG10-01028","2022-09-30","13:17:29",2022-09-30 13:17:29,2022-09-30 13:18:28,59,FALSE,""
"TG10-01028","2_Sep_PTR_TR_11","TG10-01028","2022-09-23","11:57:06",2022-09-23 11:57:06,2022-09-23 11:58:06,60,FALSE,""
"TG10-01028","2_Sep_PTR_TR_12","TG10-01028","2022-09-23","11:47:04",2022-09-23 11:47:04,2022-09-23 11:48:03,59,FALSE,""
"TG10-01028","2_Sep_PTR_TR_14","TG10-01028","2022-09-23","12:14:13",2022-09-23 12:14:13,2022-09-23 12:15:12,59,FALSE,""
"TG10-01028","2_Sep_PTR_TR_15","TG10-01028","2022-09-23","12:04:38",2022-09-23 12:04:38,2022-09-23 12:05:37,59,FALSE,""
"TG10-01028","2_Sep_PTR_TR_15_b","TG10-01028","2022-09-23","12:09:02",2022-09-23 12:09:02,2022-09-23 12:10:01,59,FALSE,""
"TG10-01028","2_Sep_PTR_TR_9","TG10-01028","2022-09-23","12:21:56",2022-09-23 12:21:56,2022-09-23 12:22:55,59,FALSE,""
"TG10-01028","2_Sep_PTR_UP_2","TG10-01028","2022-09-23","11:37:03",2022-09-23 11:37:03,2022-09-23 11:38:02,59,FALSE,""
"TG10-01028","2_Sep_PTR_UP_3","TG10-01028","2022-09-23","11:18:47",2022-09-23 11:18:47,2022-09-23 11:19:46,59,FALSE,""
"TG10-01028","2_Sep_PTR_UP_3_b","TG10-01028","2022-09-23","11:23:50",2022-09-23 11:23:50,2022-09-23 11:24:49,59,FALSE,""
"TG10-01028","2_Sep_PTR_UP_4","TG10-01028","2022-09-23","11:28:47",2022-09-23 11:28:47,2022-09-23 11:29:46,59,FALSE,""
"TG10-01028","2_Sep_PTR_UP_6","TG10-01028","2022-09-23","11:07:07",2022-09-23 11:07:07,2022-09-23 11:08:06,59,FALSE,""
"TG10-01028","2_Sep_PTR_UP_7","TG10-01028","2022-09-23","11:13:52",2022-09-23 11:13:52,2022-09-23 11:14:51,59,FALSE,""
"TG10-01028","2_Sep_PTR_W_17","TG10-01028","2022-09-23","13:29:38",2022-09-23 13:29:38,2022-09-23 13:30:37,59,FALSE,""
"TG10-01028","2_Sep_PTR_W_18","TG10-01028","2022-09-23","13:24:07",2022-09-23 13:24:07,2022-09-23 13:25:06,59,FALSE,""
"TG10-01028","2_Sep_PTR_W_20_d","TG10-01028","2022-09-23","13:04:21",2022-09-23 13:04:21,2022-09-23 13:05:20,59,FALSE,""
"TG10-01028","2_Sep_PTR_W_22","TG10-01028","2022-09-23","13:14:28",2022-09-23 13:14:28,2022-09-23 13:15:27,59,FALSE,""
"TG10-01028","2_Sep_PTR_W_23","TG10-01028","2022-09-23","13:09:58",2022-09-23 13:09:58,2022-09-23 13:10:57,59,FALSE,""
"TG10-01028",NA,"TG10-01028",NA,NA,NA,NA,NA,FALSE,""
"TG10-01448","1_Nov_CRC_TR_33_p","TG10-01448","2022-11-07","12:36:35",2022-11-07 12:36:35,2022-11-07 12:37:34,59,FALSE,""
"TG10-01448","1_Nov_CRC_TR_34","TG10-01448","2022-11-07","12:40:48",2022-11-07 12:40:48,2022-11-07 12:41:47,59,FALSE,""
"TG10-01448","1_Nov_CRC_TR_35","TG10-01448","2022-11-07","12:44:31",2022-11-07 12:44:31,2022-11-07 12:45:30,59,FALSE,""
"TG10-01448","1_Nov_CRC_TR_36","TG10-01448","2022-11-07","12:48:51",2022-11-07 12:48:51,2022-11-07 12:49:50,59,FALSE,""
"TG10-01448","1_Nov_CRC_TR_37","TG10-01448","2022-11-07","12:52:38",2022-11-07 12:52:38,2022-11-07 12:53:37,59,FALSE,""
"TG10-01448","1_Nov_CRC_TR_38","TG10-01448","2022-11-07","12:56:50",2022-11-07 12:56:50,2022-11-07 12:57:49,59,FALSE,""
"TG10-01448","1_Nov_CRC_TR_39","TG10-01448","2022-11-07","13:16:48",2022-11-07 13:16:48,2022-11-07 13:17:47,59,FALSE,""
"TG10-01448","1_Nov_CRC_TR_40","TG10-01448","2022-11-07","13:21:13",2022-11-07 13:21:13,2022-11-07 13:22:12,59,FALSE,""
"TG10-01448","1_Nov_CRC_UP_25","TG10-01448","2022-11-07","10:12:07",2022-11-07 10:12:07,2022-11-07 10:13:06,59,FALSE,""
"TG10-01448","1_Nov_CRC_UP_26","TG10-01448","2022-11-07","11:07:21",2022-11-07 11:07:21,2022-11-07 11:08:20,59,FALSE,""
"TG10-01448","1_Nov_CRC_UP_27","TG10-01448","2022-11-07","11:31:40",2022-11-07 11:31:40,2022-11-07 11:32:39,59,FALSE,""
"TG10-01448","1_Nov_CRC_UP_28","TG10-01448","2022-11-07","11:19:48",2022-11-07 11:19:48,2022-11-07 11:20:47,59,FALSE,""
"TG10-01448","1_Nov_CRC_UP_29","TG10-01448","2022-11-07","11:15:55",2022-11-07 11:15:55,2022-11-07 11:16:54,59,FALSE,""
"TG10-01448","1_Nov_CRC_UP_30","TG10-01448","2022-11-07","11:23:38",2022-11-07 11:23:38,2022-11-07 11:24:37,59,FALSE,""
"TG10-01448","1_Nov_CRC_UP_31","TG10-01448","2022-11-07","11:03:02",2022-11-07 11:03:02,2022-11-07 11:04:01,59,FALSE,""
"TG10-01448","1_Nov_CRC_UP_32","TG10-01448","2022-11-07","11:11:39",2022-11-07 11:11:39,2022-11-07 11:12:38,59,FALSE,""
"TG10-01448","1_Nov_CRC_W_41","TG10-01448","2022-11-07","14:30:22",2022-11-07 14:30:22,2022-11-07 14:31:21,59,FALSE,""
"TG10-01448","1_Nov_CRC_W_42","TG10-01448","2022-11-07","13:39:57",2022-11-07 13:39:57,2022-11-07 13:40:56,59,FALSE,""
"TG10-01448","1_Nov_CRC_W_43","TG10-01448","2022-11-07","13:36:04",2022-11-07 13:36:04,2022-11-07 13:37:03,59,FALSE,""
"TG10-01448","1_Nov_CRC_W_44","TG10-01448","2022-11-07","13:32:12",2022-11-07 13:32:12,2022-11-07 13:33:11,59,FALSE,""
"TG10-01448","1_Nov_CRC_W_45","TG10-01448","2022-11-07","14:04:51",2022-11-07 14:04:51,2022-11-07 14:05:50,59,FALSE,""
"TG10-01448","1_Nov_CRC_W_46","TG10-01448","2022-11-07","14:11:45",2022-11-07 14:11:45,2022-11-07 14:12:44,59,FALSE,""
"TG10-01448","1_Nov_CRC_W_47","TG10-01448","2022-11-07","14:25:05",2022-11-07 14:25:05,2022-11-07 14:26:04,59,FALSE,""
"TG10-01448","1_Nov_CRC_W_48","TG10-01448","2022-11-07","14:21:24",2022-11-07 14:21:24,2022-11-07 14:22:23,59,FALSE,""
"TG10-01448","1_Nov_OWC_UP_50","TG10-01448","2022-11-04","11:16:40",2022-11-04 11:16:40,2022-11-04 11:17:39,59,FALSE,""
"TG10-01448","1_Nov_OWC_UP_51","TG10-01448","2022-11-04","10:59:33",2022-11-04 10:59:33,2022-11-04 11:00:32,59,FALSE,""
"TG10-01448","1_Nov_OWC_UP_52","TG10-01448","2022-11-04","11:10:11",2022-11-04 11:10:11,2022-11-04 11:11:10,59,FALSE,""
"TG10-01448","1_Nov_OWC_UP_55","TG10-01448","2022-11-04","11:20:52",2022-11-04 11:20:52,2022-11-04 11:21:51,59,FALSE,""
"TG10-01448","1_Nov_OWC_UP_56","TG10-01448","2022-11-04","11:25:15",2022-11-04 11:25:15,2022-11-04 11:26:14,59,FALSE,""
"TG10-01448","1_Nov_OWC_W_64","TG10-01448","2022-11-04","12:02:01",2022-11-04 12:02:01,2022-11-04 12:03:00,59,FALSE,""
"TG10-01448","1_Nov_OWC_W_66","TG10-01448","2022-11-04","12:06:25",2022-11-04 12:06:25,2022-11-04 12:07:24,59,FALSE,""
"TG10-01448","1_Nov_OWC_W_67","TG10-01448","2022-11-04","12:11:48",2022-11-04 12:11:48,2022-11-04 12:12:47,59,FALSE,""
"TG10-01448","1_Nov_OWC_W_68","TG10-01448","2022-11-04","12:33:47",2022-11-04 12:33:47,2022-11-04 12:34:46,59,FALSE,""
"TG10-01448","1_Nov_OWC_W_69","TG10-01448","2022-11-04","12:38:40",2022-11-04 12:38:40,2022-11-04 12:39:39,59,FALSE,""
"TG10-01448","1_Nov_OWC_W_71","TG10-01448","2022-11-04","12:18:59",2022-11-04 12:18:59,2022-11-04 12:19:58,59,FALSE,""
"TG10-01448","1_Nov_OWC_W_72","TG10-01448","2022-11-04","12:27:17",2022-11-04 12:27:17,2022-11-04 12:28:16,59,FALSE,""
"TG10-01448","1_Nov_PTR_TR_11_b","TG10-01448","2022-11-08","11:09:21",2022-11-08 11:09:21,2022-11-08 11:10:20,59,FALSE,""
"TG10-01448","1_Nov_PTR_TR_12","TG10-01448","2022-11-08","11:57:01",2022-11-08 11:57:01,2022-11-08 11:58:00,59,FALSE,""
"TG10-01448","1_Nov_PTR_TR_13","TG10-01448","2022-11-08","12:01:54",2022-11-08 12:01:54,2022-11-08 12:02:53,59,FALSE,""
"TG10-01448","1_Nov_PTR_TR_14","TG10-01448","2022-11-08","11:34:13",2022-11-08 11:34:13,2022-11-08 11:35:12,59,FALSE,""
"TG10-01448","1_Nov_PTR_TR_15","TG10-01448","2022-11-08","11:25:15",2022-11-08 11:25:15,2022-11-08 11:26:14,59,FALSE,""
"TG10-01448","1_Nov_PTR_TR_15_b","TG10-01448","2022-11-08","11:28:42",2022-11-08 11:28:42,2022-11-08 11:29:41,59,FALSE,""
"TG10-01448","1_Nov_PTR_TR_16","TG10-01448","2022-11-08","11:43:07",2022-11-08 11:43:07,2022-11-08 11:44:06,59,FALSE,""
"TG10-01448","1_Nov_PTR_TR_9","TG10-01448","2022-11-08","11:16:20",2022-11-08 11:16:20,2022-11-08 11:17:19,59,FALSE,""
"TG10-01448","1_Nov_PTR_TR_9_b","TG10-01448","2022-11-08","11:20:04",2022-11-08 11:20:04,2022-11-08 11:21:03,59,FALSE,""
"TG10-01448","1_Nov_PTR_UP_2","TG10-01448","2022-11-08","10:29:57",2022-11-08 10:29:57,2022-11-08 10:30:56,59,FALSE,""
"TG10-01448","1_Nov_PTR_UP_3","TG10-01448","2022-11-08","10:25:51",2022-11-08 10:25:51,2022-11-08 10:26:50,59,FALSE,""
"TG10-01448","1_Nov_PTR_UP_4","TG10-01448","2022-11-08","10:35:24",2022-11-08 10:35:24,2022-11-08 10:36:23,59,FALSE,""
"TG10-01448","1_Nov_PTR_UP_6","TG10-01448","2022-11-08","10:42:25",2022-11-08 10:42:25,2022-11-08 10:43:24,59,FALSE,""
"TG10-01448","1_Nov_PTR_UP_7","TG10-01448","2022-11-08","10:47:54",2022-11-08 10:47:54,2022-11-08 10:48:53,59,FALSE,""
"TG10-01448","1_Nov_PTR_W_17","TG10-01448","2022-11-08","12:16:38",2022-11-08 12:16:38,2022-11-08 12:17:37,59,FALSE,""
"TG10-01448","1_Nov_PTR_W_18","TG10-01448","2022-11-08","12:11:54",2022-11-08 12:11:54,2022-11-08 12:12:53,59,FALSE,""
"TG10-01448","1_Nov_PTR_W_20","TG10-01448","2022-11-08","12:22:33",2022-11-08 12:22:33,2022-11-08 12:23:33,60,FALSE,""
"TG10-01448","1_Nov_PTR_W_22","TG10-01448","2022-11-08","12:33:07",2022-11-08 12:33:07,2022-11-08 12:34:06,59,FALSE,""
"TG10-01448","1_Nov_PTR_W_23","TG10-01448","2022-11-08","12:28:10",2022-11-08 12:28:10,2022-11-08 12:29:09,59,FALSE,""
"TG10-01448","2_Nov_CRC_TR_33_p","TG10-01448","2022-11-07","12:38:00",2022-11-07 12:38:00,2022-11-07 12:38:59,59,FALSE,""
"TG10-01448","2_Nov_CRC_TR_34","TG10-01448","2022-11-07","12:42:13",2022-11-07 12:42:13,2022-11-07 12:43:12,59,FALSE,""
"TG10-01448","2_Nov_CRC_TR_35","TG10-01448","2022-11-07","12:45:56",2022-11-07 12:45:56,2022-11-07 12:46:55,59,FALSE,""
"TG10-01448","2_Nov_CRC_TR_36","TG10-01448","2022-11-07","12:50:16",2022-11-07 12:50:16,2022-11-07 12:51:15,59,FALSE,""
"TG10-01448","2_Nov_CRC_TR_37","TG10-01448","2022-11-07","12:54:03",2022-11-07 12:54:03,2022-11-07 12:55:02,59,FALSE,""
"TG10-01448","2_Nov_CRC_TR_38","TG10-01448","2022-11-07","12:58:15",2022-11-07 12:58:15,2022-11-07 12:59:14,59,FALSE,""
"TG10-01448","2_Nov_CRC_TR_39","TG10-01448","2022-11-07","13:18:13",2022-11-07 13:18:13,2022-11-07 13:19:12,59,FALSE,""
"TG10-01448","2_Nov_CRC_TR_40","TG10-01448","2022-11-07","13:22:37",2022-11-07 13:22:37,2022-11-07 13:23:36,59,FALSE,""
"TG10-01448","2_Nov_CRC_UP_25","TG10-01448","2022-11-07","10:13:32",2022-11-07 10:13:32,2022-11-07 10:14:31,59,FALSE,""
"TG10-01448","2_Nov_CRC_UP_26","TG10-01448","2022-11-07","11:08:46",2022-11-07 11:08:46,2022-11-07 11:09:45,59,FALSE,""
"TG10-01448","2_Nov_CRC_UP_27","TG10-01448","2022-11-07","11:33:05",2022-11-07 11:33:05,2022-11-07 11:34:04,59,FALSE,""
"TG10-01448","2_Nov_CRC_UP_28","TG10-01448","2022-11-07","11:21:14",2022-11-07 11:21:14,2022-11-07 11:22:13,59,FALSE,""
"TG10-01448","2_Nov_CRC_UP_29","TG10-01448","2022-11-07","11:17:20",2022-11-07 11:17:20,2022-11-07 11:18:19,59,FALSE,""
"TG10-01448","2_Nov_CRC_UP_30","TG10-01448","2022-11-07","11:25:04",2022-11-07 11:25:04,2022-11-07 11:26:03,59,FALSE,""
"TG10-01448","2_Nov_CRC_UP_31","TG10-01448","2022-11-07","11:04:27",2022-11-07 11:04:27,2022-11-07 11:05:26,59,FALSE,""
"TG10-01448","2_Nov_CRC_UP_32","TG10-01448","2022-11-07","11:13:04",2022-11-07 11:13:04,2022-11-07 11:14:03,59,FALSE,""
"TG10-01448","2_Nov_CRC_W_41","TG10-01448","2022-11-07","14:31:47",2022-11-07 14:31:47,2022-11-07 14:32:46,59,FALSE,""
"TG10-01448","2_Nov_CRC_W_42","TG10-01448","2022-11-07","13:41:21",2022-11-07 13:41:21,2022-11-07 13:42:20,59,FALSE,""
"TG10-01448","2_Nov_CRC_W_43","TG10-01448","2022-11-07","13:37:29",2022-11-07 13:37:29,2022-11-07 13:38:28,59,FALSE,""
"TG10-01448","2_Nov_CRC_W_44","TG10-01448","2022-11-07","13:33:37",2022-11-07 13:33:37,2022-11-07 13:34:36,59,FALSE,""
"TG10-01448","2_Nov_CRC_W_45","TG10-01448","2022-11-07","14:06:13",2022-11-07 14:06:13,2022-11-07 14:07:12,59,FALSE,""
"TG10-01448","2_Nov_CRC_W_46","TG10-01448","2022-11-07","14:13:10",2022-11-07 14:13:10,2022-11-07 14:14:09,59,FALSE,""
"TG10-01448","2_Nov_CRC_W_47","TG10-01448","2022-11-07","14:26:30",2022-11-07 14:26:30,2022-11-07 14:27:29,59,FALSE,""
"TG10-01448","2_Nov_CRC_W_48","TG10-01448","2022-11-07","14:22:49",2022-11-07 14:22:49,2022-11-07 14:23:48,59,FALSE,""
"TG10-01448","2_Nov_OWC_UP_50","TG10-01448","2022-11-04","11:18:06",2022-11-04 11:18:06,2022-11-04 11:19:05,59,FALSE,""
"TG10-01448","2_Nov_OWC_UP_51","TG10-01448","2022-11-04","11:00:59",2022-11-04 11:00:59,2022-11-04 11:01:58,59,FALSE,""
"TG10-01448","2_Nov_OWC_UP_52","TG10-01448","2022-11-04","11:11:38",2022-11-04 11:11:38,2022-11-04 11:12:37,59,FALSE,""
"TG10-01448","2_Nov_OWC_UP_55","TG10-01448","2022-11-04","11:22:19",2022-11-04 11:22:19,2022-11-04 11:23:18,59,FALSE,""
"TG10-01448","2_Nov_OWC_UP_56","TG10-01448","2022-11-04","11:26:41",2022-11-04 11:26:41,2022-11-04 11:27:40,59,FALSE,""
"TG10-01448","2_Nov_OWC_W_64","TG10-01448","2022-11-04","12:03:25",2022-11-04 12:03:25,2022-11-04 12:04:24,59,FALSE,""
"TG10-01448","2_Nov_OWC_W_66","TG10-01448","2022-11-04","12:07:51",2022-11-04 12:07:51,2022-11-04 12:08:50,59,FALSE,""
"TG10-01448","2_Nov_OWC_W_67","TG10-01448","2022-11-04","12:13:14",2022-11-04 12:13:14,2022-11-04 12:14:13,59,FALSE,""
"TG10-01448","2_Nov_OWC_W_68","TG10-01448","2022-11-04","12:35:13",2022-11-04 12:35:13,2022-11-04 12:36:12,59,FALSE,""
"TG10-01448","2_Nov_OWC_W_69","TG10-01448","2022-11-04","12:40:05",2022-11-04 12:40:05,2022-11-04 12:41:04,59,FALSE,""
"TG10-01448","2_Nov_OWC_W_71","TG10-01448","2022-11-04","12:20:25",2022-11-04 12:20:25,2022-11-04 12:21:24,59,FALSE,""
"TG10-01448","2_Nov_OWC_W_72","TG10-01448","2022-11-04","12:28:43",2022-11-04 12:28:43,2022-11-04 12:29:42,59,FALSE,""
"TG10-01448","2_Nov_PTR_TR_11_b","TG10-01448","2022-11-08","11:10:46",2022-11-08 11:10:46,2022-11-08 11:11:45,59,FALSE,""
"TG10-01448","2_Nov_PTR_TR_12","TG10-01448","2022-11-08","11:58:26",2022-11-08 11:58:26,2022-11-08 11:59:25,59,FALSE,""
"TG10-01448","2_Nov_PTR_TR_13","TG10-01448","2022-11-08","12:03:19",2022-11-08 12:03:19,2022-11-08 12:04:18,59,FALSE,""
"TG10-01448","2_Nov_PTR_TR_14","TG10-01448","2022-11-08","11:35:38",2022-11-08 11:35:38,2022-11-08 11:36:37,59,FALSE,""
"TG10-01448","2_Nov_PTR_TR_15","TG10-01448","2022-11-08","11:26:40",2022-11-08 11:26:40,2022-11-08 11:27:39,59,FALSE,""
"TG10-01448","2_Nov_PTR_TR_15_b","TG10-01448","2022-11-08","11:30:07",2022-11-08 11:30:07,2022-11-08 11:31:06,59,FALSE,""
"TG10-01448","2_Nov_PTR_TR_16","TG10-01448","2022-11-08","11:44:32",2022-11-08 11:44:32,2022-11-08 11:45:31,59,FALSE,""
"TG10-01448","2_Nov_PTR_TR_9","TG10-01448","2022-11-08","11:17:45",2022-11-08 11:17:45,2022-11-08 11:18:44,59,FALSE,""
"TG10-01448","2_Nov_PTR_TR_9_b","TG10-01448","2022-11-08","11:21:29",2022-11-08 11:21:29,2022-11-08 11:22:28,59,FALSE,""
"TG10-01448","2_Nov_PTR_UP_2","TG10-01448","2022-11-08","10:31:23",2022-11-08 10:31:23,2022-11-08 10:32:22,59,FALSE,""
"TG10-01448","2_Nov_PTR_UP_3","TG10-01448","2022-11-08","10:27:16",2022-11-08 10:27:16,2022-11-08 10:28:15,59,FALSE,""
"TG10-01448","2_Nov_PTR_UP_4","TG10-01448","2022-11-08","10:36:49",2022-11-08 10:36:49,2022-11-08 10:37:48,59,FALSE,""
"TG10-01448","2_Nov_PTR_UP_6","TG10-01448","2022-11-08","10:43:50",2022-11-08 10:43:50,2022-11-08 10:44:49,59,FALSE,""
"TG10-01448","2_Nov_PTR_UP_7","TG10-01448","2022-11-08","10:49:20",2022-11-08 10:49:20,2022-11-08 10:50:19,59,FALSE,""
"TG10-01448","2_Nov_PTR_W_17","TG10-01448","2022-11-08","12:18:03",2022-11-08 12:18:03,2022-11-08 12:19:02,59,FALSE,""
"TG10-01448","2_Nov_PTR_W_18","TG10-01448","2022-11-08","12:13:20",2022-11-08 12:13:20,2022-11-08 12:14:19,59,FALSE,""
"TG10-01448","2_Nov_PTR_W_20","TG10-01448","2022-11-08","12:23:59",2022-11-08 12:23:59,2022-11-08 12:24:58,59,FALSE,""
"TG10-01448","2_Nov_PTR_W_22","TG10-01448","2022-11-08","12:34:33",2022-11-08 12:34:33,2022-11-08 12:35:32,59,FALSE,""
"TG10-01448","2_Nov_PTR_W_23","TG10-01448","2022-11-08","12:29:35",2022-11-08 12:29:35,2022-11-08 12:30:34,59,FALSE,""
