"Plot_clean","Site","Zone","Month","Replicate","Date","Plot_ID","TIMESTAMP","TIMESTAMP_min","TIMESTAMP_max","co2_HM81_AIC","co2_HM81_flux.estimate","co2_HM81_p.value","co2_HM81_r.squared","co2_HM81_RMSE","co2_lin_AIC","co2_lin_flux.estimate","co2_lin_flux.std.error","co2_lin_int.estimate","co2_lin_int.std.error","co2_lin_p.value","co2_lin_r.squared","co2_lin_RMSE","co2_poly_AIC","co2_poly_r.squared","co2_poly_RMSE","co2_rob_AIC","co2_rob_converged","co2_rob_flux.estimate","co2_rob_flux.std.error","co2_rob_RMSE","co2_qaqc_flag","ch4_HM81_AIC","ch4_HM81_flux.estimate","ch4_HM81_p.value","ch4_HM81_r.squared","ch4_HM81_RMSE","ch4_lin_AIC","ch4_lin_flux.estimate","ch4_lin_flux.std.error","ch4_lin_int.estimate","ch4_lin_int.std.error","ch4_lin_p.value","ch4_lin_r.squared","ch4_lin_RMSE","ch4_poly_AIC","ch4_poly_r.squared","ch4_poly_RMSE","ch4_rob_AIC","ch4_rob_converged","ch4_rob_flux.estimate","ch4_rob_flux.std.error","ch4_rob_RMSE","ch4_qaqc_flag"
"2022-08-16_CRC_TR_309_156","CRC","TR","Aug",309,NA,156,NA,NA,NA,NA,NA,NA,NA,NA,-5825.983921,0.005115641,8.1e-06,13.31399006,0.001680991,0,0.996403727,0.031961027,-7560.534572,0.998924731,0.017488609,-5765.838325,TRUE,0.005169893,6.99e-06,0.025910223,NA,NA,NA,NA,NA,NA,-11349.6003,-0.000774643,1.19e-06,70.12301156,0.000246958,0,0.996614247,0.004695454,-11567.89012,0.997098556,0.0043497,-11344.07314,TRUE,-0.000776925,1.04e-06,0.004087154,NA
"2022-08-16_CRC_TR_311_152","CRC","TR","Aug",311,NA,152,NA,NA,NA,NA,NA,NA,NA,NA,-4988.542143,0.003201894,1.01e-05,14.33616914,0.001740552,0,0.988279393,0.030222647,-6716.990204,0.997233337,0.014695974,-4981.520507,TRUE,0.003225107,1.05e-05,0.032773119,NA,NA,NA,NA,NA,NA,-8984.754549,-0.00052333,1.91e-06,69.82707585,0.000329267,0,0.984360984,0.005717336,-9878.792126,0.992600561,0.003935965,-8984.048795,TRUE,-0.000524852,1.98e-06,0.006369689,NA
"2022-08-16_CRC_TR_312_153","CRC","TR","Aug",312,NA,153,NA,NA,NA,3968.351342,0.007935415,0,0.700991796,0.605764249,-6333.620112,0.007094257,7.7e-06,13.49656402,0.002397922,0,0.997462854,0.055800078,-9588.819197,0.999438896,0.026253377,-6319.316422,TRUE,0.007119891,7.78e-06,0.062504093,NA,-1492.649793,0.003746279,0,0.769117877,0.171120887,-6692.431072,0.002259652,7.09e-06,68.61212681,0.002206802,0,0.979207317,0.051352683,-13266.53763,0.99901076,0.011206242,-6687.025043,TRUE,0.00225566,7.36e-06,0.058470382,NA
"2022-08-16_CRC_TR_313_154","CRC","TR","Aug",313,NA,154,NA,NA,NA,NA,NA,NA,NA,NA,-6158.787069,0.004092505,6.19e-06,14.45010768,0.001068868,0,0.997269811,0.018559643,-6380.508138,0.997737953,0.01690779,-6158.613122,TRUE,0.004092513,6.24e-06,0.018141151,NA,NA,NA,NA,NA,NA,-9547.97685,-0.000556603,1.51e-06,70.14942925,0.000260393,0,0.991292773,0.004521424,-9882.574644,0.99343345,0.003929767,-9547.462381,TRUE,-0.000555541,1.55e-06,0.004666761,NA
"2022-08-16_CRC_TR_314_151","CRC","TR","Aug",314,NA,151,NA,NA,NA,NA,NA,NA,NA,NA,-7009.386096,0.005607578,5.37e-06,15.41737825,0.001114582,0,0.998681174,0.021191787,-7864.21411,0.999273609,0.015738429,-7009.360161,TRUE,0.005606987,5.75e-06,0.021808267,NA,-2485.441414,0.003037727,0,0.745696988,0.101944429,-6987.385025,0.001933032,5.41e-06,68.43347543,0.00112313,0,0.988841776,0.021354297,-10900.05719,0.999264889,0.005484869,-6910.162686,TRUE,0.001892241,4.44e-06,0.019486081,NA
"2022-08-16_CRC_TR_315_150","CRC","TR","Aug",315,NA,150,NA,NA,NA,NA,NA,NA,NA,NA,-6624.41092,0.006246667,6.14e-06,14.33100287,0.001273988,0,0.998611592,0.02422259,-7113.113788,0.9990139,0.020427952,-6611.49641,TRUE,0.006266291,5.95e-06,0.021233774,NA,-1590.653074,0.003378019,0,0.716990409,0.139089588,-7201.694612,0.002506861,5.03e-06,67.89208173,0.001042588,0,0.994251585,0.019822942,-10940.70251,0.99957275,0.005408005,-7198.521716,TRUE,0.002499689,5.09e-06,0.024295062,NA
"2022-08-16_CRC_TR_316_157","CRC","TR","Aug",316,NA,157,NA,NA,NA,-496.6269082,0.00380411,0,0.685684492,0.203362162,-7508.023975,0.003483777,4.52e-06,14.41725608,0.000937388,0,0.997585791,0.017822747,-7940.316076,0.998216833,0.015327999,-7503.904599,TRUE,0.003492197,4.54e-06,0.017567024,NA,-5238.93639,-0.00092068,0,0.708068625,0.039187319,-10317.46796,-0.000694419,1.7e-06,73.20070914,0.000353398,0,0.991417196,0.006719234,-11841.07984,0.997028939,0.003956063,-10309.33232,TRUE,-0.000698613,1.73e-06,0.006703895,NA
"2022-08-16_CRC_TR_327_155","CRC","TR","Aug",327,NA,155,NA,NA,NA,NA,NA,NA,NA,NA,-4892.51108,0.006667108,1.05e-05,13.81717512,0.001811609,0,0.997045534,0.031456464,-5681.550342,0.998474302,0.0226239,-4876.008553,TRUE,0.006703875,1e-05,0.03200788,NA,NA,NA,NA,NA,NA,-8999.000519,-0.000873006,1.89e-06,72.25756918,0.000327318,0,0.994389872,0.0056835,-9702.031327,0.99688764,0.004236792,-8998.922517,TRUE,-0.00087248,2.02e-06,0.00633705,NA
"2022-08-17_OWC_TR_1_136","OWC","TR","Aug",1,NA,136,NA,NA,NA,899.6420238,0.012682295,5.15e-198,0.659080255,0.412377181,-3857.961114,0.011629745,1.38e-05,17.45186392,0.001670146,0,0.99881726,0.0242892,-4716.561799,0.999576445,0.014552659,-3856.275982,TRUE,0.011633604,1.51e-05,0.026029568,NA,397.2481222,0.009556931,1.35e-197,0.658293007,0.305788727,-4543.3422,0.008614816,9.19e-06,70.0642304,0.001110651,0,0.999046582,0.016152371,-6377.328584,0.999893091,0.005415266,-4543.169436,TRUE,0.008618301,9.38e-06,0.02071106,NA
"2022-08-17_OWC_TR_2_137","OWC","TR","Aug",2,NA,137,NA,NA,NA,1625.602039,0.012596601,2.02e-265,0.67509859,0.512632538,-3786.305463,0.011515612,1.63e-05,13.64137258,0.002539737,0,0.997834836,0.041848107,-4216.433426,0.998551504,0.034260391,-3779.131909,TRUE,0.011498719,1.17e-05,0.028368777,NA,-1226.722648,0.001008058,0.00106044,0.009898657,0.136870962,-1222.912336,0.000141048,5.35e-05,66.59039372,0.008321283,0.00853585,0.006399344,0.13711262,-1227.181236,0.013977688,0.136715612,-1218.641509,TRUE,0.000233593,3.13e-06,0.007623694,NA
"2022-08-17_OWC_TR_4_138","OWC","TR","Aug",4,NA,138,NA,NA,NA,1847.083322,0.037234463,2.75e-170,0.670191049,0.902624723,-1367.419976,0.031016129,6.8e-05,12.97782138,0.006838446,0,0.99665868,0.090852117,-2744.461365,0.999535387,0.03392695,-1215.878346,TRUE,0.030271751,3.33e-05,0.047217415,NA,NA,NA,NA,NA,NA,-5387.420365,0.001769893,3.85e-06,66.84573944,0.000387179,0,0.996710495,0.005143862,-5499.226848,0.99721207,0.00474229,-5378.384548,TRUE,0.001780789,3.5e-06,0.004611919,NA
"2022-08-17_OWC_TR_5_139","OWC","TR","Aug",5,NA,139,NA,NA,NA,860.785509,0.029702837,9.19e-102,0.617322716,0.590698659,-2363.771772,0.027502168,2.71e-05,16.3018151,0.001863412,0,0.999537281,0.020540369,-2631.168973,0.999737117,0.015514626,-2362.755745,TRUE,0.027528131,2.58e-05,0.023310441,NA,NA,NA,NA,NA,NA,-3848.553595,0.00022079,5.76e-06,66.91885341,0.000396833,8.62e-148,0.754286165,0.004374291,-3950.910047,0.803120544,0.00392377,-3845.622553,TRUE,0.00022951,6e-06,0.003797662,NA
"2022-08-17_OWC_TR_6_140","OWC","TR","Aug",6,NA,140,NA,NA,NA,1687.711479,0.027035087,1.03e-160,0.638313114,0.779040287,-2108.865382,0.024872028,4e-05,22.50569872,0.004140894,0,0.99814524,0.055787568,-2365.709188,0.998708929,0.046609492,-2108.474405,TRUE,0.024889216,3.17e-05,0.045186365,NA,NA,NA,NA,NA,NA,-4778.318731,0.000201175,6.27e-06,66.80806629,0.000648641,6.97e-141,0.589300102,0.008738722,-4776.37943,0.590473878,0.008738405,-4767.231667,TRUE,0.000195018,4.26e-06,0.005644685,NA
"2022-08-17_OWC_TR_8_141","OWC","TR","Aug",8,NA,141,NA,NA,NA,786.9368888,0.014507859,1.3e-162,0.64268546,0.416765974,-3563.649335,0.013393784,1.46e-05,16.42391939,0.00150779,0,0.999151143,0.020313474,-3939.284581,0.999498993,0.015627677,-3562.237355,TRUE,0.013400189,1.5e-05,0.021050078,NA,NA,NA,NA,NA,NA,-5893.579715,0.000101761,2.89e-06,66.65054539,0.000298985,1.28e-158,0.633424732,0.004028029,-5914.359144,0.645826114,0.003964834,-5893.281804,TRUE,0.000103335,3.05e-06,0.0041657,NA
"2022-08-17_OWC_UP_6_147","OWC","UP","Aug",6,NA,147,NA,NA,NA,NA,NA,NA,NA,NA,7043.806518,-0.015923437,0.002655612,23.17145121,0.408224375,2.77e-09,0.03286589,6.697442986,6992.821444,0.081754796,6.532146012,7075.749447,TRUE,-0.025732102,0.001728075,4.452839358,NA,NA,NA,NA,NA,NA,5981.379232,-0.005932744,0.001552097,67.19216449,0.239483603,0.000139776,0.013470992,3.931492282,5972.06948,0.025643828,3.910818225,6009.585814,TRUE,-0.000426854,2.28e-05,0.046819193,NA
"2022-08-17_OWC_UP_7_148","OWC","UP","Aug",7,NA,148,NA,NA,NA,NA,NA,NA,NA,NA,7404.222644,-0.007240033,0.003558783,20.05987999,0.533390671,0.042164779,0.003986784,8.607194514,7393.598549,0.017947662,8.554936787,7430.672838,TRUE,-0.006856336,0.001343403,3.496908808,NA,NA,NA,NA,NA,NA,3230.639008,-0.00403514,0.000475363,67.14545729,0.071270816,7.18e-17,0.065146161,1.14834366,3232.34128,0.06721726,1.148181884,3233.991419,TRUE,-0.004527997,5.96e-05,0.122671146,NA
"2022-08-17_OWC_UP_8_149","OWC","UP","Aug",8,NA,149,NA,NA,NA,3594.546776,0.0320045,1.15e-159,0.530956706,1.57009951,2770.449847,0.029588541,0.000476177,13.37004679,0.065774742,0,0.801207658,1.022163898,2764.730224,0.803210197,1.018065724,2781.049226,TRUE,0.028386521,3.45e-05,0.081560438,NA,616.4329906,0.008455767,2.74e-221,0.651133385,0.332883756,-2655.697809,0.008079263,2.82e-05,67.0005957,0.00389665,0,0.988455374,0.060555394,-2699.247612,0.989013261,0.059135887,-2648.056396,TRUE,0.008019372,6.59e-06,0.017486754,NA
"2022-09-16_CRC_TR_309_129","CRC","TR","Sep",309,NA,129,NA,NA,NA,NA,NA,NA,NA,NA,-1892.399019,0.010151226,3.3e-05,15.5693794,0.005502762,0,0.990937143,0.081364054,-2395.952913,0.994942921,0.060848632,-1892.397697,TRUE,0.010150342,3.37e-05,0.107306488,NA,NA,NA,NA,NA,NA,-4868.434687,0.001811493,5.96e-06,68.11736314,0.000994898,0,0.990699206,0.014710599,-5311.065751,0.994433699,0.011393433,-4868.412234,TRUE,0.001812342,6.15e-06,0.018308845,NA
"2022-09-16_CRC_TR_311_130","CRC","TR","Sep",311,NA,130,NA,NA,NA,2144.234104,0.018259376,5.32e-225,0.680975251,0.794598479,-2958.846864,0.016217551,1.8e-05,13.58930857,0.00310261,0,0.998900145,0.046655553,-4315.798828,0.999757557,0.021929272,-2958.042218,TRUE,0.01621673,1.93e-05,0.045345501,NA,-3170.850557,0.000964187,4.24e-226,0.682765162,0.041471735,-7166.489853,0.000847688,1.73e-06,67.44821992,0.000299591,0,0.996256417,0.004505111,-7590.985731,0.997674497,0.003554712,-7166.274752,TRUE,0.000848096,1.73e-06,0.00533054,NA
"2022-09-16_CRC_TR_312_131","CRC","TR","Sep",312,NA,131,NA,NA,NA,1190.219356,0.012346367,2.75e-234,0.695803907,0.467700781,-3307.938643,0.009770877,1.48e-05,12.90997264,0.002555643,0,0.997946144,0.038430525,-4350.419855,0.999357917,0.021511517,-3291.190352,TRUE,0.009720994,1.26e-05,0.033489283,NA,NA,NA,NA,NA,NA,-6555.532697,0.000770848,2.43e-06,67.43662713,0.000420666,0,0.991120372,0.006325779,-7362.122985,0.99639218,0.00403667,-6554.912884,TRUE,0.000772427,2.55e-06,0.006754188,NA
"2022-09-16_CRC_TR_313_128","CRC","TR","Sep",313,NA,128,NA,NA,NA,2882.1362,0.050217333,7.72e-175,0.669617022,1.785626071,-1405.535806,0.044758419,4.89e-05,13.79706846,0.006755616,0,0.999143454,0.090919488,-3486.958704,0.999952701,0.021395032,-1403.354218,TRUE,0.044711796,5e-05,0.104600853,NA,529.4793775,0.009531442,1.83e-173,0.666695294,0.348533695,-3985.782248,0.00869894,8.15e-06,67.69497767,0.001125848,0,0.999370066,0.015152061,-5724.385621,0.999944001,0.00452397,-3984.57619,TRUE,0.008693411,8.41e-06,0.017565075,NA
"2022-09-16_CRC_TR_314_132","CRC","TR","Sep",314,NA,132,NA,NA,NA,NA,NA,NA,NA,NA,1601.907316,0.009250307,0.000879934,16.87667263,0.091064286,1.23e-23,0.170409515,1.0624831,738.0690143,0.833694872,0.476597449,1612.746729,TRUE,0.006660017,0.000892413,1.050790253,NA,NA,NA,NA,NA,NA,-97.83236016,-0.003919292,0.000182366,67.00898385,0.018873006,1.98e-74,0.461935549,0.220198841,-1234.039019,0.934863535,0.076757128,-94.42783213,TRUE,-0.003632139,0.000182441,0.250884473,NA
"2022-09-16_CRC_TR_315_133","CRC","TR","Sep",315,NA,133,NA,NA,NA,NA,NA,NA,NA,NA,-1785.402553,0.020090225,3.45e-05,12.5560213,0.00595456,0,0.997364196,0.089541791,-2128.847425,0.998208347,0.073906099,-1784.502021,TRUE,0.020065251,2.88e-05,0.089512069,NA,NA,NA,NA,NA,NA,-6066.579281,0.000303203,3.19e-06,67.17675361,0.000551963,0,0.909341447,0.008300153,-6464.186297,0.941975214,0.006647719,-6024.441022,TRUE,0.000321148,2.17e-06,0.005787541,NA
"2022-09-16_CRC_TR_316_134","CRC","TR","Sep",316,NA,134,NA,NA,NA,2417.614991,0.016612986,3.08e-293,0.711487085,0.739690571,-1513.057608,0.01318873,3.51e-05,13.691054,0.007280381,0,0.99242216,0.119878187,-3997.580681,0.99924343,0.037913627,-1509.30232,TRUE,0.013246993,3.51e-05,0.143567932,NA,-4362.356333,0.000725201,4.38e-292,0.710063474,0.032051896,-7956.528568,0.000569272,1.78e-06,67.75399639,0.000368651,0,0.989600843,0.006070177,-9023.510642,0.996142286,0.003700586,-7949.641022,TRUE,0.000573474,1.84e-06,0.005564637,NA
"2022-09-16_CRC_TR_327_135","CRC","TR","Sep",327,NA,135,NA,NA,NA,669.4609166,0.016380263,8.22e-149,0.676837301,0.421310585,-1605.001045,0.012768579,4.48e-05,13.05659501,0.005149617,0,0.992703564,0.06330633,-2487.491519,0.998334872,0.03029305,-1604.944175,TRUE,0.012761972,4.84e-05,0.073143579,NA,-1495.114293,0.002539348,1.3e-142,0.661049007,0.069377154,-3937.600793,0.00205461,6.41e-06,67.70426391,0.000737189,0,0.994216294,0.009062565,-4447.128656,0.99754245,0.005917342,-3936.345804,TRUE,0.002051892,6.82e-06,0.009238093,NA
"2022-09-16_CRC_UP_301_126","CRC","UP","Sep",301,NA,126,NA,NA,NA,3150.083614,0.033622543,3.41e-227,0.684541673,1.389420749,-1082.508754,0.02849242,5.09e-05,14.40360656,0.008799139,0,0.997139072,0.132317192,-2277.210372,0.999244779,0.068058763,-1082.262326,TRUE,0.028500211,5.32e-05,0.155827955,NA,-685.088547,0.004081484,3.19e-228,0.686199534,0.165007514,-5019.307811,0.003393227,5.72e-06,67.77908854,0.000987621,0,0.997457982,0.01485136,-6225.763748,0.999337671,0.007589234,-5018.499953,TRUE,0.003393923,6.16e-06,0.016160032,NA
"2022-09-16_CRC_UP_308_127","CRC","UP","Sep",308,NA,127,NA,NA,NA,2082.5559,0.030143632,2.07e-177,0.675018348,1.024807712,-1884.90744,0.025894437,3.51e-05,15.26682635,0.004842723,0,0.99868557,0.065175094,-3844.243356,0.999914004,0.016693917,-1879.224964,TRUE,0.02582635,3.52e-05,0.074729281,NA,-4016.248668,0.000429909,4.6e-168,0.654954736,0.014834853,-5899.955656,0.000359401,2.16e-06,67.59399289,0.000297974,0,0.974785584,0.004010234,-5903.695107,0.975055168,0.003994305,-5899.33929,TRUE,0.000358859,2.08e-06,0.003937163,NA
"2022-09-23_PTR_TR_1_110","PTR","TR","Sep",1,NA,110,NA,NA,NA,-473.5629997,0.006229221,1.15e-188,0.69763844,0.173673605,-2982.149343,0.004531332,1.64e-05,13.51983275,0.002260314,0,0.990723579,0.030420109,-3924.984134,0.997509639,0.015783647,-2981.734859,TRUE,0.004522623,1.76e-05,0.033713557,NA,NA,NA,NA,NA,NA,-4416.877753,0.000424834,6.04e-06,66.69625027,0.000834573,4.94065645841247e-324,0.873193339,0.011231976,-5258.891797,0.96084046,0.006250426,-4416.608593,TRUE,0.000427853,6.29e-06,0.013177015,NA
"2022-09-23_PTR_TR_2_111","PTR","TR","Sep",2,NA,111,NA,NA,NA,NA,NA,NA,NA,NA,-2478.413404,0.009553986,2.01e-05,14.19958329,0.002082337,0,0.997619414,0.024295454,-2899.843816,0.998917241,0.016415638,-2464.81665,TRUE,0.0096202,1.84e-05,0.021475213,NA,-3222.672177,0.001908387,9.04e-172,0.765914063,0.012196643,-3309.578057,0.000433321,9.32e-06,67.03130463,0.000964538,1.4e-190,0.800711906,0.011253648,-3976.420564,0.942461715,0.006058148,-3304.220497,TRUE,0.000425696,9.63e-06,0.010098417,NA
"2022-09-23_PTR_TR_3_112","PTR","TR","Sep",3,NA,112,NA,NA,NA,67.41980948,0.006695785,8.72e-172,0.663088803,0.252866129,-3603.566758,0.006272851,1.06e-05,13.3316197,0.001468092,0,0.997943045,0.019758109,-3810.26865,0.998464916,0.017092469,-3603.198504,TRUE,0.00627276,9.28e-06,0.017168629,NA,-3595.153854,0.000441955,5.29e-139,0.584321857,0.019873879,-4791.202589,0.000426409,4.66e-06,66.46996828,0.000643532,0,0.921056495,0.008660885,-4800.439109,0.922494538,0.008593616,-4785.735637,TRUE,0.00043399,2.44e-06,0.004278795,NA
"2022-09-23_PTR_TR_4_113","PTR","TR","Sep",4,NA,113,NA,NA,NA,-364.0024817,0.00459608,1.9e-227,0.684951443,0.197230315,-4360.54792,0.004045439,8.24e-06,13.27453943,0.001424073,0,0.996285958,0.021414519,-4878.090478,0.997919457,0.016045655,-4357.639571,TRUE,0.004054905,8.32e-06,0.021380788,NA,NA,NA,NA,NA,NA,-6788.664938,7.31e-05,2.14e-06,66.5859488,0.000369563,9.82e-165,0.56553098,0.005557316,-6808.309992,0.576796835,0.00549091,-6787.835886,TRUE,7.45e-05,1.81e-06,0.004585906,NA
"2022-09-23_PTR_TR_5_114","PTR","TR","Sep",5,NA,114,NA,NA,NA,246.3287715,0.008103591,6.98e-177,0.673917466,0.286317847,-3429.363519,0.007219945,1.2e-05,14.09730236,0.001656883,0,0.998022126,0.022298925,-4045.94842,0.999164647,0.014511935,-3427.306395,TRUE,0.007216669,1.22e-05,0.020385758,NA,NA,NA,NA,NA,NA,-5698.160167,-0.000151024,2.48e-06,67.12909555,0.000342798,1.27e-285,0.837608082,0.004613493,-5760.428395,0.851887302,0.004412142,-5697.814359,TRUE,-0.000151831,2.58e-06,0.004920678,NA
"2022-09-23_PTR_TR_6_115","PTR","TR","Sep",6,NA,115,NA,NA,NA,100.654439,0.013009344,3.17e-205,0.7280888,0.258770047,-1048.322717,0.006952898,6.27e-05,13.09357986,0.008657611,0,0.944871108,0.116517213,-2792.627135,0.995137886,0.034651237,-1048.322717,TRUE,0.006952898,6.27e-05,0.173235802,NA,NA,NA,NA,NA,NA,-5141.172503,-6.24e-06,3.65e-06,66.27595039,0.000504686,0.0879631,0.004049283,0.00679225,-5456.851474,0.361131142,0.005447614,-5135.691613,TRUE,-1.44e-05,3.1e-06,0.004852034,NA
"2022-09-23_PTR_TR_7_116","PTR","TR","Sep",7,NA,116,NA,NA,NA,-33.56375902,0.008203522,3.59e-122,0.642220109,0.23370016,-2975.111921,0.00749955,1.27e-05,13.38011779,0.001314669,0,0.99845873,0.015338764,-3065.628212,0.998706209,0.014079648,-2975.023732,TRUE,0.007496445,1.3e-05,0.015786694,NA,NA,NA,NA,NA,NA,-3946.015848,1.53e-05,5.17e-06,66.50668467,0.000535047,0.003138974,0.016101267,0.006242608,-3961.539155,0.051038048,0.006142201,-3944.319815,TRUE,1.18e-05,4.29e-06,0.005085082,NA
"2022-09-23_PTR_TR_8_117","PTR","TR","Sep",8,NA,117,NA,NA,NA,-938.5740303,0.003391964,1.36e-124,0.649549108,0.101095585,-2914.176855,0.003265635,1.34e-05,13.07525376,0.001390977,0,0.990968695,0.016229078,-3028.520402,0.992746079,0.014571818,-2913.987702,TRUE,0.003266528,1.48e-05,0.016806744,NA,-3381.504332,0.000627579,5.12e-129,0.662562586,0.010528585,-4267.162327,0.000336584,3.84e-06,66.37925678,0.000397421,1.06915805760046e-320,0.934550906,0.004636873,-4349.767962,0.944249195,0.004287535,-4266.808755,TRUE,0.00033782,4.04e-06,0.004632191,NA
"2022-09-23_PTR_UP_301_118","PTR","UP","Sep",301,NA,118,NA,NA,NA,-1050.564242,0.003453756,4.11e-175,0.670197611,0.116335982,-3916.53995,0.002910882,8.55e-06,13.14935946,0.001181307,0,0.993840646,0.015898448,-4053.548866,0.994936155,0.014435542,-3916.484756,TRUE,0.0029101,8.89e-06,0.017816846,NA,NA,NA,NA,NA,NA,-5098.49005,0.000137101,3.76e-06,66.30146269,0.00051987,2.37e-165,0.648903147,0.006996589,-5403.47573,0.771413352,0.005653326,-5098.425281,TRUE,0.000136522,3.51e-06,0.006353351,NA
"2022-09-23_PTR_UP_302_121","PTR","UP","Sep",302,NA,121,NA,NA,NA,-1199.934166,0.001998129,4.82e-107,0.592814469,0.079365703,-2308.47475,0.002325938,2.35e-05,13.22016804,0.00243718,0,0.947730345,0.028435542,-2827.656206,0.980162751,0.017550366,-2306.740403,TRUE,0.002356654,2.34e-05,0.026594779,NA,-2813.172389,0.000806723,1.47e-123,0.646437378,0.017820104,-3755.399117,0.00055764,6.17e-06,66.56223165,0.000638328,0,0.938243681,0.007447624,-4365.067973,0.980178395,0.004227223,-3755.211426,TRUE,0.000560046,6.43e-06,0.008418634,NA
"2022-09-23_PTR_UP_303_120","PTR","UP","Sep",303,NA,120,NA,NA,NA,-1555.343168,0.003081061,6.21e-169,0.705668046,0.070192771,-3068.975975,0.002102316,1.39e-05,13.7091023,0.001676435,0,0.973367921,0.021114277,-3373.518106,0.983680397,0.016554693,-3067.957754,TRUE,0.002099647,1.38e-05,0.023395513,NA,NA,NA,NA,NA,NA,-4865.005886,-1.34e-05,3.34e-06,66.83604508,0.000403027,6.31e-05,0.025187584,0.005076027,-5037.868872,0.26379386,0.004418306,-4864.96397,TRUE,-1.32e-05,3.55e-06,0.005230726,NA
"2022-09-23_PTR_UP_304_125","PTR","UP","Sep",304,NA,125,NA,NA,NA,682.2030677,0.00945052,3.13e-238,0.701891038,0.352692815,-3430.677692,0.007439199,1.38e-05,13.16500461,0.002387187,0,0.99691179,0.035897358,-4652.399288,0.999208892,0.018189092,-3382.244568,TRUE,0.007360008,1.06e-05,0.027690054,NA,-4942.749058,0.001075663,0,0.808851794,0.015496653,-5848.316918,0.000394284,3.61e-06,66.42545057,0.000623119,0,0.930114194,0.009370166,-6605.07692,0.969988709,0.006147228,-5777.147149,TRUE,0.000368469,2.12e-06,0.005554178,NA
"2022-09-23_PTR_UP_305_122","PTR","UP","Sep",305,NA,122,NA,NA,NA,NA,NA,NA,NA,NA,-3553.990015,0.008129731,1.1e-05,12.94572019,0.001519516,0,0.998687105,0.020450192,-3854.62547,0.99914004,0.01657399,-3553.48695,TRUE,0.008124722,1.16e-05,0.020819867,NA,-1935.096009,0.002410373,1.73e-180,0.681369075,0.062942665,-4825.319905,0.001602608,4.55e-06,67.17012613,0.000628464,0,0.994246355,0.008458098,-4857.86839,0.994531131,0.008257634,-4821.8882,TRUE,0.001596629,2.68e-06,0.005103461,NA
"2022-09-23_PTR_UP_306_123","PTR","UP","Sep",306,NA,123,NA,NA,NA,642.1501321,0.009405699,4.36e-169,0.657211054,0.376899469,-3632.525572,0.009274589,1.04e-05,13.68410638,0.001438863,0,0.999095103,0.019364736,-3919.939491,0.999396299,0.015839038,-3632.232198,TRUE,0.009269478,1.09e-05,0.021338203,NA,NA,NA,NA,NA,NA,-5588.45483,6.93e-05,2.68e-06,66.5628104,0.000369934,8.72e-105,0.482449068,0.004978703,-5740.544355,0.58332067,0.004473489,-5578.770442,TRUE,7.6e-05,2.4e-06,0.004187001,NA
"2022-09-23_PTR_UP_307_124","PTR","UP","Sep",307,NA,124,NA,NA,NA,-567.9469198,0.004511617,8.01e-119,0.631825999,0.142485423,-2963.14599,0.004501048,1.28e-05,13.02493987,0.001329316,0,0.99563769,0.015509656,-3006.312151,0.996002548,0.014874564,-2962.862632,TRUE,0.004496345,1.37e-05,0.016760422,NA,-2322.739738,0.001027228,1.46e-125,0.652445838,0.028062426,-4422.217433,0.000911132,3.33e-06,66.75939647,0.000344271,0,0.992879351,0.00401674,-4544.810164,0.994367418,0.003579122,-4421.982957,TRUE,0.000911229,3.47e-06,0.004056769,NA
"2022-09-23_PTR_UP_308_119","PTR","UP","Sep",308,NA,119,NA,NA,NA,NA,NA,NA,NA,NA,-3688.960302,0.004109241,1e-05,13.07112041,0.001383564,0,0.995752153,0.018620496,-3806.106378,0.996409995,0.017141945,-3687.810877,TRUE,0.00410055,9.44e-06,0.017529194,NA,NA,NA,NA,NA,NA,-4561.627052,0.000345309,5.46e-06,66.02782965,0.00075476,1.53e-295,0.847615127,0.010157825,-4709.881771,0.876660034,0.009151397,-4552.723761,TRUE,0.000333614,5.12e-06,0.00908755,NA
"2022-09-30_OWC_TR_120_102","OWC","TR","Sep",120,NA,102,NA,NA,NA,1246.826854,0.020826076,1.19e-150,0.663472725,0.64884236,-2362.17371,0.018410989,2.43e-05,13.33169046,0.00293769,0,0.998905709,0.036999471,-3192.140023,0.999708772,0.019117813,-2360.109028,TRUE,0.018380147,2.45e-05,0.042312864,NA,NA,NA,NA,NA,NA,-5047.442213,0.00012302,2.89e-06,65.87487422,0.000348701,1.7e-187,0.743104809,0.004391796,-5051.767355,0.746477222,0.004369837,-5046.354699,TRUE,0.000125603,2.7e-06,0.003819337,NA
"2022-09-30_OWC_TR_121_103","OWC","TR","Sep",121,NA,103,NA,NA,NA,1265.804067,0.01675309,6.98e-178,0.676000202,0.581186383,-2006.257671,0.014691744,3.22e-05,12.99668001,0.004451345,0,0.996557449,0.059907782,-3130.965156,0.999282108,0.027395437,-1991.273813,TRUE,0.014615546,2.85e-05,0.057009297,NA,NA,NA,NA,NA,NA,-5237.421872,-7.48e-06,3.42e-06,66.25550771,0.000472056,0.028890053,0.00663178,0.006353097,-5430.955869,0.244976679,0.005546464,-5236.863489,TRUE,-4.99e-06,3.39e-06,0.006345326,NA
"2022-09-30_OWC_TR_122_104","OWC","TR","Sep",122,NA,104,NA,NA,NA,-79.77736634,0.011117348,1.81e-142,0.699234263,0.223910977,-1915.355297,0.007803473,3.39e-05,13.16637897,0.003507281,0,0.989954615,0.040920835,-2332.110348,0.995391339,0.027768813,-1854.38571,TRUE,0.00757579,1.82e-05,0.017420002,NA,NA,NA,NA,NA,NA,-3945.278257,0.000311374,5.17e-06,65.79751539,0.000535413,4e-241,0.870682031,0.006246873,-4065.078997,0.897176532,0.005580693,-3915.907995,TRUE,0.000287771,3.54e-06,0.003943173,NA
"2022-09-30_OWC_TR_123_105","OWC","TR","Sep",123,NA,105,NA,NA,NA,660.5922847,0.011547041,1.28e-178,0.677526641,0.381757482,-2817.299955,0.00967743,1.83e-05,14.21766186,0.002534465,0,0.997425605,0.034109727,-3669.684179,0.999216362,0.018845347,-2815.064486,TRUE,0.009655387,1.94e-05,0.035020917,NA,-2175.525546,0.001331856,2.55e-167,0.653306014,0.053263925,-5867.911893,0.001302544,2.21e-06,66.11611107,0.000304679,0,0.997945304,0.004100472,-5873.684893,0.997973005,0.004078421,-5867.692199,TRUE,0.001303168,2.27e-06,0.004059257,NA
"2022-09-30_OWC_TR_124_106","OWC","TR","Sep",124,NA,106,NA,NA,NA,562.5324791,0.015041383,3.83e-125,0.651196446,0.405848479,-2635.215678,0.013194393,1.74e-05,13.44932282,0.001800931,0,0.999065036,0.021012174,-2976.803827,0.99950699,0.015286577,-2632.237067,TRUE,0.013178702,1.69e-05,0.019659427,NA,NA,NA,NA,NA,NA,-4491.67048,0.000413136,3.12e-06,65.93880229,0.000322828,0,0.970240835,0.003766561,-4506.712856,0.971271965,0.003707629,-4491.380553,TRUE,0.000411529,3.08e-06,0.003425083,NA
"2022-09-30_OWC_TR_126_107","OWC","TR","Sep",126,NA,107,NA,NA,NA,-348.1111232,0.006379321,1.55e-127,0.658265495,0.174651291,-2294.901796,0.005712417,2.38e-05,16.01318068,0.002468002,0,0.990710672,0.028795163,-2752.211112,0.996046546,0.018820211,-2292.753878,TRUE,0.00574512,2.5e-05,0.030061547,NA,-1759.963516,0.0017084,1.41e-124,0.649506867,0.047253212,-4162.954405,0.001530101,4.23e-06,66.03563313,0.000437679,0,0.995906673,0.005106576,-4423.155233,0.997490466,0.00400587,-4162.916372,TRUE,0.001530514,4.4e-06,0.005426435,NA
"2022-09-30_OWC_TR_127_108","OWC","TR","Sep",127,NA,108,NA,NA,NA,548.1506806,0.013612983,4.95e-123,0.644841452,0.400479831,-2424.305656,0.012899552,2.12e-05,16.07605916,0.002189319,0,0.998555136,0.025543657,-2492.858018,0.998736786,0.023928569,-2424.28585,TRUE,0.01289835,2.26e-05,0.025878808,NA,-3411.523656,0.000323135,1.13e-108,0.598456113,0.010239966,-4477.650208,0.000301643,3.16e-06,66.0959204,0.000327046,0,0.944242697,0.003815776,-4475.41445,0.944424565,0.003816649,-4477.372226,TRUE,0.000302583,3.3e-06,0.004117136,NA
"2022-09-30_OWC_TR_128_109","OWC","TR","Sep",128,NA,109,NA,NA,NA,NA,NA,NA,NA,NA,-1748.768675,0.018171961,3.23e-05,14.99012747,0.00222172,0,0.99887235,0.021208956,-1841.894947,0.999138999,0.018584485,-1747.682133,TRUE,0.018197678,3.36e-05,0.019415465,NA,-1484.428474,0.001501886,1.51e-78,0.626435161,0.030617224,-3006.09616,0.00143817,5.63e-06,65.83988185,0.000387513,0,0.994546613,0.00369927,-3063.411953,0.995400649,0.003406808,-3005.95024,TRUE,0.001437349,5.98e-06,0.003801958,NA
"2022-09-30_OWC_UP_102_95","OWC","UP","Sep",102,NA,95,NA,NA,NA,1213.03149,0.025196122,6.53e-122,0.641424143,0.741217263,-2332.710931,0.023771932,2.3e-05,16.92346229,0.002383096,0,0.99949543,0.02780453,-2774.969455,0.99977919,0.018427771,-2331.259756,TRUE,0.023796162,2.38e-05,0.030058455,NA,NA,NA,NA,NA,NA,-4425.955674,0.00017237,3.32e-06,65.85102889,0.000343081,5.82e-212,0.834027802,0.004002861,-4431.725241,0.837003537,0.003974209,-4423.177518,TRUE,0.000176436,2.92e-06,0.003443861,NA
"2022-09-30_OWC_UP_103_96","OWC","UP","Sep",103,NA,96,NA,NA,NA,NA,NA,NA,NA,NA,-2436.992088,0.020803464,1.75e-05,13.90952702,0.001507029,0,0.999683476,0.016064442,-2496.3556,0.99972505,0.015005871,-2435.791638,TRUE,0.020822542,1.62e-05,0.016090035,NA,-2263.073051,0.001142261,2.98e-104,0.650239087,0.019489028,-2608.865908,0.000695051,1.44e-05,65.86557978,0.001245042,4.62e-179,0.837801443,0.013271745,-2682.366821,0.863462815,0.012203983,-2594.994726,TRUE,0.000732007,7.16e-06,0.00530772,NA
"2022-09-30_OWC_UP_104_97","OWC","UP","Sep",104,NA,97,NA,NA,NA,87.94265136,0.009725107,1.64e-96,0.621312178,0.265626533,-2398.510725,0.009939046,1.83e-05,13.5769545,0.001572862,0,0.998491282,0.016766206,-2460.481069,0.998697013,0.015616095,-2398.101052,TRUE,0.009930322,1.96e-05,0.018164578,NA,-3213.578122,0.000297679,7.48e-87,0.581838909,0.006778358,-3810.337648,0.00022774,3.8e-06,65.89329115,0.000327653,5.94e-216,0.888977325,0.003492678,-3849.682212,0.899172291,0.003335909,-3809.984498,TRUE,0.000229669,4.05e-06,0.003279471,NA
"2022-09-30_OWC_UP_105_98","OWC","UP","Sep",105,NA,98,NA,NA,NA,1105.666881,0.032306706,6.77e-99,0.630463507,0.822950465,-1981.000594,0.031189079,2.9e-05,14.49106618,0.002501266,0,0.999612101,0.026662697,-2374.377186,0.999839598,0.017183903,-1979.673994,TRUE,0.031216971,3.07e-05,0.025597703,NA,-3582.761708,0.000183775,6.48e-53,0.407745955,0.004497541,-3703.451061,9.96e-05,4.28e-06,65.87635287,0.000368971,4.54e-79,0.547070216,0.003933115,-3730.949797,0.577689883,0.003806348,-3703.326636,TRUE,9.99e-05,4.37e-06,0.003555818,NA
"2022-09-30_OWC_UP_106_99","OWC","UP","Sep",106,NA,99,NA,NA,NA,-148.6406263,0.007694332,6.49e-124,0.647511897,0.21007955,-2916.528258,0.006790087,1.34e-05,13.07443197,0.001387952,0,0.997905533,0.016193782,-2939.267832,0.99800672,0.015827211,-2916.459266,TRUE,0.006787247,1.38e-05,0.014709331,NA,-4181.970418,8.79e-05,1.13e-73,0.458458803,0.005017449,-4435.131539,0.000106496,3.29e-06,65.86755349,0.000340178,1.6e-128,0.661134846,0.003968996,-4440.571207,0.667007027,0.00394179,-4435.054039,TRUE,0.000105681,3.27e-06,0.003857251,NA
"2022-09-30_OWC_UP_107_100","OWC","UP","Sep",107,NA,100,NA,NA,NA,584.5358293,0.014715097,1.16e-123,0.646756217,0.414201827,-2736.225328,0.013382278,1.58e-05,13.41898734,0.001640131,0,0.999246027,0.01913606,-2977.80561,0.999521538,0.015272404,-2733.886359,TRUE,0.013362078,1.6e-05,0.018295677,NA,-3397.34664,0.000411913,9.54e-122,0.640918267,0.010375271,-4514.906755,0.000324974,3.05e-06,65.87232176,0.000315956,0,0.954668858,0.003686389,-4545.530536,0.957484184,0.003576735,-4514.577979,TRUE,0.000323487,3.18e-06,0.003681565,NA
"2022-09-30_OWC_UP_108_101","OWC","UP","Sep",108,NA,101,NA,NA,NA,-62.62124596,0.005053847,1.33e-190,0.65831539,0.232222055,-4502.973027,0.005087153,6.75e-06,15.69852906,0.001049791,0,0.998578131,0.014980302,-4515.558402,0.998606949,0.014846103,-4502.569141,TRUE,0.005084924,7.34e-06,0.014557494,NA,-5409.894979,0.000281941,4.27e-179,0.635171185,0.008558353,-6645.735789,0.000174216,1.8e-06,66.1013612,0.000279682,0,0.920663456,0.003991005,-6648.079277,0.921282351,0.003980337,-6645.171971,TRUE,0.000175536,1.76e-06,0.003762079,NA
"2022-10-07_PTR_TR_1_79","PTR","TR","Oct",1,NA,79,NA,NA,NA,-636.2563775,0.008231844,1.72e-42,0.650498768,0.040868431,-1006.01054,0.003879566,6.3e-05,13.03955427,0.002154337,5.67e-122,0.95519511,0.014632762,-1031.668495,0.962001341,0.013551938,-1005.032141,TRUE,0.003818025,5.86e-05,0.015572736,NA,-1418.841915,0.000516837,2.61e-25,0.455933443,0.004648335,-1506.136772,0.000295093,1.57e-05,65.69108324,0.000537,3.9e-44,0.665010176,0.003647432,-1506.791968,0.67356268,0.003620971,-1506.11999,TRUE,0.000294511,1.64e-05,0.003950494,NA
"2022-10-07_PTR_TR_1_87","PTR","TR","Oct",1,NA,87,NA,NA,NA,NA,NA,NA,NA,NA,-3869.503333,0.00091558,8.84e-06,13.07506926,0.001220531,0,0.937319147,0.016426334,-4035.439698,0.950496999,0.014618227,-3869.278216,TRUE,0.00091188,9.17e-06,0.017528437,NA,NA,NA,NA,NA,NA,-5243.639807,0.00037468,3.4e-06,65.90712268,0.000470022,0,0.944092283,0.006325723,-6037.543892,0.981541918,0.003639765,-5243.630479,TRUE,0.000374736,3.61e-06,0.006955484,NA
"2022-10-07_PTR_TR_2_80","PTR","TR","Oct",2,NA,80,NA,NA,NA,-97.25176845,0.004241059,6.49e-270,0.681272045,0.230890087,-5809.073546,0.003928555,4.8e-06,13.08135438,0.000996294,0,0.998390998,0.016404896,-5843.424036,0.998447131,0.016131171,-5807.435177,TRUE,0.003926693,4.69e-06,0.014615065,NA,-7902.903899,0.000311905,1.23e-298,0.718063079,0.006222763,-8582.944081,0.000103861,1.33e-06,66.16673234,0.000275846,0,0.849792672,0.004542059,-9080.326228,0.905578028,0.003604517,-8582.21229,TRUE,0.000103783,1.39e-06,0.004650286,NA
"2022-10-07_PTR_TR_2_88","PTR","TR","Oct",2,NA,88,NA,NA,NA,NA,NA,NA,NA,NA,-3574.260374,0.005842674,1.08e-05,15.63366236,0.001498277,0,0.997531521,0.020164339,-3609.764862,0.997663311,0.019646057,-3572.846043,TRUE,0.005831564,1.06e-05,0.018448344,NA,-3327.07972,-0.001235962,5.07e-189,0.698327199,0.023940435,-5293.589804,-0.000622062,3.29e-06,66.6682384,0.000453998,0,0.980349968,0.006110062,-5347.093267,0.981858302,0.00587907,-5287.17584,TRUE,-0.000614533,2.78e-06,0.005178862,NA
"2022-10-07_PTR_TR_3_81","PTR","TR","Oct",3,NA,81,NA,NA,NA,741.2441916,0.004902075,0,0.750582589,0.296962868,-4590.681696,0.003408935,9.19e-06,13.66205067,0.003179244,0,0.987103618,0.067526262,-8866.707479,0.998803794,0.020577063,-4589.03506,TRUE,0.003409631,9.52e-06,0.0802351,NA,-7336.603204,0.000476555,0,0.742197384,0.031492852,-12981.14768,0.000355894,8.93e-07,66.08418296,0.000309115,0,0.988795268,0.006565519,-14573.06628,0.99538314,0.004216803,-12977.17945,TRUE,0.000355607,9.04e-07,0.006401573,NA
"2022-10-07_PTR_TR_3_89","PTR","TR","Oct",3,NA,89,NA,NA,NA,-281.3065384,0.005110612,1.26e-169,0.658394362,0.198480158,-3900.189119,0.004889296,8.65e-06,13.00958367,0.001194797,0,0.997757859,0.01608,-3955.76418,0.997935913,0.015449851,-3900.107309,TRUE,0.004891,8.73e-06,0.016993424,NA,-5349.679272,0.000255706,2.71e-158,0.632658874,0.005876644,-5977.342104,0.000128574,2.04e-06,65.74758542,0.000282383,2.84e-294,0.846371557,0.00380041,-5990.283303,0.849944153,0.003761203,-5977.066318,TRUE,0.000129147,2.11e-06,0.004304148,NA
"2022-10-07_PTR_TR_4_82","PTR","TR","Oct",4,NA,82,NA,NA,NA,NA,NA,NA,NA,NA,-2997.68456,0.000167635,1.47e-05,12.93095913,0.001774023,1.47e-27,0.171856373,0.022343377,-3067.532465,0.263456936,0.021105114,-2997.674101,TRUE,0.000166326,1.56e-05,0.021628473,NA,-2111.544472,0.001885712,6.4e-122,0.584634116,0.045142119,-3114.026319,0.001103718,1.34e-05,65.69026669,0.001617554,0,0.915401312,0.020372689,-3112.110756,0.915680756,0.020371478,-3111.99584,TRUE,0.001114621,1.23e-05,0.01635734,NA
"2022-10-07_PTR_TR_4_90","PTR","TR","Oct",4,NA,90,NA,NA,NA,NA,NA,NA,NA,NA,-2847.454431,0.003257023,1.8e-05,12.95150044,0.002481943,0,0.978615629,0.033402876,-3327.095225,0.989076275,0.023907089,-2846.560287,TRUE,0.003268044,1.92e-05,0.035120373,NA,NA,NA,NA,NA,NA,-5578.6259,0.000172323,2.7e-06,65.68731441,0.000372468,1.68e-298,0.85048019,0.005012802,-5577.071644,0.850987227,0.00501128,-5578.460246,TRUE,0.000172301,2.57e-06,0.004724666,NA
"2022-10-07_PTR_TR_5_83","PTR","TR","Oct",5,NA,83,NA,NA,NA,361.4327614,0.008958031,2.01e-250,0.719954294,0.295122858,-3002.699173,0.006410984,1.75e-05,13.44583066,0.003027937,0,0.993333944,0.045532646,-4673.830848,0.998963581,0.01797381,-2958.644038,TRUE,0.006310884,1.51e-05,0.036941922,NA,-3023.829724,0.001715427,5e-263,0.737474496,0.045001254,-5833.772138,0.001007166,3.64e-06,66.18580204,0.000628175,0,0.988432609,0.009446188,-6993.100707,0.996824063,0.004955175,-5799.107742,TRUE,0.000987192,2.89e-06,0.00681832,NA
"2022-10-07_PTR_TR_5_91","PTR","TR","Oct",5,NA,91,NA,NA,NA,NA,NA,NA,NA,NA,-3425.579887,0.002629824,1.2e-05,13.28763162,0.001661242,0,0.98520612,0.022357593,-3627.781789,0.988890262,0.019401782,-3425.366812,TRUE,0.002635068,1.25e-05,0.02440571,NA,NA,NA,NA,NA,NA,-5826.024687,-1.47e-05,2.27e-06,65.74449556,0.000313671,1.63e-10,0.055372086,0.0042215,-5964.992248,0.225494275,0.003827845,-5826.012584,TRUE,-1.48e-05,2.25e-06,0.004316441,NA
"2022-10-07_PTR_TR_6_84","PTR","TR","Oct",6,NA,84,NA,NA,NA,NA,NA,NA,NA,NA,-1673.376358,0.004690872,4.24e-05,13.27446273,0.004388097,0,0.957893562,0.051197665,-2294.348119,0.986765256,0.028756924,-1673.372851,TRUE,0.004693355,4.71e-05,0.058268787,NA,NA,NA,NA,NA,NA,-4616.512326,0.000181628,2.78e-06,66.024725,0.000287587,4.44e-258,0.888147957,0.00335539,-4653.295563,0.896284411,0.003237068,-4616.366361,TRUE,0.000181925,2.69e-06,0.002912454,NA
"2022-10-07_PTR_TR_6_92","PTR","TR","Oct",6,NA,92,NA,NA,NA,-70.96272548,0.007609736,5.27e-252,0.722213605,0.232100861,-2490.621952,0.005031182,2.33e-05,13.80893079,0.004024372,0,0.981115486,0.060516551,-4720.942513,0.998422622,0.017509481,-2488.628865,TRUE,0.005054821,2.4e-05,0.072907992,NA,-6380.10554,-0.000197458,1.08e-109,0.424023072,0.006973329,-7112.869881,-9.15e-05,1.79e-06,66.03107874,0.00030865,1.4e-268,0.744841479,0.004641332,-7238.351616,0.779032328,0.004324004,-7099.48421,TRUE,-9.7e-05,1.61e-06,0.003952016,NA
"2022-10-07_PTR_TR_7_85","PTR","TR","Oct",7,NA,85,NA,NA,NA,-384.8031587,0.006259872,4.08e-155,0.674306164,0.177726408,-2920.984518,0.005114072,1.56e-05,13.22094772,0.001885368,0,0.994185975,0.023745736,-3426.867014,0.99741187,0.015868392,-2920.943428,TRUE,0.005112707,1.61e-05,0.0264028,NA,-2269.935874,0.001710714,5.27e-161,0.688060161,0.039809607,-4491.24393,0.001168519,4.49e-06,66.06109901,0.000542203,0,0.990820942,0.006828912,-5216.441337,0.997115163,0.003834474,-4489.309868,TRUE,0.00116993,4.54e-06,0.007070457,NA
"2022-10-07_PTR_TR_7_93","PTR","TR","Oct",7,NA,93,NA,NA,NA,-1242.940161,0.004102478,5.56e-226,0.720678771,0.112067585,-2642.141803,0.002648887,2.13e-05,13.46313059,0.003311007,0,0.950352251,0.04724739,-4060.139271,0.991420286,0.019665392,-2642.128163,TRUE,0.002649866,2.14e-05,0.062746263,NA,NA,NA,NA,NA,NA,-6142.200055,-0.000116871,2.46e-06,65.94438805,0.00038164,1.16e-236,0.737164848,0.005445925,-6362.015681,0.80062022,0.004749071,-6140.381294,TRUE,-0.000119569,2.35e-06,0.005420434,NA
"2022-10-07_PTR_TR_8_86","PTR","TR","Oct",8,NA,86,NA,NA,NA,123.4870486,0.008044068,1.36e-179,0.679533209,0.262905801,-3426.784905,0.006686283,1.2e-05,13.0552003,0.001659853,0,0.997686306,0.022338891,-3954.515152,0.998894463,0.015463258,-3420.250185,TRUE,0.006661065,1.13e-05,0.022163609,NA,-4357.996242,0.000580465,5.81e-203,0.724116829,0.01170077,-5783.202992,0.000314915,2.34e-06,65.84569055,0.000323139,0,0.961888211,0.004348921,-6120.838864,0.976286858,0.0034352,-5780.92102,TRUE,0.00031152,2.39e-06,0.0044859,NA
"2022-10-07_PTR_TR_8_94","PTR","TR","Oct",8,NA,94,NA,NA,NA,-2569.509747,0.00104944,3.65e-186,0.649567376,0.049413912,-4397.791165,0.001049849,7.21e-06,13.00017623,0.001120212,0,0.963327362,0.015985199,-4426.054404,0.964759368,0.015689423,-4397.717621,TRUE,0.001048209,7.42e-06,0.014069616,NA,-5634.871783,0.000283634,1.04e-195,0.668110957,0.007448653,-6709.368843,0.000158217,1.73e-06,65.82695144,0.000268909,0,0.911918623,0.003837279,-6758.05748,0.917465745,0.003719089,-6708.994127,TRUE,0.000157192,1.71e-06,0.003745906,NA
"2022-10-14_CRC_TR_309_71","CRC","TR","Oct",309,NA,71,NA,NA,NA,NA,NA,NA,NA,NA,-2933.366138,0.006102116,1.32e-05,14.30323551,0.00136648,0,0.997487307,0.015943269,-2982.066201,0.997720942,0.015212273,-2933.119253,TRUE,0.006108616,1.38e-05,0.01637432,NA,-1249.526402,0.002924799,3.07e-128,0.660309412,0.075803737,-3961.131568,0.002495634,5.1e-06,68.8000482,0.000527611,0,0.997759847,0.006155845,-4510.789128,0.999196476,0.003693662,-3958.141212,TRUE,0.002490625,5.22e-06,0.006382388,NA
"2022-10-14_CRC_TR_311_72","CRC","TR","Oct",311,NA,72,NA,NA,NA,-394.8958057,0.00498919,6.62e-124,0.627513603,0.170529999,-2821.818067,0.00507198,1.55e-05,13.78793229,0.001692859,0,0.994727829,0.02028805,-2903.776735,0.995465851,0.018847747,-2821.697142,TRUE,0.005067295,1.57e-05,0.021203939,NA,NA,NA,NA,NA,NA,-3887.603646,0.002903161,6.08e-06,67.89045419,0.000664659,0,0.997512444,0.007965601,-4180.30348,0.998521874,0.006151113,-3885.098521,TRUE,0.002911028,6.31e-06,0.008495113,NA
"2022-10-14_CRC_TR_312_73","CRC","TR","Oct",312,NA,73,NA,NA,NA,-97.91725527,0.009240715,8.98e-129,0.661858404,0.220181533,-2176.734784,0.007247396,2.66e-05,14.18199407,0.002753363,0,0.992802004,0.032124575,-2565.690881,0.996523221,0.022368087,-2164.427934,TRUE,0.007321674,2.47e-05,0.029608936,NA,NA,NA,NA,NA,NA,-4209.66108,0.000592788,4.05e-06,68.39147171,0.000419154,0,0.975500171,0.004890439,-4246.321644,0.977277201,0.004718522,-4209.596247,TRUE,0.000591822,3.94e-06,0.004769535,NA
"2022-10-14_CRC_TR_313_74","CRC","TR","Oct",313,NA,74,NA,NA,NA,373.0360673,0.008116318,5.37e-201,0.677955979,0.303875572,-3926.567276,0.006856219,9.64e-06,13.7184421,0.001498399,0,0.998405539,0.021381845,-4385.994712,0.999100213,0.016082231,-3925.666063,TRUE,0.00685327,9.61e-06,0.020837583,NA,NA,NA,NA,NA,NA,-5971.674387,0.00049609,2.73e-06,67.5476835,0.000424003,0,0.976157144,0.006050436,-6732.201547,0.990722205,0.003778924,-5971.53758,TRUE,0.00049682,2.86e-06,0.006773916,NA
"2022-10-14_CRC_TR_314_75","CRC","TR","Oct",314,NA,75,NA,NA,NA,-675.2150341,0.004210577,2.77e-234,0.695799645,0.165915114,-4295.979206,0.003460264,8.54e-06,16.85572554,0.001476084,0,0.994555449,0.022196634,-5113.41663,0.997814364,0.01407924,-4295.120683,TRUE,0.003453989,8.74e-06,0.023365012,NA,-4932.719529,0.000564135,2.75e-254,0.725443917,0.015583241,-6372.710684,0.000333386,2.7e-06,67.55494131,0.000465638,0,0.944567538,0.007002036,-7186.711728,0.977662311,0.004449852,-6372.0119,TRUE,0.000333269,2.82e-06,0.007676446,NA
"2022-10-14_CRC_TR_315_76","CRC","TR","Oct",315,NA,76,NA,NA,NA,-879.2524424,0.003607044,3.79e-135,0.641011905,0.115905572,-3382.666081,0.003335802,1.02e-05,14.0401539,0.001170622,0,0.994465877,0.014390925,-3411.057966,0.994756723,0.014031146,-3382.648761,TRUE,0.00333455,1.09e-05,0.014613797,NA,-3513.648002,0.00062099,6.72e-154,0.689243294,0.012902824,-4926.994126,0.000394294,2.81e-06,67.39818508,0.000323225,0,0.970528213,0.003973541,-5045.876923,0.975986197,0.003592795,-4926.318676,TRUE,0.000392152,2.85e-06,0.003698937,NA
"2022-10-14_CRC_TR_316_77","CRC","TR","Oct",316,NA,77,NA,NA,NA,1064.834742,0.012759776,7.31e-167,0.652288229,0.505480505,-3329.016601,0.012351078,1.29e-05,14.11999223,0.001776462,0,0.999222131,0.023908255,-3412.486654,0.999311117,0.022530623,-3328.520006,TRUE,0.012354,1.39e-05,0.025204116,NA,-1653.03739,0.002087222,7.25e-169,0.656725456,0.076561801,-5636.629982,0.001882242,2.59e-06,67.32044701,0.000357763,0,0.998642339,0.004814896,-5725.903161,0.998807303,0.004519205,-5636.591053,TRUE,0.001882751,2.7e-06,0.00507819,NA
"2022-10-14_CRC_TR_327_78","CRC","TR","Oct",327,NA,78,NA,NA,NA,-656.9131648,0.003757533,1.01e-163,0.645218455,0.152910258,-3578.184444,0.003688915,1.08e-05,14.30357377,0.001494199,0,0.993863951,0.020109465,-3613.504519,0.994190063,0.019595103,-3565.083144,TRUE,0.003658685,8.8e-06,0.015295305,NA,-4643.170556,0.000594068,3.05e-169,0.65755051,0.009598597,-5312.295091,0.00021986,3.24e-06,68.8938196,0.000448138,3.39147064117792e-314,0.864796028,0.006031207,-5423.811761,0.884837437,0.00557405,-5309.275065,TRUE,0.00022153,2.96e-06,0.005172303,NA
"2022-10-14_CRC_UP_301_63","CRC","UP","Oct",301,NA,63,NA,NA,NA,7.824148467,0.011083204,1.75e-132,0.672418407,0.242829867,-2235.665886,0.008129098,2.52e-05,13.59544943,0.002607149,0,0.994859625,0.030418637,-2567.671225,0.997240929,0.02232711,-2230.260128,TRUE,0.008080026,2.35e-05,0.027215586,NA,NA,NA,NA,NA,NA,-4409.376047,0.000183022,3.37e-06,65.79499821,0.000348388,1.01e-220,0.846013644,0.004064785,-4531.537544,0.878096274,0.003623379,-4409.295562,TRUE,0.00018248,3.38e-06,0.004211155,NA
"2022-10-14_CRC_UP_302_64","CRC","UP","Oct",302,NA,64,NA,NA,NA,-579.4222778,0.00756522,5.15e-285,0.765458695,0.174983992,-2056.226084,0.004071696,2.97e-05,13.44855702,0.005122793,0,0.954544283,0.077034081,-4075.346592,0.995198987,0.025063358,-2016.621737,TRUE,0.003914498,2.65e-05,0.075136081,NA,NA,NA,NA,NA,NA,-7077.467637,-9.08e-05,1.82e-06,65.79649592,0.000314781,6.2e-261,0.734642583,0.004733521,-7468.750338,0.828963898,0.003804493,-7077.466718,TRUE,-9.08e-05,1.87e-06,0.004725747,NA
"2022-10-14_CRC_UP_303_65","CRC","UP","Oct",303,NA,65,NA,NA,NA,-543.7329092,0.007737007,3.81e-142,0.698399545,0.145716082,-1873.327907,0.005031004,3.52e-05,13.28588119,0.003646454,0,0.974289739,0.042544628,-2488.759902,0.991835513,0.02401954,-1871.639918,TRUE,0.004988781,3.76e-05,0.044597586,NA,NA,NA,NA,NA,NA,-4099.162596,7.22e-05,4.49e-06,65.72660754,0.00046431,8.2e-48,0.324699194,0.005417289,-4135.531916,0.373342443,0.005228261,-4095.980096,TRUE,7.95e-05,4.17e-06,0.005331083,NA
"2022-10-14_CRC_UP_305_67","CRC","UP","Oct",305,NA,67,NA,NA,NA,464.6026095,0.013129131,8.73e-124,0.647123209,0.370666998,-2669.142398,0.01198009,1.69e-05,13.61319693,0.001745236,0,0.998935093,0.020362365,-2990.711966,0.999417263,0.01509098,-2668.228369,TRUE,0.011988166,1.66e-05,0.018722487,NA,NA,NA,NA,NA,NA,-3713.76231,0.00025984,8.32e-06,65.86982013,0.001004947,5.72e-130,0.608415404,0.012657049,-3953.790597,0.73417051,0.010445131,-3642.11724,TRUE,0.000321679,2.78e-06,0.003870508,NA
"2022-10-14_CRC_UP_306_68","CRC","UP","Oct",306,NA,68,NA,NA,NA,-1735.998986,0.001965075,2.68e-93,0.608606134,0.03500495,-2415.96654,0.001232391,1.79e-05,13.36551301,0.00154265,2.21e-240,0.913626978,0.016444153,-2467.424733,0.923641837,0.015496077,-2415.899386,TRUE,0.001227823,1.9e-05,0.017235116,NA,-3702.83963,0.002435417,3.66e-137,0.750546556,0.003935788,-3392.768674,0.000128801,6.05e-06,66.01172202,0.000521089,4.81e-70,0.503134746,0.005554644,-3450.591079,0.566914249,0.005197511,-3385.363449,TRUE,0.000114833,4.13e-06,0.003801381,NA
"2022-10-14_CRC_UP_307_69","CRC","UP","Oct",307,NA,69,NA,NA,NA,NA,NA,NA,NA,NA,-1404.328989,-0.000627123,4.18e-05,13.39878568,0.00215209,2.14e-37,0.456900002,0.017828778,-1437.429782,0.526627258,0.016707439,-1404.283477,TRUE,-0.000628231,4.12e-05,0.019906704,NA,NA,NA,NA,NA,NA,-1227.90843,0.000259036,5.79e-05,66.14041277,0.002983641,1.14e-05,0.06948753,0.024717676,-1671.148739,0.822443319,0.010837812,-1226.089937,TRUE,0.000332773,5.97e-05,0.019887177,NA
"2022-10-14_CRC_UP_308_70","CRC","UP","Oct",308,NA,70,NA,NA,NA,-3354.937408,0.007758199,3.12e-179,0.678792225,0.023481744,-3852.564268,0.000547037,8.94e-06,13.63866618,0.001234973,4.9e-287,0.839074782,0.016620702,-4026.01606,0.874226968,0.014714205,-3852.270766,TRUE,0.000549786,9.48e-06,0.01778859,NA,NA,NA,NA,NA,NA,-5864.799573,2.88e-05,2.21e-06,65.83678203,0.000305338,6.68e-35,0.190790878,0.004109344,-5981.722822,0.315897047,0.003783629,-5864.571731,TRUE,2.98e-05,2.27e-06,0.004300404,NA
"2022-10-21_OWC_TR_120_55","OWC","TR","Oct",120,NA,55,NA,NA,NA,1406.918287,0.008871444,4.16e-278,0.692230453,0.463273138,-4286.258406,0.008021731,9.72e-06,14.05994829,0.00201636,0,0.998419263,0.033201228,-5853.013121,0.999630835,0.016059717,-4284.935631,TRUE,0.00802224,1.01e-05,0.03766158,NA,-7151.148674,0.000439585,1.47e-288,0.705666125,0.008813184,-8711.340574,0.000150653,1.25e-06,67.9403606,0.000259927,0,0.930585719,0.004279935,-8964.291286,0.945282954,0.003803446,-8711.285821,TRUE,0.000150661,1.3e-06,0.00426462,NA
"2022-10-21_OWC_TR_121_56","OWC","TR","Oct",121,NA,56,NA,NA,NA,950.3083899,0.0092518,4.12e-302,0.722215142,0.374998993,-2645.560347,0.006806004,2.08e-05,15.13721078,0.004309735,0,0.990052325,0.070963758,-5447.278392,0.999259588,0.019378307,-2645.429477,TRUE,0.006810578,2.16e-05,0.094060419,NA,NA,NA,NA,NA,NA,-2094.721981,0.000433186,2.68e-05,68.27225929,0.005561646,9.74e-53,0.194912049,0.091577633,-3855.128219,0.842843512,0.040498333,-2094.128383,TRUE,0.000416304,3.02e-05,0.115828158,NA
"2022-10-21_OWC_TR_122_57","OWC","TR","Oct",122,NA,57,NA,NA,NA,3304.721538,0.006008794,0,0.751080548,0.489850042,-5500.077015,0.00434596,6.85e-06,13.88682656,0.003083191,0,0.994220051,0.074644146,-12876.36201,0.999753298,0.015427876,-5492.931613,TRUE,0.004336627,6.92e-06,0.086473078,NA,NA,NA,NA,NA,NA,-18982.22233,0.000242461,3.84e-07,67.86238159,0.000172936,0,0.994158128,0.004186779,-19343.29935,0.995002011,0.003874249,-18981.89152,TRUE,0.00024256,4.02e-07,0.004210304,NA
"2022-10-21_OWC_TR_123_58","OWC","TR","Oct",123,NA,58,NA,NA,NA,479.1792486,0.006774092,1.06e-221,0.675533622,0.31507366,-4693.556207,0.006376627,6.85e-06,14.56673193,0.001183548,0,0.998964693,0.017797616,-4994.676811,0.999262379,0.015039317,-4693.201814,TRUE,0.00637258,7.15e-06,0.018744398,NA,-3116.422624,0.000988097,3.42e-222,0.676350665,0.042744899,-7542.902293,0.000865608,1.41e-06,68.09152779,0.000243058,0,0.997633647,0.003654994,-7605.900479,0.997803407,0.00352538,-7541.68613,TRUE,0.000865764,1.48e-06,0.003503543,NA
"2022-10-21_OWC_TR_124_59","OWC","TR","Oct",124,NA,59,NA,NA,NA,2180.373903,0.008280562,0,0.715119719,0.51517292,-4455.874238,0.00695109,9.78e-06,14.67721404,0.002706445,0,0.997160683,0.051431446,-7752.890372,0.999713154,0.016358694,-4455.114422,TRUE,0.006948097,1.04e-05,0.061738286,NA,NA,NA,NA,NA,NA,-11772.63283,0.000198446,7.71e-07,68.05711935,0.000213332,0,0.97875497,0.004054018,-11894.89597,0.980538459,0.003882826,-11772.4988,TRUE,0.000198701,7.77e-07,0.004168402,NA
"2022-10-21_OWC_TR_126_60","OWC","TR","Oct",126,NA,60,NA,NA,NA,-377.2041402,0.00555668,4.12e-176,0.672301151,0.185692779,-3522.719955,0.004665879,1.12e-05,13.99714181,0.001552874,0,0.995849109,0.020899131,-4041.438078,0.997991626,0.01455746,-3520.751113,TRUE,0.004680629,1.13e-05,0.020057752,NA,-3924.626427,0.000324685,5.91e-138,0.581522669,0.015809419,-5794.639573,0.000346724,2.32e-06,67.8086296,0.000320583,0,0.968832302,0.004314518,-5847.564572,0.971201603,0.004153075,-5794.404762,TRUE,0.000347702,2.31e-06,0.004147701,NA
"2022-10-21_OWC_TR_127_61","OWC","TR","Oct",127,NA,61,NA,NA,NA,506.6722627,0.008440873,6.58e-167,0.652389839,0.343057008,-3804.636458,0.008383198,9.24e-06,14.51906833,0.001276768,0,0.999127896,0.017183201,-3962.326399,0.999303311,0.015379605,-3804.613321,TRUE,0.008382379,9.55e-06,0.017311656,NA,-4472.496981,0.000471677,1.82e-152,0.61868217,0.010806418,-5874.286221,0.000245283,2.2e-06,68.1166795,0.000303333,0,0.945581524,0.004082361,-5904.886181,0.948134791,0.003991002,-5873.862683,TRUE,0.000246338,2.34e-06,0.004152621,NA
"2022-10-21_OWC_TR_128_62","OWC","TR","Oct",128,NA,62,NA,NA,NA,2218.092501,0.013331559,4.76e-280,0.694770779,0.674424968,-3515.708953,0.011726807,1.39e-05,14.17195033,0.00288069,0,0.998490184,0.047433215,-5993.097789,0.999848261,0.015051236,-3512.837093,TRUE,0.011721958,1.45e-05,0.051353156,NA,-3225.166977,0.001072782,1.89e-277,0.691363846,0.054262474,-8205.941586,0.000937555,1.58e-06,67.75990359,0.000328449,0,0.99693412,0.005408213,-8907.238718,0.998404349,0.003905246,-8205.077499,TRUE,0.000938847,1.68e-06,0.005318382,NA
"2022-10-21_OWC_UP_102_48","OWC","UP","Oct",102,NA,48,NA,NA,NA,1398.303418,0.017639536,2.35e-174,0.668591527,0.637200869,-2642.50946,0.01594449,2.07e-05,15.28774569,0.002861554,0,0.998789405,0.038511808,-4025.044124,0.999823535,0.01472414,-2636.650356,TRUE,0.015982944,2.21e-05,0.039472604,NA,NA,NA,NA,NA,NA,-5915.349446,0.000107655,2.13e-06,67.96308785,0.000294805,3.29e-238,0.779914587,0.003967592,-5942.255944,0.78916201,0.003888763,-5915.274195,TRUE,0.000108226,2.14e-06,0.00412917,NA
"2022-10-21_OWC_UP_103_49","OWC","UP","Oct",103,NA,49,NA,NA,NA,918.4471026,0.014707222,4.92e-147,0.654436276,0.499981421,-3115.866513,0.014003975,1.34e-05,14.52288121,0.001615194,0,0.999427931,0.020342957,-3410.486588,0.999643883,0.016076034,-3113.966445,TRUE,0.013994359,1.35e-05,0.019399815,NA,NA,NA,NA,NA,NA,-5188.6382,0.000358483,2.58e-06,67.94668041,0.000311735,0,0.968487866,0.003926223,-5226.063081,0.970493254,0.003805304,-5188.463336,TRUE,0.000359074,2.74e-06,0.003932468,NA
"2022-10-21_OWC_UP_104_50","OWC","UP","Oct",104,NA,50,NA,NA,NA,76.91610932,0.008683496,7.62e-122,0.641216806,0.258872354,-2906.895556,0.008296179,1.35e-05,13.890879,0.001400386,0,0.998570762,0.016338863,-2967.495743,0.998731911,0.015418895,-2906.482184,TRUE,0.008297392,1.37e-05,0.015763744,NA,NA,NA,NA,NA,NA,-4475.078991,0.000232656,3.17e-06,67.80160374,0.000327826,1.38e-282,0.909310826,0.003824871,-4518.794836,0.916980517,0.003666383,-4474.338616,TRUE,0.000230378,3.2e-06,0.00395506,NA
"2022-10-21_OWC_UP_105_51","OWC","UP","Oct",105,NA,51,NA,NA,NA,1283.978595,0.024398977,3.89e-157,0.679091871,0.66825865,-1355.117671,0.019381214,5.41e-05,14.17246241,0.006533054,0,0.995134774,0.082282171,-2914.621971,0.999593284,0.023828275,-1355.115971,TRUE,0.019383008,5.49e-05,0.104564709,NA,-5096.733822,0.000216738,1.54e-59,0.34424993,0.004223304,-5265.205673,6.06e-05,2.43e-06,67.82357494,0.000293356,4.39e-96,0.498118473,0.003694739,-5271.346198,0.506132127,0.003670973,-5264.641774,TRUE,6.03e-05,2.53e-06,0.003856629,NA
"2022-10-21_OWC_UP_106_52","OWC","UP","Oct",106,NA,52,NA,NA,NA,565.443403,0.009224612,8.83e-237,0.698461682,0.330198741,-3926.723423,0.006917494,1.05e-05,13.50154709,0.001816498,0,0.997916221,0.027449218,-4670.136214,0.999089277,0.018166858,-3909.202223,TRUE,0.006883946,8.95e-06,0.022973941,NA,-6507.225239,0.00102609,9.2e-236,0.696889927,0.006576406,-6787.340623,0.000121311,2.16e-06,67.8452209,0.000372678,1.77e-296,0.777730476,0.005631556,-6791.560319,0.779744538,0.005612215,-6780.407885,TRUE,0.000116767,1.55e-06,0.003980621,NA
"2022-10-21_OWC_UP_107_53","OWC","UP","Oct",107,NA,53,NA,NA,NA,1255.840344,0.013469083,2.87e-239,0.703473264,0.48506594,-2323.619151,0.010245841,2.56e-05,14.49071218,0.004415619,0,0.994443546,0.066399945,-3772.481032,0.998894089,0.029656033,-2322.904522,TRUE,0.010225027,2.71e-05,0.075847361,NA,-5117.315771,0.000329096,1.44e-214,0.663449704,0.014064341,-7398.683675,0.000275874,1.52e-06,67.90000351,0.000263334,0,0.973320529,0.003959889,-7526.361373,0.976951843,0.003684654,-7398.485405,TRUE,0.000275698,1.54e-06,0.003785344,NA
"2022-10-21_OWC_UP_108_54","OWC","UP","Oct",108,NA,54,NA,NA,NA,-340.0102986,0.004938994,7.94e-170,0.658831621,0.190551526,-4047.227101,0.004697607,7.81e-06,13.38074748,0.001078818,0,0.998019273,0.014519122,-4155.141337,0.998304416,0.013452205,-4046.749924,TRUE,0.004696654,7.96e-06,0.014831968,NA,NA,NA,NA,NA,NA,-6015.676453,0.000186366,1.99e-06,67.83162274,0.000274965,0,0.924287196,0.003700574,-6052.403416,0.928451034,0.003602399,-6015.25591,TRUE,0.000186912,2.08e-06,0.003505862,NA
"2022-11-04_OWC_TR_120_40","OWC","TR","Nov",120,NA,40,NA,NA,NA,975.5256221,0.007224573,1.49e-276,0.690182782,0.379402628,-3118.165598,0.006529953,1.67e-05,14.44452734,0.003462801,0,0.993002677,0.057018203,-4122.57581,0.997249413,0.035781911,-3116.443842,TRUE,0.006512283,1.58e-05,0.067984459,NA,NA,NA,NA,NA,NA,-7252.021838,0.000284131,2.46e-06,68.48344919,0.000510817,0,0.925076493,0.008411066,-7372.159634,0.933211876,0.007948677,-7224.837527,TRUE,0.000273111,1.38e-06,0.004522447,NA
"2022-11-04_OWC_TR_121_41","OWC","TR","Nov",121,NA,41,NA,NA,NA,-176.2298906,0.006352791,7.66e-184,0.688143316,0.21350474,-3149.335619,0.005496883,1.46e-05,14.85361493,0.002012549,0,0.994981002,0.027085601,-3736.153882,0.997790758,0.017995226,-3133.637477,TRUE,0.005444061,1.3e-05,0.020868577,NA,NA,NA,NA,NA,NA,-5863.780655,0.000379264,2.21e-06,68.29135971,0.000305554,0,0.976157397,0.004112253,-5945.959974,0.978847025,0.003878773,-5863.579356,TRUE,0.000379591,2.26e-06,0.003906781,NA
"2022-11-04_OWC_TR_122_42","OWC","TR","Nov",122,NA,42,NA,NA,NA,-499.1577968,0.005027057,3.73e-150,0.662248968,0.162306689,-3403.017594,0.004591898,1.06e-05,14.82477397,0.001286026,0,0.996636414,0.016197178,-3504.351886,0.997154296,0.01492195,-3402.853188,TRUE,0.004591388,1.09e-05,0.016408892,NA,-4284.073518,0.001619147,3.21e-247,0.834182524,0.00804931,-4005.392951,0.000280421,6.6e-06,69.19136743,0.000797305,7.14e-187,0.741928224,0.01004185,-5211.031377,0.962167189,0.003850973,-3965.013445,TRUE,0.000244646,5.48e-06,0.008010342,NA
"2022-11-04_OWC_TR_123_43","OWC","TR","Nov",123,NA,43,NA,NA,NA,NA,NA,NA,NA,NA,1078.65599,0.007219807,0.00054196,14.67270766,0.056087095,3.41e-35,0.248043247,0.654500288,387.9328652,0.792287584,0.34463024,1078.656183,TRUE,0.007216214,0.000583388,0.836528459,NA,NA,NA,NA,NA,NA,1747.368941,0.00223678,0.001006637,69.28428179,0.104176275,0.02669637,0.009093906,1.215670049,1020.165881,0.744163126,0.618856249,1747.368941,TRUE,0.00223678,0.001006637,1.865351267,NA
"2022-11-04_OWC_TR_124_44","OWC","TR","Nov",124,NA,44,NA,NA,NA,NA,NA,NA,NA,NA,-510.4782401,0.005054862,4.58e-05,14.73768354,0.011096041,0,0.906240191,0.197286965,-938.3483808,0.933448093,0.166347313,-373.4517076,TRUE,0.005527149,1.18e-05,0.056084988,NA,NA,NA,NA,NA,NA,-3272.692808,3.88e-05,1.53e-05,69.20201664,0.003707922,0.011412328,0.005076497,0.06592663,-3446.388796,0.135944251,0.061486874,-3193.770999,TRUE,0.000157301,1.96e-06,0.008767091,NA
"2022-11-04_OWC_TR_126_45","OWC","TR","Nov",126,NA,45,NA,NA,NA,408.7166509,0.004573296,0,0.723677979,0.278479332,-5057.655979,0.003808746,7.94e-06,14.66709118,0.002196102,0,0.993794259,0.041733234,-7319.673658,0.998713595,0.019014122,-5056.74751,TRUE,0.003813345,8.37e-06,0.047295751,NA,NA,NA,NA,NA,NA,-11599.18288,0.000467652,8.19e-07,68.36460419,0.000226575,0,0.995610413,0.004305677,-11604.55208,0.995638881,0.00429468,-11598.88907,TRUE,0.00046727,8.71e-07,0.004408837,NA
"2022-11-04_OWC_TR_127_46","OWC","TR","Nov",127,NA,46,NA,NA,NA,1325.490403,0.006001922,4.85666529861945e-321,0.688650304,0.408796849,-5151.850976,0.006032326,7.27e-06,13.9641224,0.00175905,0,0.998177572,0.031275804,-6124.729414,0.999160653,0.021242208,-5150.644935,TRUE,0.006024994,7.75e-06,0.034334113,NA,NA,NA,NA,NA,NA,-9984.955017,0.000201219,1.07e-06,68.18590751,0.000258431,0,0.965794668,0.004594897,-10001.10294,0.966337276,0.004561934,-9983.579156,TRUE,0.000202253,1.06e-06,0.004438844,NA
"2022-11-04_OWC_TR_128_47","OWC","TR","Nov",128,NA,47,NA,NA,NA,860.8267363,0.004251402,0,0.725646328,0.31521969,-5923.566281,0.003850181,6.19e-06,20.81232558,0.001927049,0,0.995835813,0.038834979,-7053.657987,0.997932243,0.027382702,-5902.132395,TRUE,0.003825995,5.11e-06,0.034734509,NA,-5490.950052,0.000641307,0,0.731595974,0.044382484,-11640.48643,0.000547562,1.06e-06,68.68342182,0.000330056,0,0.99397159,0.006651483,-13382.30994,0.997948001,0.003883061,-11630.69545,TRUE,0.000544829,1.01e-06,0.006701749,NA
"2022-11-04_OWC_UP_102_33","OWC","UP","Nov",102,NA,33,NA,NA,NA,1500.563143,0.013527362,7.3e-228,0.685621798,0.55570743,-2903.589357,0.011418168,1.85e-05,16.29295515,0.003199333,0,0.997643697,0.048110024,-4644.213921,0.999660872,0.018271994,-2900.850773,TRUE,0.011446623,1.94e-05,0.053281534,NA,-5075.539801,0.000299823,1.89e-196,0.630702895,0.014394575,-7219.56917,0.000268513,1.68e-06,67.98999679,0.000290886,0,0.965898321,0.004374202,-7222.820573,0.966171978,0.004361475,-7218.275609,TRUE,0.000268656,1.66e-06,0.004164818,NA
"2022-11-04_OWC_UP_103_34","OWC","UP","Nov",103,NA,34,NA,NA,NA,649.5083272,0.016619967,1.74e-127,0.658113939,0.43988489,-2316.687774,0.014441479,2.34e-05,14.19833625,0.002418716,0,0.998592913,0.02822012,-2663.767512,0.999265545,0.020426306,-2299.333158,TRUE,0.014359292,1.98e-05,0.02323469,NA,NA,NA,NA,NA,NA,-4487.744073,0.000544689,3.13e-06,68.07850618,0.000324004,0,0.982536247,0.003780279,-4496.926034,0.982957395,0.00374138,-4486.836251,TRUE,0.000547334,3.33e-06,0.003755373,NA
"2022-11-04_OWC_UP_104_35","OWC","UP","Nov",104,NA,35,NA,NA,NA,849.2783443,0.008855723,6.66e-225,0.680814812,0.386997047,-4208.389674,0.007896298,8.97e-06,14.80907859,0.001549688,0,0.998842641,0.023303452,-5037.661748,0.999541464,0.014684425,-4207.124853,TRUE,0.00789499,9.2e-06,0.025030339,NA,NA,NA,NA,NA,NA,-7481.973427,0.0002532,1.46e-06,67.95469444,0.000251427,0,0.971191035,0.003780831,-7490.334632,0.971584012,0.003759144,-7481.680575,TRUE,0.000253292,1.49e-06,0.003970343,NA
"2022-11-04_OWC_UP_105_36","OWC","UP","Nov",105,NA,36,NA,NA,NA,1163.201291,0.010958834,5.14e-228,0.685866625,0.460733,-2801.862648,0.009463387,1.96e-05,14.24782595,0.00338535,0,0.996164917,0.050907253,-3041.364543,0.997074009,0.044515676,-2800.483417,TRUE,0.009466422,1.81e-05,0.041735733,NA,NA,NA,NA,NA,NA,-7259.891925,7.75e-05,1.65e-06,67.98656105,0.000284442,1.43e-244,0.711423845,0.004277302,-7468.511768,0.772143795,0.003804997,-7259.533704,TRUE,7.8e-05,1.63e-06,0.003825074,NA
"2022-11-04_OWC_UP_106_37","OWC","UP","Nov",106,NA,37,NA,NA,NA,64.2263318,0.005860921,3.56e-227,0.684510915,0.250204118,-4411.821647,0.005132352,8.01e-06,14.41930419,0.00138408,0,0.997816918,0.020813124,-5023.97258,0.998899103,0.014796527,-4411.023225,TRUE,0.005129202,8.33e-06,0.019827023,NA,-5689.873042,0.000182563,1.22e-204,0.645885152,0.010232359,-7349.943145,0.0001927,1.57e-06,67.97116559,0.000270562,0,0.944014152,0.00406858,-7418.384762,0.948343901,0.003912449,-7349.774216,TRUE,0.000193322,1.58e-06,0.004019724,NA
"2022-11-04_OWC_UP_107_38","OWC","UP","Nov",107,NA,38,NA,NA,NA,471.6449268,0.006869373,0,0.767760071,0.284631095,-2776.018821,0.004207362,1.75e-05,14.7661739,0.004849711,0,0.975652018,0.092160619,-6197.293452,0.997743565,0.028075501,-2771.652224,TRUE,0.004174868,1.86e-05,0.103735787,NA,NA,NA,NA,NA,NA,-7112.814805,-0.000288475,3.89e-06,68.90805015,0.001075824,0,0.792877379,0.020444236,-9589.425134,0.963009359,0.008645802,-7111.732444,TRUE,-0.000291598,4.03e-06,0.02302283,NA
"2022-11-04_OWC_UP_108_39","OWC","UP","Nov",108,NA,39,NA,NA,NA,-651.345609,0.004182243,6.6e-126,0.633502514,0.136176966,-3261.204964,0.00408629,1.05e-05,14.51374206,0.001151415,0,0.99623672,0.013799122,-3270.926301,0.99632623,0.013658095,-3260.714597,TRUE,0.004087003,1.07e-05,0.014956317,NA,NA,NA,NA,NA,NA,-4286.770091,0.00014792,4.29e-06,68.0149085,0.000468309,1.52e-141,0.677103726,0.005612445,-4581.009158,0.808649906,0.004328136,-4283.176364,TRUE,0.000155604,3.97e-06,0.005151997,NA
"2022-11-08_PTR_TR_1_17","PTR","TR","Nov",1,NA,17,NA,NA,NA,-1018.934865,0.00328063,9.32e-224,0.67893448,0.137073988,-4974.874048,0.002784745,5.86e-06,13.48366233,0.001012304,0,0.996040344,0.015222534,-5117.543496,0.996635797,0.014046997,-4974.605121,TRUE,0.002784457,6e-06,0.014405684,NA,NA,NA,NA,NA,NA,-7696.720523,0.000216082,1.29e-06,66.39385158,0.000223151,0,0.968913303,0.003355631,-7737.644496,0.970426921,0.003276569,-7696.576951,TRUE,0.000215961,1.32e-06,0.003388696,NA
"2022-11-08_PTR_TR_1_25","PTR","TR","Nov",1,NA,25,NA,NA,NA,-1413.543554,0.003130364,1.77e-144,0.704356938,0.065123135,-2554.913134,0.002259299,1.87e-05,13.49263016,0.001939942,0,0.964287332,0.022634067,-2972.360822,0.983636605,0.015349594,-2552.323977,TRUE,0.002231191,1.88e-05,0.020101771,NA,-4062.184999,0.00020575,5.46e-85,0.508353468,0.005605981,-4440.14762,0.000133524,3.27e-06,66.53523288,0.000338602,7.62e-167,0.755838657,0.003950605,-4451.926773,0.762869981,0.003900562,-4439.268116,TRUE,0.000130603,3.3e-06,0.003553276,NA
"2022-11-08_PTR_TR_2_18","PTR","TR","Nov",2,NA,18,NA,NA,NA,-1082.977418,0.003881339,6.24e-182,0.684299882,0.113746609,-3854.510869,0.002908142,8.93e-06,13.51688761,0.001233304,0,0.99327763,0.01659825,-4071.764991,0.995056155,0.014254081,-3851.9746,TRUE,0.002896525,9.03e-06,0.016419336,NA,NA,NA,NA,NA,NA,-5963.485723,0.000149052,2.06e-06,66.41925333,0.000285113,0,0.878974846,0.003837156,-5983.830902,0.882998628,0.003778094,-5963.449008,TRUE,0.000148746,2.16e-06,0.004040466,NA
"2022-11-08_PTR_TR_2_26","PTR","TR","Nov",2,NA,26,NA,NA,NA,-575.7332728,0.006178386,1.71e-190,0.701160364,0.161778178,-3239.727969,0.004249811,1.37e-05,13.61662378,0.0018901,0,0.992611576,0.025437636,-4099.669319,0.997774468,0.013980524,-3225.272383,TRUE,0.004201222,1.33e-05,0.022213499,NA,-4904.668876,0.000214807,2.21e-155,0.625741909,0.008004636,-5935.107444,0.000179964,2.11e-06,66.51701888,0.000290788,0,0.910540951,0.003913525,-5986.941479,0.917216092,0.003769942,-5934.932357,TRUE,0.000179515,2.13e-06,0.003958879,NA
"2022-11-08_PTR_TR_3_19","PTR","TR","Nov",3,NA,19,NA,NA,NA,-3865.45657,0.001612259,0,0.755993348,0.04034238,-4536.164955,0.000731857,8.66e-06,13.67905987,0.001796062,0,0.868872622,0.029573816,-5803.543189,0.959594451,0.016431773,-4532.832528,TRUE,0.000720463,9.01e-06,0.029972885,NA,-7320.815624,0.000295829,4.55e-298,0.717377761,0.008147403,-8075.419531,0.00013659,1.68e-06,66.43372574,0.000348908,0,0.85947241,0.00574509,-8727.143509,0.923426428,0.004244815,-8075.330773,TRUE,0.000136153,1.76e-06,0.005728819,NA
"2022-11-08_PTR_TR_3_27","PTR","TR","Nov",3,NA,27,NA,NA,NA,188.997367,0.004618727,2.4e-270,0.681859101,0.263608364,-5813.487955,0.004490246,4.79e-06,13.58905677,0.00099426,0,0.99877292,0.016371404,-6007.389697,0.998978374,0.014951976,-5813.280175,TRUE,0.004490409,5.01e-06,0.016480713,NA,-7116.352602,0.000215295,7.19e-271,0.682569804,0.008956308,-9058.118027,0.000148752,1.07e-06,66.5577543,0.000221374,0,0.947420464,0.003645132,-9094.043559,0.949328739,0.003581698,-9058.062423,TRUE,0.000148514,1.11e-06,0.00354558,NA
"2022-11-08_PTR_TR_4_20","PTR","TR","Nov",4,NA,20,NA,NA,NA,-2158.101196,0.000907826,1.78e-71,0.510381311,0.021900009,-2530.230276,0.000639333,1.58e-05,13.55196745,0.001358718,5.11e-152,0.78585071,0.014483503,-2552.201915,0.797860382,0.014103035,-2529.911758,TRUE,0.000640962,1.73e-05,0.014776093,NA,NA,NA,NA,NA,NA,-3630.7447,0.000199836,4.64e-06,66.35414915,0.000400016,2.73e-161,0.805310504,0.004264037,-3646.007274,0.813468478,0.004183092,-3630.179396,TRUE,0.000197192,4.64e-06,0.004138584,NA
"2022-11-08_PTR_TR_4_28","PTR","TR","Nov",4,NA,28,NA,NA,NA,NA,NA,NA,NA,NA,-3070.3985,0.001645591,1.25e-05,13.51247521,0.001361199,0,0.968472795,0.016313273,-3115.739982,0.97108713,0.01564984,-3070.144826,TRUE,0.001644662,1.24e-05,0.017096125,NA,-4475.939923,0.000279206,1.81e-138,0.668957815,0.004754293,-4689.478854,0.000132173,3.01e-06,66.53486841,0.00032894,1.05e-184,0.772393989,0.003942177,-4774.115996,0.805172928,0.003653717,-4684.25007,TRUE,0.000125637,2.98e-06,0.003873809,NA
"2022-11-08_PTR_TR_5_21","PTR","TR","Nov",5,NA,21,NA,NA,NA,75.32721729,0.004518912,7.75e-203,0.642596369,0.251751934,-3732.738804,0.004844523,1.17e-05,13.30793223,0.002018397,0,0.99480508,0.030351683,-4451.874456,0.99767389,0.020332585,-3725.825069,TRUE,0.004874124,1.2e-05,0.029356338,NA,-3416.599537,0.000726712,5.68e-209,0.653659935,0.036179219,-6909.711397,0.000706545,2e-06,66.38291434,0.000345528,0,0.992856622,0.005195886,-7326.910193,0.995526429,0.004116415,-6902.889116,TRUE,0.000711724,1.86e-06,0.004186451,NA
"2022-11-08_PTR_TR_5_29","PTR","TR","Nov",5,NA,29,NA,NA,NA,NA,NA,NA,NA,NA,-2222.542885,0.001582313,2.55e-05,14.33031468,0.002639021,2.33e-247,0.877401413,0.030790506,-2497.838774,0.926909318,0.023818469,-2222.194542,TRUE,0.001585335,2.57e-05,0.034988318,NA,NA,NA,NA,NA,NA,-4535.006041,0.00013979,3e-06,66.49827644,0.000310131,3.34e-191,0.801768312,0.003618418,-4600.604217,0.825739557,0.003398915,-4534.934036,TRUE,0.000140526,2.91e-06,0.003359203,NA
"2022-11-08_PTR_TR_6_22","PTR","TR","Nov",6,NA,22,NA,NA,NA,-487.508802,0.008106388,9.87e-208,0.732424662,0.171999767,-2202.115492,0.004733108,2.81e-05,13.54991705,0.003885275,0,0.975270349,0.052289419,-3838.151342,0.997465046,0.016764691,-2199.174907,TRUE,0.004718476,2.8e-05,0.057507239,NA,-5605.530025,0.000392458,3.48e-148,0.608073268,0.004920016,-5876.119984,9.68e-05,2.19e-06,66.3683698,0.000302947,8.08e-207,0.730853585,0.004077166,-6072.960964,0.796368962,0.003551336,-5875.642616,TRUE,9.77e-05,2.33e-06,0.004270692,NA
"2022-11-08_PTR_TR_6_30","PTR","TR","Nov",6,NA,30,NA,NA,NA,-1186.523484,0.004715557,5.15e-138,0.687554342,0.080357355,-2376.601358,0.002713542,2.21e-05,13.46246111,0.002288191,0,0.965512993,0.026697226,-2647.440174,0.979269172,0.020737455,-2365.445448,TRUE,0.00277135,1.96e-05,0.023050787,NA,-4051.514817,0.000155147,5.89e-67,0.426477148,0.005661642,-4414.530667,0.000120768,3.35e-06,66.55578213,0.00034673,1.33e-145,0.707183478,0.004045431,-4495.937496,0.750018875,0.003744806,-4414.474028,TRUE,0.00012134,3.45e-06,0.003763623,NA
"2022-11-08_PTR_TR_7_23","PTR","TR","Nov",7,NA,23,NA,NA,NA,-582.9262997,0.003949936,4.76e-227,0.684305827,0.174643686,-4617.813277,0.003578759,7.14e-06,13.40507764,0.001234413,0,0.996433566,0.01856251,-4941.277744,0.997521343,0.01549216,-4617.255103,TRUE,0.003575428,6.91e-06,0.017599737,NA,-2745.663821,0.001201508,1.87e-222,0.67678402,0.052521729,-7291.81359,0.001064465,1.62e-06,66.41528683,0.000279442,0,0.997931046,0.004202116,-7558.224457,0.998467981,0.003620003,-7291.520712,TRUE,0.001064486,1.72e-06,0.004504412,NA
"2022-11-08_PTR_TR_7_31","PTR","TR","Nov",7,NA,31,NA,NA,NA,-785.8669248,0.004459209,2.09e-127,0.657881858,0.116449991,-3002.222961,0.003813653,1.24e-05,13.71821054,0.001282078,0,0.994354871,0.014958511,-3147.831993,0.995720914,0.01304775,-3002.089463,TRUE,0.003811777,1.32e-05,0.015355776,NA,NA,NA,NA,NA,NA,-4562.908489,0.000125025,2.92e-06,66.52079281,0.000302221,2.09e-175,0.773083945,0.003526131,-4564.043777,0.775231641,0.003515946,-4562.723776,TRUE,0.000123825,2.96e-06,0.003456934,NA
"2022-11-08_PTR_TR_8_24","PTR","TR","Nov",8,NA,24,NA,NA,NA,271.2800816,0.006602042,2.9e-225,0.681404401,0.280705736,-4422.990253,0.005731181,7.96e-06,13.59117672,0.001375519,0,0.998270095,0.020684383,-5071.894937,0.999162541,0.014407789,-4422.796196,TRUE,0.005732514,8.65e-06,0.021262265,NA,NA,NA,NA,NA,NA,-7684.899538,0.00028145,1.3e-06,66.39586839,0.000224621,0,0.981198836,0.003377741,-7694.888511,0.981488808,0.003355331,-7684.756311,TRUE,0.000281887,1.34e-06,0.003142837,NA
"2022-11-08_PTR_TR_8_32","PTR","TR","Nov",8,NA,32,NA,NA,NA,-1419.749411,0.002326532,1.75e-123,0.646210421,0.064749999,-2972.724572,0.0020702,1.27e-05,13.34013174,0.001317578,0,0.980058113,0.015372708,-3018.405433,0.981810931,0.014708935,-2972.2042,TRUE,0.00206637,1.21e-05,0.015829954,NA,NA,NA,NA,NA,NA,-4530.932802,0.000414895,3.01e-06,66.52439416,0.000311303,0,0.972498069,0.00363209,-4528.618975,0.972583811,0.003633183,-4530.550189,TRUE,0.00041391,3.09e-06,0.003478879,NA
"2022-12-20_OWC_TR_NA_1","OWC","TR","Dec",NA,NA,1,NA,NA,NA,NA,NA,NA,NA,NA,-3038.1717,-0.000194661,8.36e-06,15.67104077,0.001348642,3.12e-84,0.492515292,0.016000104,-3052.475191,0.508834188,0.015769034,-3038.159907,TRUE,-0.000193947,8.43e-06,0.016664978,NA,-3175.809848,-0.000311873,7.22e-144,0.689590212,0.01414985,-4358.019442,-0.000307696,2.57e-06,69.81913881,0.000415058,0,0.962407492,0.00492419,-4594.651473,0.975538396,0.003979296,-4357.270368,TRUE,-0.000305475,2.68e-06,0.004964092,NA
"2022-12-20_OWC_TR_NA_2","OWC","TR","Dec",NA,NA,2,NA,NA,NA,-1240.742571,0.001946104,1.54e-130,0.669656248,0.075768283,-3007.47747,0.00169036,8.14e-06,13.82716833,0.001255948,0,0.987768843,0.01457935,-3024.530852,0.988239954,0.014322661,-3007.334232,TRUE,0.001693312,8.29e-06,0.014553341,NA,NA,NA,NA,NA,NA,-4455.465007,0.00015288,2.11e-06,68.95268868,0.000325353,1.46e-278,0.907781125,0.003776779,-4471.436711,0.911154031,0.003714029,-4455.284117,TRUE,0.000152713,2.18e-06,0.003842802,NA
"2022-12-20_OWC_TR_NA_3","OWC","TR","Dec",NA,NA,3,NA,NA,NA,-1702.232535,0.001265477,2.77e-138,0.674963497,0.052741258,-3031.881001,0.001125051,8.41e-06,13.94952978,0.001356238,0,0.969747911,0.016090224,-3069.234621,0.971901408,0.015534826,-3031.700678,TRUE,0.001121591,8.39e-06,0.01665794,NA,NA,NA,NA,NA,NA,-4664.919999,0.000147702,1.96e-06,68.66768157,0.000315576,5.85e-295,0.91075064,0.003743951,-4726.336685,0.920590442,0.003537885,-4664.621106,TRUE,0.000148741,2.01e-06,0.003793466,NA
"2022-12-20_OWC_TR_NA_4","OWC","TR","Dec",NA,NA,4,NA,NA,NA,NA,NA,NA,NA,NA,-1992.706484,0.002643753,1.63e-05,14.32486854,0.001767232,0,0.98597664,0.01724768,-2061.975424,0.988447621,0.015696342,-1992.455625,TRUE,0.002639506,1.62e-05,0.016229406,NA,-2321.519166,0.000511203,2.26e-90,0.661109408,0.011164512,-3150.139435,0.000343886,3.52e-06,68.681481,0.000382288,1.96e-269,0.962152679,0.00373102,-3157.787753,0.963301182,0.003683784,-3150.089979,TRUE,0.000344181,3.76e-06,0.00383681,NA
"2022-12-20_OWC_TR_NA_5","OWC","TR","Dec",NA,NA,5,NA,NA,NA,-960.2548108,-0.003212187,1.39e-90,0.679941287,0.063407471,-1904.639906,-0.002125877,1.73e-05,18.74220947,0.001792964,1.36e-294,0.976775389,0.01708047,-2023.195842,0.98347657,0.014447484,-1904.619005,TRUE,-0.002128315,1.8e-05,0.016200623,NA,-1341.463214,-0.00146277,2.69e-87,0.666142866,0.037342257,-2687.648989,-0.001235394,5.84e-06,70.79438432,0.000604325,0,0.992064803,0.005757038,-2931.423014,0.996012968,0.004092245,-2687.389007,TRUE,-0.001235282,6.03e-06,0.005781657,NA
"2022-12-20_OWC_TR_NA_6","OWC","TR","Dec",NA,NA,6,NA,NA,NA,-2072.818657,0.000872005,2.33e-102,0.619513153,0.027812021,-2631.704071,0.000609658,1.02e-05,15.07941711,0.001414008,2.73e-223,0.881239721,0.015538115,-2681.24302,0.893774147,0.014726119,-2631.647678,TRUE,0.000609147,1.06e-05,0.015175109,NA,NA,NA,NA,NA,NA,-3968.840058,-9.33e-05,2.54e-06,68.98936795,0.000351192,4.53e-141,0.737863505,0.003859146,-3984.887625,0.748586353,0.003787324,-3968.242429,TRUE,-9.15e-05,2.51e-06,0.003366209,NA
"2022-12-20_OWC_TR_NA_7","OWC","TR","Dec",NA,NA,7,NA,NA,NA,NA,NA,NA,NA,NA,-3037.109894,-0.000122785,8e-06,17.30931288,0.001243046,2.16e-44,0.304712964,0.014483031,-3035.460654,0.307733151,0.014478478,-3037.09782,TRUE,-0.000122,8.25e-06,0.016140448,NA,-2673.410184,-0.000805612,4.69e-142,0.698167515,0.020282059,-4337.314412,-0.000469487,2.4e-06,70.23707205,0.000372944,0,0.986146082,0.004345256,-4423.125616,0.988268811,0.00400598,-4336.198272,TRUE,-0.000467878,2.36e-06,0.003814104,NA
"2022-12-20_OWC_TR_NA_8","OWC","TR","Dec",NA,NA,8,NA,NA,NA,-1754.893234,0.001668445,6.6e-172,0.695183747,0.063836439,-3730.948546,0.00120262,5.84e-06,13.91711208,0.001109677,0,0.984733117,0.014286465,-3846.634081,0.987265126,0.013067965,-3730.73483,TRUE,0.00120519,5.94e-06,0.014063902,NA,-4499.542707,0.000286446,8.44e-150,0.644220964,0.007980845,-5561.823593,0.000135161,1.46e-06,68.44511799,0.000277216,0,0.928849784,0.003569002,-5566.89032,0.929820525,0.003549971,-5561.716828,TRUE,0.000135193,1.49e-06,0.003352851,NA
"2022-12-20_OWC_UP_101_9","OWC","UP","Dec",101,NA,9,NA,NA,NA,-593.7115431,0.003036668,8.03e-97,0.598690234,0.129827274,-1378.294179,0.002834027,3.78e-05,13.01538096,0.005217737,1.42e-266,0.921728273,0.057336151,-1379.925522,0.922641188,0.057120427,-1378.157392,TRUE,0.00283691,1.57e-05,0.022672483,NA,-3228.616018,0.000162955,2.17e-34,0.26889519,0.00834375,-3282.5478,8.27e-05,5.2e-06,69.98916079,0.000717822,4.16e-46,0.346593826,0.00788793,-3363.184044,0.452220168,0.00723744,-3268.740298,TRUE,9.4e-05,3.6e-06,0.004782206,NA
"2022-12-20_OWC_UP_102_10","OWC","UP","Dec",102,NA,10,NA,NA,NA,-840.477258,0.003448352,3.51e-155,0.692296108,0.119711955,-3228.225809,0.002480648,7.72e-06,13.27901863,0.001333067,0,0.994247946,0.016367506,-3467.61097,0.996165975,0.013385233,-3228.156323,TRUE,0.002479634,7.92e-06,0.01555857,NA,NA,NA,NA,NA,NA,-4515.109418,0.000414729,2.64e-06,69.47029036,0.000456156,0,0.976337909,0.005600719,-5107.80072,0.991247068,0.003412098,-4502.947997,TRUE,0.000422672,2.48e-06,0.004761216,NA
"2022-12-20_OWC_UP_104_12","OWC","UP","Dec",104,NA,12,NA,NA,NA,-1109.841793,0.002381259,7.68e-145,0.66681214,0.095642572,-3358.694616,0.001902575,6.92e-06,12.73648879,0.001195732,0,0.992149176,0.014681292,-3409.645529,0.99283625,0.014047671,-3358.59084,TRUE,0.001901008,7.11e-06,0.015325298,NA,-4312.829858,0.000492395,1.67e-118,0.591975279,0.006629049,-5046.15692,0.000112214,1.7e-06,68.767623,0.000293036,2.67e-277,0.879804932,0.003597918,-5066.516987,0.884587129,0.003531527,-5045.764991,TRUE,0.000113274,1.8e-06,0.0036124,NA
"2022-12-20_OWC_UP_105_13","OWC","UP","Dec",105,NA,13,NA,NA,NA,-960.3718436,0.002523769,9.61e-149,0.676668152,0.108329372,-3211.257295,0.002187831,7.83e-06,14.22892061,0.001352051,0,0.992407177,0.016600594,-3316.243687,0.993668359,0.015184748,-3211.059155,TRUE,0.002187484,7.9e-06,0.01656336,NA,-4688.059351,0.000110583,3.58e-104,0.544427624,0.004848988,-5159.089362,7.37e-05,1.54e-06,68.81865126,0.000266716,3.39e-206,0.792214857,0.003274762,-5155.821616,0.792468288,0.00327825,-5158.73247,TRUE,7.28e-05,1.64e-06,0.003251442,NA
"2022-12-20_OWC_UP_106_14","OWC","UP","Dec",106,NA,14,NA,NA,NA,NA,NA,NA,NA,NA,-3367.975008,0.000486095,6.87e-06,13.59914823,0.00118652,7.55e-293,0.893366738,0.01456819,-3436.923649,0.905574192,0.013731945,-3367.707486,TRUE,0.000489366,6.83e-06,0.014035108,NA,NA,NA,NA,NA,NA,-5044.118422,0.000101974,1.7e-06,68.74355735,0.000293534,2.58e-255,0.857637936,0.003604035,-5046.610658,0.859170046,0.003590599,-5043.810911,TRUE,0.000102069,1.75e-06,0.003622724,NA
"2022-12-20_OWC_UP_107_15","OWC","UP","Dec",107,NA,15,NA,NA,NA,-630.7336776,0.003373182,4.16e-114,0.660183964,0.124915834,-2701.082526,0.003079511,9.52e-06,12.91642762,0.001315424,0,0.995449771,0.014454804,-2719.542434,0.995657778,0.014150182,-2701.027848,TRUE,0.003081732,9.88e-06,0.014609276,NA,NA,NA,NA,NA,NA,-3987.027741,0.000133921,2.49e-06,69.24659926,0.000344601,1.56e-204,0.857724524,0.003786721,-4118.393901,0.89268673,0.003295608,-3986.797464,TRUE,0.000134103,2.54e-06,0.0040571,NA
"2022-12-20_OWC_UP_108_16","OWC","UP","Dec",108,NA,16,NA,NA,NA,NA,NA,NA,NA,NA,-97.42103304,-0.001182567,0.00083594,13.56913016,0.028595572,0.159802644,0.016676932,0.158586365,-124.1959261,0.239116483,0.140698293,-88.74734638,TRUE,0.00096717,0.000103844,0.019689829,NA,NA,NA,NA,NA,NA,-871.0318409,-5.06e-05,3.33e-05,68.95528724,0.001138684,0.131140631,0.019208137,0.006314957,-922.9797667,0.38468917,0.005044769,-864.3216943,TRUE,1.82e-05,2.57e-05,0.004844596,NA
"2022-12-20_OWC_UP_3_11","OWC","UP","Dec",3,NA,11,NA,NA,NA,NA,NA,NA,NA,NA,-3123.452522,0.004387054,8.42e-06,12.75602779,0.001454691,0,0.997802169,0.017860813,-3177.014511,0.998003223,0.017052824,-3116.603477,TRUE,0.004405918,8.08e-06,0.01600049,NA,NA,NA,NA,NA,NA,-4963.816769,0.000172022,1.82e-06,68.99480471,0.000313849,0,0.937483957,0.003853463,-4968.060867,0.938337063,0.003833496,-4963.609745,TRUE,0.000172214,1.87e-06,0.003767345,NA
