"Plot_clean","Date","Month","Site","Zone","Replicate","Plot_ID","TIMESTAMP","HM81_AIC","HM81_flux.estimate","HM81_p.value","HM81_r.squared","HM81_RMSE","lin_AIC","lin_flux.estimate","lin_flux.std.error","lin_int.estimate","lin_int.std.error","lin_p.value","lin_r.squared","lin_RMSE","poly_AIC","poly_r.squared","poly_RMSE","rob_AIC","rob_converged","rob_flux.estimate","rob_flux.std.error","rob_RMSE","TIMESTAMP_min","TIMESTAMP_max"
"2022-10-14_CRC_TR_309_71",2022-10-14,"Oct","CRC","TR",309,71,2022-10-14 10:44:29.5,-1249.52640241101,0.00292479930485763,3.07274109398282e-128,0.66030941156219,0.0758037367403139,-3961.13156818902,0.00249563430511599,5.09818544067614e-06,68.800048204677,0.000527610880375074,0,0.997759847102087,0.0061558451721061,-4510.78912781122,0.999196475542485,0.00369366199289103,-3958.14121220011,TRUE,0.0024906245485883,5.22147232905508e-06,0.00638238820423043,2022-10-14 10:43:00,2022-10-14 10:45:59
"2022-10-14_CRC_TR_311_72",2022-10-14,"Oct","CRC","TR",311,72,2022-10-14 10:33:24.5,NA,NA,NA,NA,NA,-3887.60364589378,0.00290316054972413,6.08308898738371e-06,67.8904541912102,0.000664659247499046,0,0.997512443866222,0.00796560121153427,-4180.3034799213,0.998521874499165,0.00615111324043217,-3885.09852149796,TRUE,0.00291102843419852,6.30908530423788e-06,0.00849511259438146,2022-10-14 10:31:50,2022-10-14 10:34:59
"2022-10-14_CRC_TR_312_73",2022-10-14,"Oct","CRC","TR",312,73,2022-10-14 10:26:29.5,NA,NA,NA,NA,NA,-4209.6610802049,0.000592787593102251,4.05019392197308e-06,68.3914717127539,0.000419154306120843,0,0.975500171177571,0.00489043935156756,-4246.321643608,0.97727720078723,0.00471852228857477,-4209.59624666975,TRUE,0.00059182219793236,3.93730693074077e-06,0.00476953518342705,2022-10-14 10:25:00,2022-10-14 10:27:59
"2022-10-14_CRC_TR_313_74",2022-10-14,"Oct","CRC","TR",313,74,2022-10-14 11:19:44.5,NA,NA,NA,NA,NA,-5971.67438701916,0.000496089954502362,2.72755815174977e-06,67.5476834951484,0.000424002986852563,0,0.97615714436728,0.00605043626419475,-6732.20154679815,0.990722204847993,0.00377892354149282,-5971.5375796606,TRUE,0.000496820178066759,2.85599742035031e-06,0.00677391571989575,2022-10-14 11:17:30,2022-10-14 11:21:59
"2022-10-14_CRC_TR_314_75",2022-10-14,"Oct","CRC","TR",314,75,2022-10-14 10:06:29.5,-4932.7195289495,0.000564135004357231,2.75452602271448e-254,0.72544391742673,0.0155832406841988,-6372.71068372706,0.00033338606754396,2.69509980967911e-06,67.554941310799,0.000465637805241566,0,0.944567538145292,0.00700203580222708,-7186.71172772931,0.977662311318174,0.0044498515625004,-6372.01190031743,TRUE,0.000333268934993116,2.81910469324924e-06,0.00767644590389893,2022-10-14 10:04:00,2022-10-14 10:08:59
"2022-10-14_CRC_TR_315_76",2022-10-14,"Oct","CRC","TR",315,76,2022-10-14 10:13:19.5,-3513.64800203392,0.000620990197427432,6.724008721145e-154,0.689243293782858,0.0129028239042263,-4926.99412561501,0.000394293502593563,2.80975325048295e-06,67.3981850759274,0.000323225445833123,0,0.970528212840172,0.00397354148355501,-5045.87692303879,0.975986197339285,0.00359279507018771,-4926.31867615069,TRUE,0.000392152030034481,2.84714998210314e-06,0.00369893702250644,2022-10-14 10:11:40,2022-10-14 10:14:59
"2022-10-14_CRC_TR_316_77",2022-10-14,"Oct","CRC","TR",316,77,2022-10-14 11:30:59.5,-1653.03738953451,0.00208722249213468,7.24525693269715e-169,0.656725456426102,0.0765618008521668,-5636.62998208146,0.00188224197241975,2.59002435542514e-06,67.3204470055796,0.000357762593353249,0,0.998642339421181,0.0048148963770002,-5725.90316144857,0.998807303185841,0.00451920540918733,-5636.59105270773,TRUE,0.00188275119105206,2.69652200632828e-06,0.0050781899474891,2022-10-14 11:29:00,2022-10-14 11:32:59
"2022-10-14_CRC_TR_327_78",2022-10-14,"Oct","CRC","TR",327,78,2022-10-14 11:00:59.5,-4643.17055635019,0.000594068315014093,3.05211162219495e-169,0.657550510239315,0.00959859662725011,-5312.29509057982,0.000219859607237765,3.24430075413789e-06,68.8938196021545,0.000448138431203189,3.39147064117792e-314,0.864796028145325,0.00603120658470929,-5423.8117608726,0.884837437062001,0.00557404988611623,-5309.27506545361,TRUE,0.000221530130192447,2.96366847537759e-06,0.0051723025388551,2022-10-14 10:59:00,2022-10-14 11:02:59
"2022-10-14_CRC_UP_301_63",2022-10-14,"Oct","CRC","UP",301,63,2022-10-14 13:14:29.5,NA,NA,NA,NA,NA,-4409.37604672825,0.000183022394282141,3.36639856093236e-06,65.7949982144802,0.000348388368586166,1.01212803524631e-220,0.846013643670081,0.00406478512204766,-4531.53754354015,0.878096274040556,0.00362337850725676,-4409.29556225037,TRUE,0.000182480498247978,3.3811140716532e-06,0.00421115489928344,2022-10-14 13:13:00,2022-10-14 13:15:59
"2022-10-14_CRC_UP_302_64",2022-10-14,"Oct","CRC","UP",302,64,2022-10-14 13:20:29.5,NA,NA,NA,NA,NA,-7077.46763656525,-9.08438275217227e-05,1.82194315358156e-06,65.7964959241368,0.000314780776675437,6.19714669089929e-261,0.734642582722613,0.00473352086820098,-7468.75033816738,0.828963897506678,0.00380449256348746,-7077.46671820238,TRUE,-9.07953116348215e-05,1.86566888447127e-06,0.00472574737860335,2022-10-14 13:18:00,2022-10-14 13:22:59
"2022-10-14_CRC_UP_303_65",2022-10-14,"Oct","CRC","UP",303,65,2022-10-14 13:25:29.5,NA,NA,NA,NA,NA,-4099.16259638412,7.21594270706458e-05,4.4865237117984e-06,65.726607537841,0.000464310047751354,8.19812858556678e-48,0.324699193870032,0.00541728927913435,-4135.53191628848,0.373342442909069,0.00522826120375365,-4095.98009635043,TRUE,7.94590975688179e-05,4.16593360446398e-06,0.0053310826778414,2022-10-14 13:24:00,2022-10-14 13:26:59
"2022-10-14_CRC_UP_305_67",2022-10-14,"Oct","CRC","UP",305,67,2022-10-14 13:01:14.5,NA,NA,NA,NA,NA,-3713.76231016279,0.000259839725083148,8.31837367562254e-06,65.8698201281289,0.00100494653027918,5.72114614826067e-130,0.608415403578104,0.0126570486127551,-3953.79059652697,0.734170509892498,0.0104451307942839,-3642.11724003312,TRUE,0.000321678583704848,2.77701125605823e-06,0.00387050830143547,2022-10-14 12:59:30,2022-10-14 13:02:59
"2022-10-14_CRC_UP_306_68",2022-10-14,"Oct","CRC","UP",306,68,2022-10-14 12:55:44.5,-3702.83962984599,0.00243541743206833,3.66183542038493e-137,0.750546555598757,0.00393578753931708,-3392.76867362091,0.000128801468385179,6.0472645222358e-06,66.0117220158773,0.000521089196587699,4.8053082708636e-70,0.503134745524168,0.00555464371652572,-3450.59107947387,0.566914249082869,0.00519751102382694,-3385.36344895731,TRUE,0.000114833380193076,4.13134755142433e-06,0.00380138067117368,2022-10-14 12:54:30,2022-10-14 12:56:59
"2022-10-14_CRC_UP_307_69",2022-10-14,"Oct","CRC","UP",307,69,2022-10-14 12:31:14.5,NA,NA,NA,NA,NA,-1227.90843037576,0.00025903617238149,5.79029486260807e-05,66.1404127690684,0.00298364105031645,1.13740405585258e-05,0.0694875295627677,0.0247176761974758,-1671.14873922037,0.822443318639922,0.0108378123717646,-1226.08993713456,TRUE,0.000332773330842051,5.96801604617011e-05,0.0198871770640502,2022-10-14 12:30:30,2022-10-14 12:31:59
"2022-10-14_CRC_UP_308_70",2022-10-14,"Oct","CRC","UP",308,70,2022-10-14 13:06:59.5,NA,NA,NA,NA,NA,-5864.79957319254,2.87607394314223e-05,2.21049434131263e-06,65.8367820254603,0.00030533774189582,6.67947678217531e-35,0.190790877619358,0.00410934405812512,-5981.72282187942,0.315897047221556,0.00378362915138881,-5864.57173128294,TRUE,2.98045538933949e-05,2.26955416552916e-06,0.00430040386495956,2022-10-14 13:05:00,2022-10-14 13:08:59
"2022-10-21_OWC_TR_120_55",2022-10-21,"Oct","OWC","TR",120,55,2022-10-21 12:32:59.5,-7151.14867384302,0.000439585262418354,1.46540149140001e-288,0.705666124821813,0.00881318392549072,-8711.34057395053,0.000150653144778743,1.25318458465613e-06,67.9403605976587,0.000259926816846167,0,0.930585719091025,0.00427993451322692,-8964.29128644068,0.94528295351788,0.00380344620199242,-8711.28582096659,TRUE,0.000150660878345892,1.29881613889493e-06,0.00426462016718888,2022-10-21 12:30:00,2022-10-21 12:35:59
"2022-10-21_OWC_TR_121_56",2022-10-21,"Oct","OWC","TR",121,56,2022-10-21 13:47:59.5,NA,NA,NA,NA,NA,-2094.72198054905,0.000433185981340909,2.68143536482303e-05,68.2722592850676,0.00556164644451352,9.73909002936556e-53,0.194912049244331,0.0915776327239324,-3855.12821902895,0.842843512127879,0.0404983334127095,-2094.12838323758,TRUE,0.000416304277361778,3.02080467734083e-05,0.115828158350803,2022-10-21 13:45:00,2022-10-21 13:50:59
"2022-10-21_OWC_TR_122_57",2022-10-21,"Oct","OWC","TR",122,57,2022-10-21 13:12:29.5,NA,NA,NA,NA,NA,-18982.2223252664,0.000242461333841866,3.84386861434313e-07,67.8623815895196,0.000172935715885944,0,0.994158127638941,0.00418677947332119,-19343.2993492958,0.995002011492495,0.00387424887070596,-18981.8915166501,TRUE,0.000242559964210951,4.01835981208622e-07,0.00421030387838287,2022-10-21 13:06:00,2022-10-21 13:18:59
"2022-10-21_OWC_TR_123_58",2022-10-21,"Oct","OWC","TR",123,58,2022-10-21 13:00:29.5,-3116.42262360421,0.0009880972666855,3.41517853099087e-222,0.676350664744497,0.0427448986292691,-7542.90229310588,0.000865607818618436,1.40681571057454e-06,68.0915277940159,0.000243058374869343,0,0.997633647151884,0.00365499412570968,-7605.90047878711,0.997803407142689,0.00352537953299733,-7541.68613042504,TRUE,0.000865764132428498,1.47662191440169e-06,0.00350354347937948,2022-10-21 12:58:00,2022-10-21 13:02:59
"2022-10-21_OWC_TR_124_59",2022-10-21,"Oct","OWC","TR",124,59,2022-10-21 13:26:59.5,NA,NA,NA,NA,NA,-11772.6328252542,0.000198446098041565,7.71000761632105e-07,68.0571193514932,0.000213332116542761,0,0.978754969813837,0.00405401848858403,-11894.8959704286,0.980538459135839,0.00388282558861328,-11772.498796495,TRUE,0.000198700942508417,7.77094654741867e-07,0.00416840169180211,2022-10-21 13:23:00,2022-10-21 13:30:59
"2022-10-21_OWC_TR_126_60",2022-10-21,"Oct","OWC","TR",126,60,2022-10-21 12:10:59.5,-3924.626427353,0.000324685319124067,5.90521540453554e-138,0.581522668996612,0.0158094186829196,-5794.63957339508,0.000346723567707563,2.32086136885442e-06,67.8086296008776,0.0003205828471827,0,0.968832301918807,0.00431451811370422,-5847.56457217306,0.971201602527135,0.00415307528848163,-5794.40476165697,TRUE,0.000347702378138195,2.31423060991416e-06,0.00414770109802516,2022-10-21 12:09:00,2022-10-21 12:12:59
"2022-10-21_OWC_TR_127_61",2022-10-21,"Oct","OWC","TR",127,61,2022-10-21 13:38:59.5,-4472.49698091873,0.000471676888595178,1.81842456033324e-152,0.61868217019446,0.0108064180271333,-5874.28622050402,0.00024528264526282,2.19597957992769e-06,68.1166794975963,0.000303332803732168,0,0.945581524089047,0.00408236088638042,-5904.88618139308,0.948134790631054,0.00399100237083811,-5873.86268345587,TRUE,0.000246337756284527,2.34325059442622e-06,0.00415262110520507,2022-10-21 13:37:00,2022-10-21 13:40:59
"2022-10-21_OWC_TR_128_62",2022-10-21,"Oct","OWC","TR",128,62,2022-10-21 12:19:59.5,-3225.16697684596,0.00107278216720672,1.89374651974002e-277,0.691363845774132,0.0542624735224965,-8205.94158625563,0.000937554921514712,1.5835497306939e-06,67.7599035885427,0.000328448854108602,0,0.996934119675308,0.00540821298697009,-8907.23871771274,0.998404348930251,0.00390524599925466,-8205.07749874106,TRUE,0.000938846729130146,1.67914426607317e-06,0.00531838208063926,2022-10-21 12:17:00,2022-10-21 12:22:59
"2022-10-21_OWC_UP_102_48",2022-10-21,"Oct","OWC","UP",102,48,2022-10-21 14:04:59.5,NA,NA,NA,NA,NA,-5915.34944595297,0.000107654952668863,2.13424316860514e-06,67.9630878507362,0.000294805092951065,3.29454120870437e-238,0.779914587118416,0.00396759191805651,-5942.25594409084,0.789162009815909,0.00388876332594148,-5915.27419483061,TRUE,0.000108226459012801,2.143093206249e-06,0.00412916952589249,2022-10-21 14:03:00,2022-10-21 14:06:59
"2022-10-21_OWC_UP_103_49",2022-10-21,"Oct","OWC","UP",103,49,2022-10-21 14:24:14.5,NA,NA,NA,NA,NA,-5188.63820024493,0.000358483296057908,2.58036366221152e-06,67.9466804096757,0.000311734914818417,0,0.968487866020714,0.00392622279123015,-5226.06308057171,0.970493254475501,0.00380530387602874,-5188.46333607705,TRUE,0.000359074142669473,2.73949708657026e-06,0.00393246832415611,2022-10-21 14:22:30,2022-10-21 14:25:59
"2022-10-21_OWC_UP_104_50",2022-10-21,"Oct","OWC","UP",104,50,2022-10-21 14:46:29.5,NA,NA,NA,NA,NA,-4475.07899090333,0.000232656056437429,3.167705273343e-06,67.8016037378204,0.000327825613149059,1.37824409544623e-282,0.909310825756177,0.00382487130773677,-4518.79483553939,0.916980516857707,0.00366638324232843,-4474.33861573625,TRUE,0.000230378273723446,3.19521314958636e-06,0.00395506017067364,2022-10-21 14:45:00,2022-10-21 14:47:59
"2022-10-21_OWC_UP_105_51",2022-10-21,"Oct","OWC","UP",105,51,2022-10-21 14:39:14.5,-5096.73382222293,0.000216738119322131,1.54485431504146e-59,0.344249930143336,0.00422330427172742,-5265.2056728941,6.06227066409757e-05,2.42822978395538e-06,67.8235749375594,0.000293355551369108,4.38742078236254e-96,0.498118473279047,0.00369473933450855,-5271.34619762518,0.506132126783362,0.00367097343716477,-5264.64177449735,TRUE,6.02688479311793e-05,2.52932597089557e-06,0.00385662927624667,2022-10-21 14:37:30,2022-10-21 14:40:59
"2022-10-21_OWC_UP_106_52",2022-10-21,"Oct","OWC","UP",106,52,2022-10-21 14:52:29.096345,-6507.22523883066,0.00102608992835975,9.19670595513262e-236,0.696889927206698,0.00657640592670631,-6787.34062262316,0.000121311101256752,2.16054616773776e-06,67.8452208993323,0.000372677626388279,1.77136940434187e-296,0.777730475807948,0.00563155574662855,-6791.56031938966,0.779744537869681,0.00561221526778982,-6780.40788517483,TRUE,0.000116767253901148,1.55191091618347e-06,0.0039806210140143,2022-10-21 14:50:00,2022-10-21 14:54:59
"2022-10-21_OWC_UP_107_53",2022-10-21,"Oct","OWC","UP",107,53,2022-10-21 14:14:29.5,-5117.31577098563,0.000329096354100517,1.44368434022027e-214,0.66344970384125,0.0140643405344781,-7398.68367477218,0.00027587415836643,1.52417037217447e-06,67.9000035082685,0.000263333975374382,0,0.973320529353577,0.00395988878643055,-7526.36137277482,0.976951842607129,0.00368465350097032,-7398.48540498278,TRUE,0.000275698114159789,1.54434739645392e-06,0.00378534392842915,2022-10-21 14:12:00,2022-10-21 14:16:59
"2022-10-21_OWC_UP_108_54",2022-10-21,"Oct","OWC","UP",108,54,2022-10-21 14:31:59.5,NA,NA,NA,NA,NA,-6015.6764527952,0.000186366120144261,1.99060888347646e-06,67.8316227425458,0.000274964748888493,0,0.924287196247877,0.00370057350271595,-6052.40341568181,0.928451033748343,0.00360239858171994,-6015.25590968388,TRUE,0.000186912343198975,2.08002993987225e-06,0.0035058618565172,2022-10-21 14:30:00,2022-10-21 14:33:59
"2022-10-07_PTR_TR_1_79",2022-10-07,"Oct","PTR","TR",1,79,2022-10-07 12:44:29.5,-1418.84191463134,0.000516837225530493,2.61135938388929e-25,0.455933443351661,0.00464833545462823,-1506.13677214194,0.000295093090197356,1.56982304820342e-05,65.6910832402476,0.000537000342196519,3.90222728532806e-44,0.665010175901796,0.00364743241991097,-1506.7919683622,0.673562680155095,0.00362097074132165,-1506.11998965821,TRUE,0.000294510906381887,1.6414619394203e-05,0.00395049354975914,2022-10-07 12:44:00,2022-10-07 12:44:59
"2022-10-07_PTR_TR_1_87",2022-10-07,"Oct","PTR","TR",1,87,2022-10-07 12:57:59.5,NA,NA,NA,NA,NA,-5243.63980729079,0.00037468012279058,3.40272684327912e-06,65.9071226786561,0.000470021981598095,0,0.944092282957446,0.00632572319843558,-6037.54389198102,0.981541918359811,0.0036397646027454,-5243.63047891451,TRUE,0.000374736023631269,3.60932554926434e-06,0.00695548398403425,2022-10-07 12:56:00,2022-10-07 12:59:59
"2022-10-07_PTR_TR_2_80",2022-10-07,"Oct","PTR","TR",2,80,2022-10-07 13:05:59.5,-7902.90389881543,0.000311905487438142,1.22798690507277e-298,0.718063078530778,0.006222762545617,-8582.94408134585,0.000103860651783103,1.32993597221814e-06,66.1667323420151,0.000275846055002927,0,0.84979267183703,0.00454205943607287,-9080.32622797378,0.905578028109304,0.0036045166016824,-8582.21228954609,TRUE,0.000103783433522252,1.38510731977997e-06,0.00465028597323405,2022-10-07 13:03:00,2022-10-07 13:08:59
"2022-10-07_PTR_TR_2_88",2022-10-07,"Oct","PTR","TR",2,88,2022-10-07 11:45:59.5,-3327.07971964674,-0.00123596197249214,5.06893675044893e-189,0.698327198961446,0.0239404350638842,-5293.58980394929,-0.000622061975444482,3.28671841657733e-06,66.6682383995737,0.000453997624336461,0,0.980349967666525,0.00611006169229647,-5347.09326711197,0.981858301689312,0.00587907014373999,-5287.1758395549,TRUE,-0.000614533109750365,2.77964872624305e-06,0.00517886190546854,2022-10-07 11:44:00,2022-10-07 11:47:59
"2022-10-07_PTR_TR_3_81",2022-10-07,"Oct","PTR","TR",3,81,2022-10-07 13:16:59.5,-7336.60320447219,0.000476554866461541,0,0.742197384324083,0.0314928522996624,-12981.1476762366,0.000355893530428251,8.93455235894224e-07,66.0841829626565,0.000309115068205615,0,0.988795267914222,0.00656551918908083,-14573.066284144,0.995383140334508,0.00421680337822366,-12977.1794461078,TRUE,0.000355607369204255,9.04079952408825e-07,0.00640157255579063,2022-10-07 13:12:00,2022-10-07 13:21:59
"2022-10-07_PTR_TR_3_89",2022-10-07,"Oct","PTR","TR",3,89,2022-10-07 11:39:59.5,-5349.67927206523,0.000255705999566779,2.70870490592849e-158,0.632658874202052,0.00587664399925975,-5977.34210404439,0.000128574327442386,2.04431268787574e-06,65.7475854190531,0.000282382907831507,2.83891105678933e-294,0.84637155672845,0.00380040972730264,-5990.28330271653,0.849944152942808,0.00376120303986757,-5977.06631750886,TRUE,0.000129146910711462,2.10730821740828e-06,0.00430414825397225,2022-10-07 11:38:00,2022-10-07 11:41:59
"2022-10-07_PTR_TR_4_82",2022-10-07,"Oct","PTR","TR",4,82,2022-10-07 12:52:44.5,-2111.54447189191,0.00188571213811568,6.39934189527511e-122,0.584634115915855,0.045142119379022,-3114.02631884607,0.00110371793119639,1.33891905967209e-05,65.6902666908888,0.00161755424294693,0,0.915401312416756,0.0203726885658881,-3112.11075577588,0.915680755634423,0.0203714781108941,-3111.99584010612,TRUE,0.00111462082044056,1.22980431711362e-05,0.0163573399141951,2022-10-07 12:51:00,2022-10-07 12:54:29
"2022-10-07_PTR_TR_4_90",2022-10-07,"Oct","PTR","TR",4,90,2022-10-07 11:32:59.5,NA,NA,NA,NA,NA,-5578.6258997606,0.000172322684094004,2.69648181549619e-06,65.6873144147426,0.000372467666267733,1.68126079574348e-298,0.850480189864553,0.00501280248461152,-5577.0716441788,0.850987227153739,0.00501128016438086,-5578.46024554012,TRUE,0.000172300868712637,2.56535386571689e-06,0.00472466557050263,2022-10-07 11:31:00,2022-10-07 11:34:59
"2022-10-07_PTR_TR_5_83",2022-10-07,"Oct","PTR","TR",5,83,2022-10-07 12:28:29.5,-3023.8297240912,0.00171542702079578,5.00195465166761e-263,0.737474496050461,0.045001254073513,-5833.77213844452,0.0010071660855324,3.63585952740282e-06,66.1858020391298,0.000628174750495812,0,0.988432609251677,0.00944618766670988,-6993.10070689517,0.996824063025883,0.00495517466355585,-5799.10774230562,TRUE,0.000987191558461319,2.88700613113716e-06,0.00681831999927674,2022-10-07 12:26:00,2022-10-07 12:30:59
"2022-10-07_PTR_TR_5_91",2022-10-07,"Oct","PTR","TR",5,91,2022-10-07 11:25:59.5,NA,NA,NA,NA,NA,-5826.02468671764,-1.47319736427405e-05,2.27082494839491e-06,65.7444955586042,0.000313671267564457,1.62538411446905e-10,0.0553720858097085,0.0042214996140581,-5964.99224762612,0.225494275118811,0.00382784543900318,-5826.01258359215,TRUE,-1.48262712172049e-05,2.24771507744257e-06,0.00431644115331255,2022-10-07 11:24:00,2022-10-07 11:27:59
"2022-10-07_PTR_TR_6_84",2022-10-07,"Oct","PTR","TR",6,84,2022-10-07 12:22:29.5,NA,NA,NA,NA,NA,-4616.51232573326,0.000181627997435602,2.77888743874706e-06,66.0247249997782,0.000287586880681633,4.43830842628898e-258,0.888147957470255,0.00335539007411402,-4653.29556318693,0.89628441063804,0.00323706797080907,-4616.36636098308,TRUE,0.000181924782839999,2.69125587943078e-06,0.00291245414678246,2022-10-07 12:21:00,2022-10-07 12:23:59
"2022-10-07_PTR_TR_6_92",2022-10-07,"Oct","PTR","TR",6,92,2022-10-07 12:12:29.5,-6380.10553974916,-0.000197457933977411,1.0782447246821e-109,0.424023072032984,0.00697332867367094,-7112.86988114989,-9.14656896497622e-05,1.78645942225974e-06,66.0310787420001,0.000308650181172022,1.40187098248279e-268,0.744841479069043,0.00464133194212868,-7238.35161565314,0.77903232831897,0.00432400437796143,-7099.48421009977,TRUE,-9.70030199316886e-05,1.60739126516777e-06,0.00395201551472929,2022-10-07 12:10:00,2022-10-07 12:14:59
"2022-10-07_PTR_TR_7_85",2022-10-07,"Oct","PTR","TR",7,85,2022-10-07 12:34:14.5,-2269.93587355516,0.00171071399530035,5.27116980757017e-161,0.688060161184091,0.0398096067937375,-4491.24393026785,0.00116851920478699,4.48804798137639e-06,66.0610990112736,0.000542203130382111,0,0.990820942407417,0.00682891195945309,-5216.44133650891,0.997115163170236,0.00383447356891256,-4489.30986847985,TRUE,0.00116992961957178,4.54159847519304e-06,0.00707045734830906,2022-10-07 12:32:30,2022-10-07 12:35:59
"2022-10-07_PTR_TR_7_93",2022-10-07,"Oct","PTR","TR",7,93,2022-10-07 12:04:44.5,NA,NA,NA,NA,NA,-6142.20005531042,-0.000116870593216969,2.45504232352974e-06,65.9443880548009,0.000381639994497747,1.16476914845667e-236,0.737164847821601,0.00544592499151235,-6362.01568119148,0.800620219566095,0.00474907083523148,-6140.38129399163,TRUE,-0.000119568547202693,2.35134598200342e-06,0.00542043400512635,2022-10-07 12:02:30,2022-10-07 12:06:59
"2022-10-07_PTR_TR_8_86",2022-10-07,"Oct","PTR","TR",8,86,2022-10-07 12:39:59.5,-4357.99624166957,0.000580465113326151,5.80688038402302e-203,0.724116828982905,0.0117007696495681,-5783.20299150415,0.000314914930179405,2.33936720411747e-06,65.8456905548151,0.000323139076278388,0,0.96188821074736,0.0043489207551214,-6120.83886359521,0.976286858297438,0.00343520045190757,-5780.92102043601,TRUE,0.000311519848651519,2.3906788572433e-06,0.00448590023863305,2022-10-07 12:38:00,2022-10-07 12:41:59
"2022-10-07_PTR_TR_8_94",2022-10-07,"Oct","PTR","TR",8,94,2022-10-07 11:57:44.5,-5634.87178293068,0.000283633810544185,1.03883667842806e-195,0.668110957165532,0.00744865307882216,-6709.36884329405,0.000158216706987231,1.72985884156835e-06,65.8269514432282,0.000268909139549514,0,0.911918623156213,0.0038372786516939,-6758.05748002885,0.917465744581068,0.00371908897493129,-6708.99412692758,TRUE,0.000157191669489709,1.70955912369747e-06,0.00374590593728521,2022-10-07 11:55:30,2022-10-07 11:59:59
"2022-11-04_OWC_TR_120_40",2022-11-04,"Nov","OWC","TR",120,40,2022-11-04 12:52:59.5,NA,NA,NA,NA,NA,-7252.02183791533,0.000284130674997462,2.4627989930166e-06,68.4834491891062,0.000510816611235612,0,0.925076493450084,0.00841106612578111,-7372.15963449413,0.933211876276631,0.00794867730444524,-7224.83752718572,TRUE,0.000273110626894373,1.38213983681303e-06,0.00452244684061373,2022-11-04 12:50:00,2022-11-04 12:55:59
"2022-11-04_OWC_TR_121_41",2022-11-04,"Nov","OWC","TR",121,41,2022-11-04 13:18:44.5,-4139.18188352041,0.00111455415801607,1.07322401950282e-193,0.664281449694159,0.0187519658314285,-4267.33479050094,0.000350284662129829,7.81049418955763e-06,68.2625112558903,0.00121415298260187,1.8026605625019e-221,0.713407973032564,0.0173257157708868,-4315.74894227106,0.731365729235443,0.0167949223876211,-4266.89055688619,TRUE,0.000345106900615095,2.39770135835043e-06,0.00483256820640163,2022-11-04 13:16:30,2022-11-04 13:20:59
"2022-11-04_OWC_TR_122_42",2022-11-04,"Nov","OWC","TR",122,42,2022-11-04 12:19:14.5,-4284.0735181583,0.00161914662811759,3.20578361523769e-247,0.834182523940647,0.00804930956741793,-4005.39295086599,0.000280420801129194,6.59963189900555e-06,69.1913674293078,0.000797304549741699,7.14311022155169e-187,0.741928223835124,0.0100418501295268,-5211.03137671226,0.962167188507326,0.00385097273225943,-3965.01344545833,TRUE,0.000244645525236846,5.48352987261085e-06,0.008010341832122,2022-11-04 12:17:30,2022-11-04 12:20:59
"2022-11-04_OWC_TR_123_43",2022-11-04,"Nov","OWC","TR",123,43,2022-11-04 12:23:59.494444,NA,NA,NA,NA,NA,1747.36894081866,0.00223677957197628,0.00100663742735071,69.2842817891966,0.104176274619415,0.0266963696578534,0.00909390581417625,1.21567004894942,1020.16588121815,0.744163125805485,0.618856248523415,1747.36894081867,TRUE,0.00223677957197628,0.00100663742735071,1.86535126667602,2022-11-04 12:22:30,2022-11-04 12:25:29
"2022-11-04_OWC_TR_124_44",2022-11-04,"Nov","OWC","TR",124,44,2022-11-04 12:09:29.5,NA,NA,NA,NA,NA,-3272.69280772669,3.881018339805e-05,1.53185678830837e-05,69.2020166392844,0.00370792150848266,0.0114123279770633,0.00507649670247447,0.0659266297115882,-3446.38879561559,0.135944250783604,0.061486873735274,-3193.77099923669,TRUE,0.000157300571958003,1.96146130717748e-06,0.00876709144674876,2022-11-04 12:06:00,2022-11-04 12:12:59
"2022-11-04_OWC_TR_126_45",2022-11-04,"Nov","OWC","TR",126,45,2022-11-04 13:34:59.5,NA,NA,NA,NA,NA,-11599.1828763336,0.000467652030432013,8.1886156324689e-07,68.3646041882197,0.000226574964819982,0,0.995610413211924,0.00430567657283035,-11604.5520822506,0.99563888087733,0.00429467972394526,-11598.8890659932,TRUE,0.000467269827879882,8.70589852068443e-07,0.00440883677962202,2022-11-04 13:31:00,2022-11-04 13:38:59
"2022-11-04_OWC_TR_127_46",2022-11-04,"Nov","OWC","TR",127,46,2022-11-04 13:51:29.5,NA,NA,NA,NA,NA,-9984.95501734008,0.000201218954708789,1.06766024236651e-06,68.1859075081395,0.000258431493507582,0,0.965794668100424,0.00459489698994709,-10001.1029398885,0.966337275721012,0.0045619340868425,-9983.57915625791,TRUE,0.000202253007384995,1.05993563340333e-06,0.00443884361631708,2022-11-04 13:48:00,2022-11-04 13:54:59
"2022-11-04_OWC_TR_128_47",2022-11-04,"Nov","OWC","TR",128,47,2022-11-04 12:39:44.968204,NA,NA,NA,NA,NA,2861.57066708106,0.000636449698890394,6.53921852984761e-05,68.5962215790643,0.0237756457349975,7.0819970520952e-22,0.0478487981812935,0.515939734248011,2861.01300834391,0.05014574772072,0.515590632865808,2863.70147808221,TRUE,0.000555174485222466,1.09063147835392e-06,0.00821823215212615,2022-11-04 12:34:30,2022-11-04 12:44:59
"2022-11-04_OWC_UP_102_33",2022-11-04,"Nov","OWC","UP",102,33,2022-11-04 15:27:29.5,-5075.53980093025,0.000299822729622958,1.89132924537501e-196,0.630702894722353,0.0143945753831416,-7219.56917002169,0.000268512993847828,1.68364031270532e-06,67.9899967855717,0.000290885917177839,0,0.965898320718196,0.00437420154359295,-7222.8205727489,0.966171977916523,0.0043614748539919,-7218.27560862489,TRUE,0.000268655703992836,1.65800721192673e-06,0.00416481833623111,2022-11-04 15:25:00,2022-11-04 15:29:59
"2022-11-04_OWC_UP_103_34",2022-11-04,"Nov","OWC","UP",103,34,2022-11-04 14:30:29.5,NA,NA,NA,NA,NA,-4487.74407266827,0.000544688832698452,3.13077478686547e-06,68.0785061842009,0.000324003679500348,0,0.982536247436988,0.00378027929366988,-4496.92603412136,0.982957394561788,0.0037413801738691,-4486.83625084068,TRUE,0.000547334316937094,3.33002585349314e-06,0.00375537346962265,2022-11-04 14:29:00,2022-11-04 14:31:59
"2022-11-04_OWC_UP_104_35",2022-11-04,"Nov","OWC","UP",104,35,2022-11-04 14:52:29.5,NA,NA,NA,NA,NA,-7481.97342679598,0.000253200452437841,1.45525065799746e-06,67.9546944361169,0.000251426577981525,0,0.971191035037961,0.00378083111130712,-7490.33463187338,0.971584011849771,0.00375914428486871,-7481.68057507313,TRUE,0.000253291650783534,1.49264698042476e-06,0.00397034257716395,2022-11-04 14:50:00,2022-11-04 14:54:59
"2022-11-04_OWC_UP_105_36",2022-11-04,"Nov","OWC","UP",105,36,2022-11-04 15:02:29.5,NA,NA,NA,NA,NA,-7259.8919245856,7.74626964175307e-05,1.64634350568399e-06,67.9865610474002,0.000284442072945592,1.43172674432196e-244,0.711423844751186,0.00427730213484593,-7468.51176801686,0.772143794969546,0.00380499684044018,-7259.5337040469,TRUE,7.79854809488194e-05,1.63488119988722e-06,0.00382507384399135,2022-11-04 15:00:00,2022-11-04 15:04:59
"2022-11-04_OWC_UP_106_37",2022-11-04,"Nov","OWC","UP",106,37,2022-11-04 15:12:29.5,-5689.87304171091,0.000182562632447736,1.21774633346635e-204,0.645885151790388,0.0102323593229452,-7349.94314520514,0.000192699976177985,1.56600582270355e-06,67.9711655896786,0.000270561970157985,0,0.944014151509562,0.00406857987139699,-7418.38476214899,0.948343901210155,0.00391244890961659,-7349.77421633103,TRUE,0.00019332192643456,1.58257988412637e-06,0.00401972445170764,2022-11-04 15:10:00,2022-11-04 15:14:59
"2022-11-04_OWC_UP_107_38",2022-11-04,"Nov","OWC","UP",107,38,2022-11-04 14:20:59.5,NA,NA,NA,NA,NA,-7112.81480483448,-0.000288475313639814,3.88812272289902e-06,68.9080501524895,0.00107582442343921,0,0.792877378757695,0.0204442358411543,-9589.42513418816,0.963009359211595,0.00864580160998685,-7111.7324442388,TRUE,-0.000291597898582211,4.02893738219095e-06,0.0230228295312731,2022-11-04 14:17:00,2022-11-04 14:24:59
"2022-11-04_OWC_UP_108_39",2022-11-04,"Nov","OWC","UP",108,39,2022-11-04 14:40:24.5,NA,NA,NA,NA,NA,-4286.77009131263,0.000147920356550074,4.28605452808807e-06,68.0149084966173,0.000468309075091162,1.52330205085154e-141,0.677103726166254,0.00561244479777437,-4581.00915819734,0.808649905663688,0.00432813559656109,-4283.1763635622,TRUE,0.000155603883796987,3.9718738360115e-06,0.00515199664302913,2022-11-04 14:38:50,2022-11-04 14:41:59
"2022-11-08_PTR_TR_1_17",2022-11-08,"Nov","PTR","TR",1,17,2022-11-08 11:43:29.5,NA,NA,NA,NA,NA,-7696.72052329487,0.000216081756335871,1.29159025739782e-06,66.3938515826971,0.00022315064197853,0,0.968913303436093,0.00335563128000962,-7737.64449639856,0.970426921457425,0.00327656945929609,-7696.57695068761,TRUE,0.000215960669536431,1.31596590035274e-06,0.00338869555279415,2022-11-08 11:41:00,2022-11-08 11:45:59
"2022-11-08_PTR_TR_1_25",2022-11-08,"Nov","PTR","TR",1,25,2022-11-08 12:27:29.5,-4062.1849994136,0.000205749761318193,5.45935577641479e-85,0.508353468325811,0.00560598105350746,-4440.14762025622,0.000133523824670369,3.27183601209067e-06,66.5352328796081,0.000338602096543803,7.62009675212888e-167,0.755838657285982,0.00395060480896906,-4451.92677339172,0.762869981150873,0.00390056165143368,-4439.26811596635,TRUE,0.000130603149028695,3.29803156321978e-06,0.00355327579173387,2022-11-08 12:26:00,2022-11-08 12:28:59
"2022-11-08_PTR_TR_2_18",2022-11-08,"Nov","PTR","TR",2,18,2022-11-08 10:40:59.5,NA,NA,NA,NA,NA,-5963.4857229263,0.000149052388498105,2.06407900796976e-06,66.419253329537,0.000285113248927749,0,0.878974845606872,0.0038371556300228,-5983.83090222601,0.882998627849576,0.0037780941800366,-5963.44900847267,TRUE,0.000148746479731902,2.15744572743661e-06,0.00404046649101087,2022-11-08 10:39:00,2022-11-08 10:42:59
"2022-11-08_PTR_TR_2_26",2022-11-08,"Nov","PTR","TR",2,26,2022-11-08 12:35:59.5,-4904.66887590122,0.000214807274376278,2.20611929454367e-155,0.625741909184342,0.00800463579226374,-5935.10744404369,0.000179963671246404,2.10515955856437e-06,66.5170188788454,0.000290787745496217,0,0.910540951327599,0.00391352502547225,-5986.94147854041,0.917216092080682,0.0037699418422097,-5934.93235695826,TRUE,0.000179515462435594,2.12838721379748e-06,0.00395887893935105,2022-11-08 12:34:00,2022-11-08 12:37:59
"2022-11-08_PTR_TR_3_19",2022-11-08,"Nov","PTR","TR",3,19,2022-11-08 10:32:59.5,-7320.81562415718,0.000295828740431834,4.54685301548598e-298,0.717377761138545,0.00814740327287901,-8075.41953132658,0.000136590129686126,1.68218891230752e-06,66.433725737924,0.000348907906036834,0,0.859472410017594,0.00574509012615101,-8727.14350920775,0.92342642769792,0.00424481478983838,-8075.33077270629,TRUE,0.0001361532030787,1.76145405578276e-06,0.00572881925692299,2022-11-08 10:30:00,2022-11-08 10:35:59
"2022-11-08_PTR_TR_3_27",2022-11-08,"Nov","PTR","TR",3,27,2022-11-08 12:43:59.5,-7116.35260159405,0.00021529479682726,7.18902196028237e-271,0.682569803587033,0.00895630780209394,-9058.11802707489,0.000148752260014804,1.06731149179855e-06,66.5577543049922,0.00022137431472049,0,0.947420464199219,0.00364513204682117,-9094.04355859864,0.949328738980607,0.00358169823281012,-9058.06242266808,TRUE,0.000148514098632789,1.11014506657271e-06,0.00354558047284404,2022-11-08 12:41:00,2022-11-08 12:46:59
"2022-11-08_PTR_TR_4_20",2022-11-08,"Nov","PTR","TR",4,20,2022-11-08 11:16:44.5,NA,NA,NA,NA,NA,-3630.74470011156,0.000199835757093784,4.64219919084691e-06,66.3541491530898,0.000400015550479695,2.72626845148428e-161,0.805310504127811,0.00426403747867888,-3646.0072737174,0.813468478390299,0.00418309229706899,-3630.17939602719,TRUE,0.000197192090243958,4.6366899525223e-06,0.00413858358644321,2022-11-08 11:15:30,2022-11-08 11:17:59
"2022-11-08_PTR_TR_4_28",2022-11-08,"Nov","PTR","TR",4,28,2022-11-08 12:53:24.5,-4475.93992331171,0.000279206186651788,1.812874796285e-138,0.668957814583275,0.00475429285244433,-4689.47885390297,0.000132173222746992,3.01052149776416e-06,66.5348684109013,0.000328939944398912,1.04859971604934e-184,0.772393988868532,0.0039421770320434,-4774.11599614676,0.805172928064381,0.00365371664350014,-4684.25007036025,TRUE,0.000125636954646396,2.97959794704188e-06,0.00387380939854887,2022-11-08 12:51:50,2022-11-08 12:54:59
"2022-11-08_PTR_TR_5_21",2022-11-08,"Nov","PTR","TR",5,21,2022-11-08 11:30:29.5,-3416.59953688025,0.000726712273564571,5.67514703125798e-209,0.653659935448154,0.0361792194670937,-6909.71139674061,0.000706544938310962,1.99990865967514e-06,66.3829143418456,0.000345528234475892,0,0.992856622254682,0.00519588624730623,-7326.9101930001,0.995526428532827,0.00411641526215334,-6902.88911610651,TRUE,0.000711724382047105,1.85931754488865e-06,0.00418645069802502,2022-11-08 11:28:00,2022-11-08 11:32:59
"2022-11-08_PTR_TR_5_29",2022-11-08,"Nov","PTR","TR",5,29,2022-11-08 13:01:29.5,NA,NA,NA,NA,NA,-4535.00604124628,0.000139789861059025,2.99672320779076e-06,66.4982764423161,0.000310130690282072,3.33950730953414e-191,0.801768311895202,0.00361841763220964,-4600.60421686042,0.825739557142768,0.0033989149775691,-4534.934035651,TRUE,0.000140526495951784,2.91403580414884e-06,0.00335920341338417,2022-11-08 13:00:00,2022-11-08 13:02:59
"2022-11-08_PTR_TR_6_22",2022-11-08,"Nov","PTR","TR",6,22,2022-11-08 11:23:59.5,-5605.53002452052,0.000392458233459321,3.4826911979034e-148,0.608073267870568,0.00492001567707713,-5876.11998370497,9.68407979426378e-05,2.19318489686771e-06,66.3683698000221,0.000302946771432106,8.08159380969417e-207,0.730853584589388,0.00407716552622398,-6072.96096442168,0.796368961765355,0.00355133582267838,-5875.64261565519,TRUE,9.77000521620563e-05,2.32818718429226e-06,0.00427069235378309,2022-11-08 11:22:00,2022-11-08 11:25:59
"2022-11-08_PTR_TR_6_30",2022-11-08,"Nov","PTR","TR",6,30,2022-11-08 12:12:29.5,-4051.51481664664,0.000155147139202264,5.89481159111782e-67,0.42647714775729,0.00566164152308867,-4414.53066656781,0.000120768072522363,3.35036970849909e-06,66.5557821278766,0.000346729543688146,1.3349322494514e-145,0.707183477784451,0.00404543095476326,-4495.93749617863,0.750018875440149,0.00374480627518142,-4414.47402838878,TRUE,0.000121339801231727,3.45323265210764e-06,0.00376362262532407,2022-11-08 12:11:00,2022-11-08 12:13:59
"2022-11-08_PTR_TR_7_23",2022-11-08,"Nov","PTR","TR",7,23,2022-11-08 11:53:29.5,-2745.66382111569,0.00120150842772234,1.87070000731566e-222,0.676784019681303,0.0525217290400044,-7291.81358955969,0.0010644654356626,1.61740419176347e-06,66.4152868348266,0.000279442169576243,0,0.997931045827381,0.00420211600948032,-7558.2244566203,0.99846798060673,0.0036200027242235,-7291.52071249163,TRUE,0.00106448583924768,1.71782640374205e-06,0.00450441150148379,2022-11-08 11:51:00,2022-11-08 11:55:59
"2022-11-08_PTR_TR_7_31",2022-11-08,"Nov","PTR","TR",7,31,2022-11-08 12:04:29.5,NA,NA,NA,NA,NA,-4562.90848863126,0.000125025392118333,2.92029263350535e-06,66.5207928141357,0.000302220895109742,2.08806284061562e-175,0.773083944808614,0.00352613091820307,-4564.04377691498,0.775231641288222,0.00351594562840771,-4562.72377606406,TRUE,0.000123825166551216,2.96430625506808e-06,0.00345693372170021,2022-11-08 12:03:00,2022-11-08 12:05:59
"2022-11-08_PTR_TR_8_24",2022-11-08,"Nov","PTR","TR",8,24,2022-11-08 11:36:29.5,NA,NA,NA,NA,NA,-7684.89953799647,0.000281449947738108,1.30010032020575e-06,66.3958683916681,0.000224620942616052,0,0.981198835614721,0.00337774094891552,-7694.88851107523,0.981488808411884,0.00335533059538943,-7684.75631144303,TRUE,0.000281886999929045,1.34377837279625e-06,0.00314283688765742,2022-11-08 11:34:00,2022-11-08 11:38:59
"2022-11-08_PTR_TR_8_32",2022-11-08,"Nov","PTR","TR",8,32,2022-11-08 12:21:29.5,NA,NA,NA,NA,NA,-4530.93280213419,0.000414895285390496,3.00804674243326e-06,66.5243941628593,0.000311302562147308,0,0.972498069206572,0.00363209032553775,-4528.61897504851,0.97258381121629,0.00363318348888214,-4530.5501887605,TRUE,0.000413909648432945,3.08849534340231e-06,0.00347887913448556,2022-11-08 12:20:00,2022-11-08 12:22:59
"2022-12-20_OWC_TR_NA_1",2022-12-20,"Dec","OWC","TR",NA,1,2022-12-20 12:18:39.5,-3175.80984834238,-0.000311873220429024,7.22375850922215e-144,0.689590211574459,0.0141498497568965,-4358.01944178062,-0.000307696155314213,2.57440055470125e-06,69.8191388073785,0.000415057724441787,0,0.962407492460377,0.00492418966612687,-4594.65147260816,0.975538395917644,0.00397929645205828,-4357.27036776404,TRUE,-0.000305474826294468,2.67862941492806e-06,0.00496409175131259,2022-12-20 12:16:20,2022-12-20 12:20:59
"2022-12-20_OWC_TR_NA_2",2022-12-20,"Dec","OWC","TR",NA,2,2022-12-20 12:10:45.5,NA,NA,NA,NA,NA,-4455.46500669375,0.000152879525447213,2.10861859602769e-06,68.9526886782599,0.000325353084771767,1.46482161827573e-278,0.907781125338276,0.00377677901867666,-4471.4367106697,0.911154031246284,0.00371402943699329,-4455.2841168616,TRUE,0.000152712781552207,2.18060219907701e-06,0.00384280188652609,2022-12-20 12:08:32,2022-12-20 12:12:59
"2022-12-20_OWC_TR_NA_3",2022-12-20,"Dec","OWC","TR",NA,3,2022-12-20 12:03:39.5,NA,NA,NA,NA,NA,-4664.91999853827,0.000147701785950004,1.95736339004616e-06,68.6676815746231,0.000315575908766265,5.85435623269431e-295,0.910750639531408,0.00374395062979579,-4726.33668469577,0.920590441588773,0.00353788450342319,-4664.62110646831,TRUE,0.000148740958303978,2.00544473968896e-06,0.00379346598388233,2022-12-20 12:01:20,2022-12-20 12:05:59
"2022-12-20_OWC_TR_NA_4",2022-12-20,"Dec","OWC","TR",NA,4,2022-12-20 11:57:55,-2321.51916564638,0.000511202764438111,2.26215380567982e-90,0.661109407786597,0.011164512451981,-3150.13943509659,0.000343886338610441,3.51735802916224e-06,68.681481000812,0.000382287899526544,1.96334968601969e-269,0.962152678790977,0.00373102001721072,-3157.78775309779,0.963301182001334,0.00368378407191531,-3150.08997919042,TRUE,0.00034418073940146,3.76414118569954e-06,0.00383681030306483,2022-12-20 11:56:21,2022-12-20 11:59:29
"2022-12-20_OWC_TR_NA_5",2022-12-20,"Dec","OWC","TR",NA,5,2022-12-20 11:52:29.5,-1341.46321430121,-0.00146277036088905,2.6894739272949e-87,0.666142866004878,0.0373422570344441,-2687.64898904085,-0.00123539357225876,5.83945976433603e-06,70.7943843191145,0.00060432531202073,0,0.992064802613403,0.00575703806059061,-2931.423013699,0.996012968179222,0.00409224473649247,-2687.38900744709,TRUE,-0.0012352822383826,6.03019474364636e-06,0.00578165711676511,2022-12-20 11:51:00,2022-12-20 11:53:59
"2022-12-20_OWC_TR_NA_6",2022-12-20,"Dec","OWC","TR",NA,6,2022-12-20 11:44:59.5,NA,NA,NA,NA,NA,-3968.84005797259,-9.32592705109057e-05,2.54245804409956e-06,68.9893679486749,0.000351192212321718,4.52647274403634e-141,0.737863504713617,0.00385914647191874,-3984.8876250325,0.748586353232318,0.0037873235963784,-3968.24242873744,TRUE,-9.15055921433227e-05,2.50521563476301e-06,0.00336620882911357,2022-12-20 11:43:00,2022-12-20 11:46:59
"2022-12-20_OWC_TR_NA_7",2022-12-20,"Dec","OWC","TR",NA,7,2022-12-20 11:38:44.5,-2673.41018405855,-0.000805612246126673,4.68887429869011e-142,0.698167515343588,0.0202820585476504,-4337.31441211856,-0.000469487209499429,2.39909972093629e-06,70.2370720515889,0.000372943633403956,0,0.986146082413405,0.0043452557461015,-4423.12561606289,0.988268811176194,0.00400598019830529,-4336.19827175598,TRUE,-0.000467878460097346,2.36454456539638e-06,0.00381410380790847,2022-12-20 11:36:30,2022-12-20 11:40:59
"2022-12-20_OWC_TR_NA_8",2022-12-20,"Dec","OWC","TR",NA,8,2022-12-20 11:32:14.5,-4499.54270737747,0.000286445810946791,8.43564808611567e-150,0.644220964153735,0.00798084477824037,-5561.82359264488,0.000135160903334475,1.45832226977633e-06,68.4451179930072,0.000277216157177577,0,0.928849784062468,0.00356900205885283,-5566.89032002127,0.929820524690657,0.00354997073470628,-5561.71682764767,TRUE,0.000135192863647994,1.48584818628253e-06,0.00335285061620242,2022-12-20 11:29:30,2022-12-20 11:34:59
"2022-12-20_OWC_UP_101_9",2022-12-20,"Dec","OWC","UP",101,9,2022-12-20 12:23:59.5,-3228.61601799973,0.000162954657625971,2.16728196644366e-34,0.268895189945007,0.00834374992044898,-3282.54780026592,8.27481608607449e-05,5.19667561023235e-06,69.9891607938029,0.000717821876554179,4.16094657766298e-46,0.346593825608026,0.00788793049839175,-3363.18404443925,0.452220167852665,0.00723743955329937,-3268.74029758963,TRUE,9.4043123010356e-05,3.59666883366233e-06,0.00478220555466214,2022-12-20 12:22:00,2022-12-20 12:25:59
"2022-12-20_OWC_UP_102_10",2022-12-20,"Dec","OWC","UP",102,10,2022-12-20 12:15:59.5,NA,NA,NA,NA,NA,-4515.10941760591,0.000414728676770702,2.64021901057964e-06,69.4702903586773,0.000456155939393479,0,0.976337909448998,0.00560071918322962,-5107.8007195626,0.991247068179775,0.00341209784819569,-4502.94799699415,TRUE,0.00042267230895504,2.48257095278807e-06,0.00476121552803733,2022-12-20 12:13:30,2022-12-20 12:18:29
"2022-12-20_OWC_UP_104_12",2022-12-20,"Dec","OWC","UP",104,12,2022-12-20 11:22:29.5,-4312.82985829634,0.000492395048450555,1.66730480873056e-118,0.591975279338946,0.00662904873153154,-5046.15692037802,0.000112214225791618,1.69608437683888e-06,68.7676230046758,0.000293035903122934,2.67438438203029e-277,0.879804931682558,0.00359791830438041,-5066.51698655779,0.884587128961152,0.00353152722039319,-5045.76499087464,TRUE,0.000113274372134408,1.79944757908424e-06,0.0036124003096922,2022-12-20 11:20:00,2022-12-20 11:24:59
"2022-12-20_OWC_UP_105_13",2022-12-20,"Dec","OWC","UP",105,13,2022-12-20 11:33:29.5,-4688.05935120125,0.000110582541734532,3.57677444599909e-104,0.544427624059582,0.00484898822802892,-5159.08936158372,7.3712421421617e-05,1.54374598249042e-06,68.8186512618403,0.000266716092871867,3.39257790511218e-206,0.792214856856892,0.00327476156467398,-5155.821615959,0.792468288145588,0.00327825049105228,-5158.73246971738,TRUE,7.28018716369144e-05,1.64398376469071e-06,0.00325144168470191,2022-12-20 11:31:00,2022-12-20 11:35:59
"2022-12-20_OWC_UP_106_14",2022-12-20,"Dec","OWC","UP",106,14,2022-12-20 11:14:29.5,NA,NA,NA,NA,NA,-5044.11842159789,0.000101974282316368,1.69896804707235e-06,68.7435573469486,0.000293534120618898,2.57943081539567e-255,0.857637936499096,0.0036040354587263,-5046.61065823578,0.859170046209246,0.00359059894149768,-5043.81091064335,TRUE,0.000102068986435347,1.74549947262488e-06,0.00362272425094251,2022-12-20 11:12:00,2022-12-20 11:16:59
"2022-12-20_OWC_UP_107_15",2022-12-20,"Dec","OWC","UP",107,15,2022-12-20 12:03:59.5,NA,NA,NA,NA,NA,-3987.02774086433,0.000133921006996297,2.49474331453007e-06,69.2465992593406,0.000344601330133227,1.56047301852173e-204,0.857724524190796,0.00378672123339652,-4118.3939007933,0.892686729822619,0.0032956076188661,-3986.79746439226,TRUE,0.000134103185898631,2.53651184068719e-06,0.00405709975259904,2022-12-20 12:02:00,2022-12-20 12:05:59
"2022-12-20_OWC_UP_108_16",2022-12-20,"Dec","OWC","UP",108,16,2022-12-20 11:47:29.5,NA,NA,NA,NA,NA,-871.031840908478,-5.06028156407734e-05,3.32873700166455e-05,68.9552872421148,0.00113868433198367,0.131140630628924,0.0192081370032965,0.00631495713401732,-922.979766688617,0.38468917045555,0.00504476880946386,-864.321694342047,TRUE,1.81711020177201e-05,2.56702256862302e-05,0.00484459641386682,2022-12-20 11:47:00,2022-12-20 11:47:59
"2022-12-20_OWC_UP_3_11",2022-12-20,"Dec","OWC","UP",3,11,2022-12-20 11:52:29.5,NA,NA,NA,NA,NA,-4963.81676939612,0.000172022051205325,1.81654996612204e-06,68.9948047101448,0.00031384898484981,0,0.93748395705981,0.00385346298992113,-4968.06086737652,0.938337063367132,0.00383349601196967,-4963.60974494261,TRUE,0.000172214126481596,1.87101822186171e-06,0.00376734486014591,2022-12-20 11:50:00,2022-12-20 11:54:59
"2022-08-16_CRC_TR_309_156",2022-08-16,"Aug","CRC","TR",309,156,2022-08-16 09:21:59.5,NA,NA,NA,NA,NA,-11349.6003018099,-0.000774642851099119,1.19065566649894e-06,70.1230115631426,0.000246957504219415,0,0.996614246711142,0.00469545444540828,-11567.8901150413,0.997098556148032,0.00434969980715151,-11344.0731442911,TRUE,-0.000776925350376221,1.04345660139654e-06,0.00408715350409172,2022-08-16 09:19:00,2022-08-16 09:24:59
"2022-08-16_CRC_TR_311_152",2022-08-16,"Aug","CRC","TR",311,152,2022-08-16 09:32:29.5,NA,NA,NA,NA,NA,-8984.75454891366,-0.000523330203939377,1.90578941254837e-06,69.8270758466277,0.0003292670631806,0,0.98436098384923,0.0057173364744,-9878.79212555487,0.992600561048459,0.00393596522522239,-8984.04879486784,TRUE,-0.000524851677228643,1.98156660100386e-06,0.00636968939114294,2022-08-16 09:30:00,2022-08-16 09:34:59
"2022-08-16_CRC_TR_312_153",2022-08-16,"Aug","CRC","TR",312,153,2022-08-16 10:35:29.5,-1492.64979307102,0.00374627943923829,0,0.76911787665448,0.171120887107439,-6692.43107208653,0.00225965244871561,7.08816579306487e-06,68.6121268095778,0.00220680188851384,0,0.97920731704017,0.0513526825255019,-13266.537633146,0.999010760249999,0.0112062418358637,-6687.02504302469,TRUE,0.00225566033035306,7.35613999750461e-06,0.0584703819855644,2022-08-16 10:31:00,2022-08-16 10:39:59
"2022-08-16_CRC_TR_313_154",2022-08-16,"Aug","CRC","TR",313,154,2022-08-16 09:11:29.5,NA,NA,NA,NA,NA,-9547.97685024538,-0.000556603429548537,1.50714985448747e-06,70.1494292487489,0.000260393306360423,0,0.991292772855754,0.00452142444422839,-9882.57464395457,0.993433450140926,0.00392976683562059,-9547.46238146352,TRUE,-0.000555540781576654,1.54561379313236e-06,0.00466676065717017,2022-08-16 09:09:00,2022-08-16 09:13:59
"2022-08-16_CRC_TR_314_151",2022-08-16,"Aug","CRC","TR",314,151,2022-08-16 11:11:59.5,-2485.44141443524,0.00303772745697498,0,0.745696988324013,0.101944428732034,-6987.38502523793,0.00193303244085306,5.41494226195435e-06,68.4334754314015,0.00112312960340299,0,0.988841776210512,0.0213542969902334,-10900.0571937233,0.999264889493784,0.00548486929485792,-6910.16268591146,TRUE,0.00189224145094356,4.43824705751495e-06,0.0194860809151351,2022-08-16 11:09:00,2022-08-16 11:14:59
"2022-08-16_CRC_TR_315_150",2022-08-16,"Aug","CRC","TR",315,150,2022-08-16 10:54:59.5,-1590.6530743437,0.00337801941445132,0,0.716990408722916,0.139089588114977,-7201.69461195411,0.00250686060054749,5.02662692061349e-06,67.8920817251789,0.00104258794031275,0,0.994251584996951,0.0198229415807551,-10940.7025102014,0.999572750392342,0.00540800523511493,-7198.52171647206,TRUE,0.00249968877799476,5.08714046919418e-06,0.0242950622823601,2022-08-16 10:52:00,2022-08-16 10:57:59
"2022-08-16_CRC_TR_316_157",2022-08-16,"Aug","CRC","TR",316,157,2022-08-16 08:44:59.5,-5238.93638994765,-0.000920679625775896,0,0.708068625145917,0.0391873191813383,-10317.4679641957,-0.000694418666227727,1.70383811257166e-06,73.2007091352399,0.000353398232346959,0,0.991417195547558,0.00671923417074483,-11841.0798431232,0.997028938974192,0.00395606280055741,-10309.3323199929,TRUE,-0.000698613134633057,1.73108107146406e-06,0.00670389493419023,2022-08-16 08:42:00,2022-08-16 08:47:59
"2022-08-16_CRC_TR_327_155",2022-08-16,"Aug","CRC","TR",327,155,2022-08-16 08:55:29.5,NA,NA,NA,NA,NA,-8999.00051930594,-0.000873006296925186,1.89451049567047e-06,72.2575691755452,0.000327318382066206,0,0.994389871756725,0.00568349991174876,-9702.03132693418,0.996887640129202,0.00423679241415966,-8998.9225170298,TRUE,-0.000872479855078842,2.02118900709492e-06,0.00633704982352908,2022-08-16 08:53:00,2022-08-16 08:57:59
"2022-08-17_OWC_TR_1_136",2022-08-17,"Aug","OWC","TR",1,136,2022-08-17 11:31:44.5,397.248122195644,0.00955693125621275,1.35419460165639e-197,0.658293006942696,0.305788726885092,-4543.34219979453,0.00861481637949718,9.19333091919278e-06,70.064230400035,0.00111065051525948,0,0.999046581679876,0.0161523710940819,-6377.32858392923,0.999893091350222,0.00541526645023841,-4543.16943618419,TRUE,0.00861830051240546,9.38304368793783e-06,0.0207110601290613,2022-08-17 11:30:00,2022-08-17 11:33:29
"2022-08-17_OWC_TR_2_137",2022-08-17,"Aug","OWC","TR",2,137,2022-08-17 11:41:14.5,-1226.72264845516,0.00100805811968663,0.00106043991202726,0.00989865654670635,0.136870962204765,-1222.91233623638,0.000141047875097986,5.35297715808759e-05,66.5903937164071,0.00832128291060138,0.00853584973989727,0.00639934352424857,0.137112620242086,-1227.181235527,0.0139776875056624,0.136715612198779,-1218.64150888251,TRUE,0.00023359304846957,3.12768979051666e-06,0.0076236938566719,2022-08-17 11:39:00,2022-08-17 11:43:29
"2022-08-17_OWC_TR_4_138",2022-08-17,"Aug","OWC","TR",4,138,2022-08-17 12:04:02,NA,NA,NA,NA,NA,-5387.42036502774,0.00176989260674097,3.84857532079614e-06,66.845739443107,0.000387178919067648,0,0.996710494592468,0.00514386243639118,-5499.2268480968,0.997212069990286,0.00474228956073723,-5378.3845482327,TRUE,0.00178078895972693,3.49831966820571e-06,0.00461191860078348,2022-08-17 12:02:35,2022-08-17 12:05:29
"2022-08-17_OWC_TR_5_139",2022-08-17,"Aug","OWC","TR",5,139,2022-08-17 12:12:59.5,NA,NA,NA,NA,NA,-3848.55359490941,0.00022078965364164,5.76383452496257e-06,66.9188534110054,0.000396833484132063,8.62210959272749e-148,0.754286164936547,0.00437429094423376,-3950.9100468764,0.803120543579854,0.0039237699167797,-3845.62255344893,TRUE,0.000229510485345545,5.99698938847355e-06,0.00379766167509199,2022-08-17 12:12:00,2022-08-17 12:13:59
"2022-08-17_OWC_TR_6_140",2022-08-17,"Aug","OWC","TR",6,140,2022-08-17 12:18:29.5,NA,NA,NA,NA,NA,-4778.31873055643,0.000201175319510384,6.26767569703052e-06,66.8080662938272,0.000648641351103375,6.97378608064981e-141,0.589300101939854,0.00873872243390069,-4776.37942967809,0.590473878248725,0.00873840487438467,-4767.23166745154,TRUE,0.000195017897619543,4.25624197757625e-06,0.00564468544063112,2022-08-17 12:17:00,2022-08-17 12:19:59
"2022-08-17_OWC_TR_8_141",2022-08-17,"Aug","OWC","TR",8,141,2022-08-17 11:48:29.5,NA,NA,NA,NA,NA,-5893.57971459841,0.000101760521879111,2.88902417447917e-06,66.6505453881974,0.000298984924314497,1.27969228203877e-158,0.633424731752401,0.00402802914285493,-5914.35914369619,0.645826113660034,0.00396483394524059,-5893.28180360935,TRUE,0.000103335331625465,3.04664408011222e-06,0.00416569975374687,2022-08-17 11:47:00,2022-08-17 11:49:59
"2022-08-17_OWC_UP_6_147",2022-08-17,"Aug","OWC","UP",6,147,2022-08-17 10:46:44.777359,NA,NA,NA,NA,NA,2756.14886540605,-0.00160449461104241,0.000351408878445465,66.9582246378763,0.0540190594326397,5.557413111205e-06,0.0193237345371383,0.886251760206779,2712.21961311888,0.0626787015071907,0.867260159310604,2791.94950503359,TRUE,-0.000415852992234884,2.22289751971535e-05,0.0456650953676509,2022-08-17 10:44:32,2022-08-17 10:48:59
"2022-08-17_OWC_UP_7_148",2022-08-17,"Aug","OWC","UP",7,148,2022-08-17 10:55:49.683398,NA,NA,NA,NA,NA,9647.11468116647,0.0166114549933858,0.0105054635530245,62.9526056782734,1.57455972579812,0.114133435273171,0.00241221210344536,25.4082843590782,9647.05212360417,0.00631648041541637,25.383075611379,9655.09806280332,TRUE,-0.00452329858069532,5.94510148549183e-05,0.12256665673521,2022-08-17 10:53:40,2022-08-17 10:57:59
"2022-08-17_OWC_UP_8_149",2022-08-17,"Aug","OWC","UP",8,149,2022-08-17 10:34:29.5,NA,NA,NA,NA,NA,-3025.6358739172,0.00790197947535567,2.28251369648575e-05,66.5515864547637,0.00394354474089767,0,0.990103256898661,0.0684750304745663,-3278.34491000481,0.99200927474008,0.0615803289250211,-3020.48103365136,TRUE,0.00795379159376924,6.75215142023961e-06,0.0180554632000141,2022-08-17 10:32:00,2022-08-17 10:36:59
"2022-09-16_CRC_TR_309_129",2022-09-16,"Sep","CRC","TR",309,129,2022-09-16 12:17:24.5,NA,NA,NA,NA,NA,-4868.43468712189,0.001811493098604,5.95752585094944e-06,68.1173631423477,0.000994897898616711,0,0.990699205616441,0.0147105989178669,-5311.06575127583,0.994433698805922,0.0113934329479628,-4868.41223385403,TRUE,0.00181234238397182,6.15157644325894e-06,0.0183088450862276,2022-09-16 12:15:00,2022-09-16 12:19:49
"2022-09-16_CRC_TR_311_130",2022-09-16,"Sep","CRC","TR",311,130,2022-09-16 12:07:29.5,-3170.85055692777,0.000964186856788167,4.2445748235797e-226,0.682765161740574,0.0414717352638239,-7166.48985271114,0.000847687991150202,1.73402762844933e-06,67.44821992223,0.00029959143488475,0,0.996256417289886,0.00450511090270113,-7590.98573080426,0.99767449652134,0.00355471208243402,-7166.27475161079,TRUE,0.000848095880649067,1.73324319625494e-06,0.00533053991745084,2022-09-16 12:05:00,2022-09-16 12:09:59
"2022-09-16_CRC_TR_312_131",2022-09-16,"Sep","CRC","TR",312,131,2022-09-16 11:59:29.5,NA,NA,NA,NA,NA,-6555.53269727316,0.000770847576986907,2.43480690477524e-06,67.4366271284953,0.000420666477454704,0,0.991120372126626,0.00632577875502719,-7362.12298511499,0.996392179773523,0.00403666978069715,-6554.91288422542,TRUE,0.000772427404639764,2.54593874392414e-06,0.00675418792229697,2022-09-16 11:57:00,2022-09-16 12:01:59
"2022-09-16_CRC_TR_313_128",2022-09-16,"Sep","CRC","TR",313,128,2022-09-16 12:22:59.5,529.479377502173,0.00953144173376893,1.82616860960762e-173,0.666695293979369,0.348533695495944,-3985.78224847391,0.00869894013043096,8.15058184340839e-06,67.6949776685504,0.00112584782900895,0,0.999370065603814,0.0151520609858624,-5724.3856213531,0.99994400103443,0.00452397047193729,-3984.57618982595,TRUE,0.00869341099916575,8.40831986325058e-06,0.0175650752921836,2022-09-16 12:21:00,2022-09-16 12:24:59
"2022-09-16_CRC_TR_314_132",2022-09-16,"Sep","CRC","TR",314,132,2022-09-16 11:43:29.5,NA,NA,NA,NA,NA,-97.8323601649613,-0.00391929225541863,0.000182365620685759,67.008983845491,0.0188730062489448,1.98404429897185e-74,0.461935548604802,0.220198841081716,-1234.03901943503,0.934863534543308,0.0767571279189301,-94.4278321344568,TRUE,-0.00363213924004125,0.000182440880976663,0.250884473092902,2022-09-16 11:42:00,2022-09-16 11:44:59
"2022-09-16_CRC_TR_315_133",2022-09-16,"Sep","CRC","TR",315,133,2022-09-16 11:52:29.5,NA,NA,NA,NA,NA,-6066.5792808024,0.000303203276849735,3.1947480924943e-06,67.1767536134312,0.000551963042239182,0,0.909341447420591,0.00830015290803095,-6464.18629730978,0.941975214140196,0.00664771878376048,-6024.44102184552,TRUE,0.000321147840235246,2.17253730778013e-06,0.0057875407033632,2022-09-16 11:50:00,2022-09-16 11:54:59
"2022-09-16_CRC_TR_316_134",2022-09-16,"Sep","CRC","TR",316,134,2022-09-16 12:30:59.5,-4362.35633292151,0.000725200975770666,4.3751932040034e-292,0.710063473828914,0.0320518959920357,-7956.52856774773,0.000569271691455828,1.77737575604647e-06,67.7539963900872,0.000368650898092141,0,0.989600842749248,0.00607017667980924,-9023.51064227478,0.996142286307789,0.00370058598920434,-7949.64102222845,TRUE,0.00057347365467545,1.83712091801971e-06,0.00556463737204444,2022-09-16 12:28:00,2022-09-16 12:33:59
"2022-09-16_CRC_TR_327_135",2022-09-16,"Sep","CRC","TR",327,135,2022-09-16 12:13:09.5,-1495.11429306051,0.00253934756310049,1.29974102900714e-142,0.66104900741412,0.0693771539047137,-3937.60079265464,0.00205461041673252,6.40828133430284e-06,67.704263911804,0.000737189143191879,0,0.994216293734292,0.00906256509028572,-4447.12865554641,0.997542449976822,0.00591734199198815,-3936.34580420234,TRUE,0.00205189195903142,6.81692045054456e-06,0.00923809258133634,2022-09-16 12:11:30,2022-09-16 12:14:49
"2022-09-16_CRC_UP_301_126",2022-09-16,"Sep","CRC","UP",301,126,2022-09-16 12:46:29.5,-685.088547041904,0.00408148420040369,3.19296969289552e-228,0.686199533822452,0.16500751389125,-5019.30781140545,0.00339322711327755,5.71632275368938e-06,67.7790885370277,0.000987620559179685,0,0.997457982280946,0.0148513596545369,-6225.76374774357,0.999337671019519,0.00758923448353194,-5018.49995287489,TRUE,0.00339392322007151,6.16154122563126e-06,0.0161600324411528,2022-09-16 12:44:00,2022-09-16 12:48:59
"2022-09-16_CRC_UP_308_127",2022-09-16,"Sep","CRC","UP",308,127,2022-09-16 12:37:59.5,-4016.24866809001,0.000429908625160623,4.60058770155489e-168,0.654954735727425,0.014834852715683,-5899.95565636654,0.000359400665834174,2.15718089427867e-06,67.5939928929094,0.000297973503396858,0,0.974785583777294,0.00401023351407502,-5903.69510746874,0.975055168020947,0.00399430483286795,-5899.33929032404,TRUE,0.000358859262857836,2.07805644300508e-06,0.00393716290041649,2022-09-16 12:36:00,2022-09-16 12:39:59
"2022-09-23_NA_TR_1_110",2022-09-23,"Sep",NA,"TR",1,110,2022-09-23 13:11:59.5,NA,NA,NA,NA,NA,-4416.87775305989,0.000424834183482852,6.04189339217405e-06,66.6962502727839,0.00083457263412229,4.94065645841247e-324,0.873193339288444,0.0112319756929178,-5258.89179718132,0.96084046026405,0.00625042606216173,-4416.60859288346,TRUE,0.00042785297349472,6.28850700259809e-06,0.0131770148715006,2022-09-23 13:10:00,2022-09-23 13:13:59
"2022-09-23_NA_TR_2_111",2022-09-23,"Sep",NA,"TR",2,111,2022-09-23 13:06:29.5,-3222.67217704068,0.00190838719183206,9.0359461323131e-172,0.765914063158278,0.0121966431280381,-3309.57805715917,0.000433321139096384,9.32011500733926e-06,67.0313046336021,0.000964538097218967,1.39602408190152e-190,0.800711906395256,0.011253648114415,-3976.42056400069,0.942461715377325,0.00605814763867381,-3304.2204972522,TRUE,0.0004256959780365,9.62687979855345e-06,0.010098416772585,2022-09-23 13:05:00,2022-09-23 13:07:59
"2022-09-23_NA_TR_3_112",2022-09-23,"Sep",NA,"TR",3,112,2022-09-23 13:00:59.5,-3595.15385424147,0.000441954527996166,5.29423999661484e-139,0.584321856517501,0.019873879460214,-4791.20258926656,0.000426408954712332,4.65885465354838e-06,66.469968275996,0.000643532142629496,0,0.921056495114564,0.00866088473081502,-4800.43910939189,0.922494537877255,0.00859361558259698,-4785.73563728471,TRUE,0.000433989849012868,2.44445379849914e-06,0.0042787949282524,2022-09-23 12:59:00,2022-09-23 13:02:59
"2022-09-23_NA_TR_4_113",2022-09-23,"Sep",NA,"TR",4,113,2022-09-23 12:55:29.5,NA,NA,NA,NA,NA,-6788.66493763733,7.31311785620938e-05,2.13902376889149e-06,66.5859488038792,0.000369563431205452,9.81952027616602e-165,0.565530980487248,0.0055573158952418,-6808.30999154392,0.576796835284124,0.00549090960435073,-6787.83588613272,TRUE,7.45086021219366e-05,1.81345337770294e-06,0.00458590627960066,2022-09-23 12:53:00,2022-09-23 12:57:59
"2022-09-23_NA_TR_5_114",2022-09-23,"Sep",NA,"TR",5,114,2022-09-23 12:47:59.5,NA,NA,NA,NA,NA,-5698.16016736436,-0.000151024426984074,2.48168554354358e-06,67.129095551955,0.000342797647476053,1.27266220533433e-285,0.837608081817734,0.00461349280651856,-5760.42839470825,0.85188730200087,0.00441214218402651,-5697.81435884089,TRUE,-0.000151831248334815,2.57729931293084e-06,0.00492067832893735,2022-09-23 12:46:00,2022-09-23 12:49:59
"2022-09-23_NA_TR_6_115",2022-09-23,"Sep",NA,"TR",6,115,2022-09-23 13:25:59.5,NA,NA,NA,NA,NA,-5141.17250265338,-6.24256302637483e-06,3.65368034524599e-06,66.2759503860547,0.000504686433878896,0.0879631003735782,0.00404928344441158,0.00679224974089254,-5456.85147416001,0.361131141881024,0.00544761355776507,-5135.69161347289,TRUE,-1.43541838605551e-05,3.09747993509983e-06,0.00485203393197787,2022-09-23 13:24:00,2022-09-23 13:27:59
"2022-09-23_NA_TR_7_116",2022-09-23,"Sep",NA,"TR",7,116,2022-09-23 13:21:29.5,NA,NA,NA,NA,NA,-3946.01584774714,1.53405167253229e-05,5.17004151216401e-06,66.5066846719718,0.000535047260549778,0.00313897372015639,0.0161012666513962,0.00624260836577612,-3961.53915516278,0.0510380475979447,0.00614220111330096,-3944.31981526578,TRUE,1.18278483364886e-05,4.29055413667076e-06,0.00508508205108314,2022-09-23 13:20:00,2022-09-23 13:22:59
"2022-09-23_NA_TR_8_117",2022-09-23,"Sep",NA,"TR",8,117,2022-09-23 13:16:29.5,-3381.50433217251,0.00062757871352818,5.12041148061022e-129,0.662562586399032,0.0105285851156267,-4267.16232674315,0.000336584377945352,3.84019392642628e-06,66.3792567751137,0.000397421420211045,1.06915805760046e-320,0.934550905676155,0.0046368731614453,-4349.76796192665,0.944249195056474,0.00428753531010908,-4266.80875533118,TRUE,0.000337820399089147,4.04280704248602e-06,0.00463219050745257,2022-09-23 13:15:00,2022-09-23 13:17:59
"2022-09-23_NA_UP_301_118",2022-09-23,"Sep",NA,"UP",301,118,2022-09-23 13:34:59.5,NA,NA,NA,NA,NA,-5098.4900496704,0.000137101431212119,3.7635985681476e-06,66.3014626869013,0.000519869545342573,2.37454978631882e-165,0.648903146876131,0.0069965894615236,-5403.47572985758,0.771413351946237,0.00565332644120122,-5098.42528067838,TRUE,0.000136521894930496,3.51040741006872e-06,0.00635335140216579,2022-09-23 13:33:00,2022-09-23 13:36:59
"2022-09-23_NA_UP_302_121",2022-09-23,"Sep",NA,"UP",302,121,2022-09-23 13:51:29.5,-2813.17238885179,0.000806722981663141,1.4726253773958e-123,0.646437377665419,0.0178201035156234,-3755.39911721288,0.000557640042134844,6.16801883942052e-06,66.5622316517527,0.000638327869377208,0,0.938243680686789,0.00744762414704761,-4365.06797329773,0.980178395092546,0.00422722339977599,-3755.21142606273,TRUE,0.00056004589439355,6.42912745387692e-06,0.00841863362111028,2022-09-23 13:50:00,2022-09-23 13:52:59
"2022-09-23_NA_UP_303_120",2022-09-23,"Sep",NA,"UP",303,120,2022-09-23 13:47:14.5,NA,NA,NA,NA,NA,-4865.00588620878,-1.34382419808557e-05,3.33602969632105e-06,66.8360450822939,0.000403027274195547,6.30855441871782e-05,0.0251875837085524,0.00507602708010953,-5037.8688715437,0.26379385959526,0.00441830586332167,-4864.96397025374,TRUE,-1.31559053641543e-05,3.55409351527008e-06,0.005230726125959,2022-09-23 13:45:30,2022-09-23 13:48:59
"2022-09-23_NA_UP_304_125",2022-09-23,"Sep",NA,"UP",304,125,2022-09-23 14:12:29.5,-4942.74905771941,0.00107566268736293,0,0.808851794300947,0.0154966529395363,-5848.3169179747,0.000394284427487368,3.60659858757625e-06,66.4254505675062,0.000623119279172924,0,0.930114194368552,0.00937016593737108,-6605.07691952329,0.969988709189081,0.00614722762737115,-5777.14714921027,TRUE,0.000368469204631187,2.11953087048731e-06,0.0055541783451316,2022-09-23 14:10:00,2022-09-23 14:14:59
"2022-09-23_NA_UP_305_122",2022-09-23,"Sep",NA,"UP",305,122,2022-09-23 13:56:59.5,-1935.09600910395,0.00241037323298527,1.72630850429184e-180,0.681369075460028,0.0629426646821447,-4825.31990459429,0.00160260794657459,4.54977169753949e-06,67.1701261284693,0.000628464407397341,0,0.994246354800089,0.00845809778459209,-4857.86838953377,0.99453113107528,0.00825763402544003,-4821.88819993969,TRUE,0.00159662904033002,2.6759101986668e-06,0.00510346112691955,2022-09-23 13:55:00,2022-09-23 13:58:59
"2022-09-23_NA_UP_306_123",2022-09-23,"Sep",NA,"UP",306,123,2022-09-23 14:02:59.5,NA,NA,NA,NA,NA,-5588.45482986854,6.92858526849033e-05,2.67813925654575e-06,66.5628104027385,0.000369933990688545,8.72001570017019e-105,0.482449068115109,0.00497870337645048,-5740.54435485529,0.58332067028938,0.00447348921232907,-5578.77044185714,TRUE,7.6028969230325e-05,2.40161873896669e-06,0.00418700093449273,2022-09-23 14:01:00,2022-09-23 14:04:59
"2022-09-23_NA_UP_307_124",2022-09-23,"Sep",NA,"UP",307,124,2022-09-23 14:07:29.5,-2322.73973801191,0.00102722802140496,1.45780096886305e-125,0.652445838160106,0.0280624262466296,-4422.21743253425,0.00091113197445341,3.32660852683362e-06,66.7593964730645,0.000344270500539725,0,0.992879351108293,0.00401674032411811,-4544.81016441149,0.994367418443824,0.00357912163201178,-4421.9829570288,TRUE,0.000911229049550939,3.4681235554715e-06,0.00405676924118344,2022-09-23 14:06:00,2022-09-23 14:08:59
"2022-09-23_NA_UP_308_119",2022-09-23,"Sep",NA,"UP",308,119,2022-09-23 13:40:59.5,NA,NA,NA,NA,NA,-4561.62705186749,0.000345309294561719,5.46408725906316e-06,66.0278296495416,0.000754759708732546,1.53336723249597e-295,0.847615126549672,0.0101578249224447,-4709.881770776,0.876660033817987,0.00915139744771535,-4552.72376111495,TRUE,0.000333614290621169,5.12298484981531e-06,0.0090875496849049,2022-09-23 13:39:00,2022-09-23 13:42:59
"2022-09-30_OWC_TR_120_102",2022-09-30,"Sep","OWC","TR",120,102,2022-09-30 15:03:14.5,NA,NA,NA,NA,NA,-5047.44221252336,0.000123019784275838,2.88634400488915e-06,65.8748742183078,0.000348700540035356,1.69980984445901e-187,0.743104808950426,0.00439179553691813,-5051.76735480009,0.746477221949481,0.00436983736211424,-5046.35469918608,TRUE,0.00012560272443218,2.70016529910165e-06,0.0038193365886381,2022-09-30 15:01:30,2022-09-30 15:04:59
"2022-09-30_OWC_TR_121_103",2022-09-30,"Sep","OWC","TR",121,103,2022-09-30 14:54:59.5,NA,NA,NA,NA,NA,-5237.42187170651,-7.4821173536281e-06,3.41745162261351e-06,66.2555077140686,0.000472055929746185,0.0288900525047857,0.00663177980821507,0.006353096796881,-5430.95586919981,0.244976679450292,0.00554646447074576,-5236.86348900672,TRUE,-4.98894469319745e-06,3.38594616407193e-06,0.00634532639711457,2022-09-30 14:53:00,2022-09-30 14:56:59
"2022-09-30_OWC_TR_122_104",2022-09-30,"Sep","OWC","TR",122,104,2022-09-30 14:42:29.5,NA,NA,NA,NA,NA,-3945.27825698479,0.00031137384154251,5.17357362080979e-06,65.7975153854851,0.00053541279824429,4.00438022165085e-241,0.870682031080772,0.00624687323887803,-4065.07899715344,0.897176531790762,0.00558069288353322,-3915.90799513768,TRUE,0.000287770543629519,3.5388665403636e-06,0.00394317256479967,2022-09-30 14:41:00,2022-09-30 14:43:59
"2022-09-30_OWC_TR_123_105",2022-09-30,"Sep","OWC","TR",123,105,2022-09-30 14:48:59.5,-2175.52554585114,0.00133185621343599,2.55019548822766e-167,0.653306013851452,0.0532639249348727,-5867.91189303633,0.00130254431006775,2.20572188574063e-06,66.1161110658078,0.000304678517947394,0,0.997945303526726,0.0041004719874842,-5873.6848932209,0.997973004750002,0.00407842131664334,-5867.69219922327,TRUE,0.00130316812419812,2.26899934715129e-06,0.00405925685383538,2022-09-30 14:47:00,2022-09-30 14:50:59
"2022-09-30_OWC_TR_124_106",2022-09-30,"Sep","OWC","TR",124,106,2022-09-30 14:38:09.5,NA,NA,NA,NA,NA,-4491.67048002049,0.000413136406588111,3.11941332504826e-06,65.9388022898778,0.000322827882554263,0,0.970240835412503,0.00376656080486845,-4506.71285590393,0.971271964895885,0.00370762941902288,-4491.38055281403,TRUE,0.000411529438703887,3.08119419162752e-06,0.0034250829952638,2022-09-30 14:36:40,2022-09-30 14:39:39
"2022-09-30_OWC_TR_126_107",2022-09-30,"Sep","OWC","TR",126,107,2022-09-30 14:33:29.5,-1759.96351574207,0.00170840047823107,1.40737980190142e-124,0.649506867420356,0.0472532120730335,-4162.95440466823,0.00153010057420638,4.22919506815423e-06,66.0356331269118,0.000437679123121666,0,0.995906673415013,0.00510657573074458,-4423.15523278661,0.997490465713707,0.00400587034424791,-4162.9163720415,TRUE,0.00153051354183177,4.40460605149256e-06,0.00542643512865483,2022-09-30 14:32:00,2022-09-30 14:34:59
"2022-09-30_OWC_TR_127_108",2022-09-30,"Sep","OWC","TR",127,108,2022-09-30 15:15:29.5,-3411.52365614618,0.000323135260437306,1.12583562368173e-108,0.598456113139411,0.0102399658002334,-4477.65020766436,0.000301642750419698,3.16017270934032e-06,66.0959203960814,0.000327046068589298,0,0.944242696517671,0.00381577605251527,-4475.41444984931,0.944424564794936,0.00381664859880345,-4477.37222637004,TRUE,0.00030258297264239,3.29976993150508e-06,0.00411713566601168,2022-09-30 15:14:00,2022-09-30 15:16:59
"2022-09-30_OWC_TR_128_109",2022-09-30,"Sep","OWC","TR",128,109,2022-09-30 15:08:59.5,-1484.42847449135,0.00150188589271465,1.51026565736756e-78,0.62643516118966,0.0306172238156043,-3006.09616035565,0.00143816959959966,5.62845480841205e-06,65.8398818471539,0.000387512743856316,0,0.994546612886011,0.00369926954140943,-3063.41195295512,0.995400648762022,0.00340680766310808,-3005.95023999187,TRUE,0.00143734851970417,5.98346601352952e-06,0.003801958285496,2022-09-30 15:08:00,2022-09-30 15:09:59
"2022-09-30_OWC_UP_102_95",2022-09-30,"Sep","OWC","UP",102,95,2022-09-30 16:17:29.5,NA,NA,NA,NA,NA,-4425.95567410907,0.000172370200414218,3.31511392580945e-06,65.8510288877325,0.000343080925025752,5.82243967293379e-212,0.834027801836364,0.00400286107530629,-4431.72524128298,0.837003536814116,0.00397420877618843,-4423.17751793661,TRUE,0.000176436369631377,2.91871918678798e-06,0.0034438610214928,2022-09-30 16:16:00,2022-09-30 16:18:59
"2022-09-30_OWC_UP_103_96",2022-09-30,"Sep","OWC","UP",103,96,2022-09-30 16:07:44.5,-2263.07305142297,0.0011422611426199,2.97693827378415e-104,0.650239087393757,0.0194890280203964,-2608.86590817616,0.000695051301115467,1.44487672200219e-05,65.8655797840289,0.00124504170020666,4.62196084137786e-179,0.837801443253029,0.0132717452254866,-2682.36682106458,0.863462815315956,0.0122039829659546,-2594.99472560038,TRUE,0.0007320065015032,7.16191242254276e-06,0.00530772008859879,2022-09-30 16:06:30,2022-09-30 16:08:59
"2022-09-30_OWC_UP_104_97",2022-09-30,"Sep","OWC","UP",104,97,2022-09-30 15:52:44.5,-3213.57812198792,0.000297678861605045,7.48061448920629e-87,0.581838909418549,0.00677835804602974,-3810.33764805813,0.000227740254972493,3.80243061415527e-06,65.8932911506208,0.000327653190384678,5.93896919166802e-216,0.888977324715403,0.00349267792747946,-3849.68221224216,0.899172291018566,0.00333590921290589,-3809.98449786493,TRUE,0.000229669250906026,4.05364458975238e-06,0.00327947125590774,2022-09-30 15:51:30,2022-09-30 15:53:59
"2022-09-30_OWC_UP_105_98",2022-09-30,"Sep","OWC","UP",105,98,2022-09-30 15:57:14.5,-3582.76170799941,0.00018377484960702,6.47549784254037e-53,0.407745954642623,0.00449754149062447,-3703.45106099674,9.96057618213356e-05,4.28192798551013e-06,65.8763528730064,0.000368971194432043,4.54107769434173e-79,0.547070215987835,0.00393311459948106,-3730.94979719392,0.577689882500216,0.00380634790905696,-3703.32663578498,TRUE,9.98962796595663e-05,4.37125036152087e-06,0.00355581779982153,2022-09-30 15:56:00,2022-09-30 15:58:29
"2022-09-30_OWC_UP_106_99",2022-09-30,"Sep","OWC","UP",106,99,2022-09-30 16:00:59.5,-4181.97041832239,8.78513154847198e-05,1.12622654342412e-73,0.458458802874284,0.00501744905483071,-4435.13153871742,0.000106495516206656,3.28706746371004e-06,65.867553492618,0.000340178398483345,1.59599049383598e-128,0.661134845616579,0.00396899614820266,-4440.57120665105,0.667007027210637,0.00394179013694811,-4435.05403864957,TRUE,0.000105681207048633,3.27142936694183e-06,0.00385725118129728,2022-09-30 15:59:30,2022-09-30 16:02:29
"2022-09-30_OWC_UP_107_100",2022-09-30,"Sep","OWC","UP",107,100,2022-09-30 16:12:59.5,-3397.34664008347,0.00041191293351782,9.53888003894043e-122,0.640918267106933,0.0103752705876037,-4514.90675472437,0.000324973712358519,3.05301576687376e-06,65.872321757079,0.000315956403568092,0,0.954668857760439,0.00368638853716962,-4545.53053597504,0.957484183930173,0.00357673511556611,-4514.57797929336,TRUE,0.000323487143233384,3.17959434176042e-06,0.00368156506906015,2022-09-30 16:11:30,2022-09-30 16:14:29
"2022-09-30_OWC_UP_108_101",2022-09-30,"Sep","OWC","UP",108,101,2022-09-30 15:43:14.5,-5409.89497918896,0.000281941103011851,4.26930109357194e-179,0.635171184929197,0.00855835322567523,-6645.73578869416,0.000174216426693565,1.79915925286677e-06,66.1013612044888,0.000279681991949304,0,0.920663456433365,0.00399100506129386,-6648.07927656809,0.921282351326927,0.0039803371190749,-6645.17197081119,TRUE,0.000175536265204401,1.76112102674967e-06,0.00376207903247211,2022-09-30 15:41:00,2022-09-30 15:45:29
