"Plot_clean","Date","Month","Site","Zone","Replicate","Row_ID","TIMESTAMP","HM81_AIC","HM81_flux.estimate","HM81_p.value","HM81_r.squared","HM81_RMSE","lin_AIC","lin_flux.estimate","lin_flux.std.error","lin_int.estimate","lin_int.std.error","lin_p.value","lin_r.squared","lin_RMSE","poly_AIC","poly_r.squared","poly_RMSE","rob_AIC","rob_converged","rob_flux.estimate","rob_flux.std.error","rob_RMSE","TIMESTAMP_min","TIMESTAMP_max","CH4_initial","CH4_lin_pass","CH4_HM81_pass","CH4_poly_pass","CH4_neg_flux","CH4_rejected_model"
"2022-10-14_CRC_TR_309_71",2022-10-14,"Oct","CRC","TR",309,71,2022-10-14 10:44:29.5,3515.89081452734,0.241205487065712,3.07274109396551e-128,0.660309411562198,6.25146389069518,804.285648749488,0.205812647419476,0.000420442626722247,5673.87619033951,0.0435115801520773,0,0.997759847102087,0.507666844208102,254.628089127287,0.999196475542485,0.304612880128831,807.276004737683,TRUE,0.205399497443226,0.00043060998210637,0.526349638036878,2022-10-14 10:43:00,2022-10-14 10:45:59,2092.0388,TRUE,FALSE,TRUE,FALSE,FALSE
"2022-10-14_CRC_TR_311_72",2022-10-14,"Oct","CRC","TR",311,72,2022-10-14 10:33:24.5,NA,NA,NA,NA,NA,1142.55897198637,0.23942095899131,0.000501666709107183,5598.86281534113,0.0548138319301346,0,0.997512443866219,0.656915746940153,849.859137958189,0.998521874499165,0.507276606189947,1145.06409638118,TRUE,0.240069816129544,0.000520304415835039,0.700584059770013,2022-10-14 10:31:50,2022-10-14 10:34:59,2065.2766,TRUE,FALSE,TRUE,FALSE,FALSE
"2022-10-14_CRC_TR_312_73",2022-10-14,"Oct","CRC","TR",312,73,2022-10-14 10:26:29.5,NA,NA,NA,NA,NA,566.595400869019,0.0493797573595231,0.000337384917385339,5697.07314716564,0.0349159432033807,0,0.975500171177606,0.407378142477397,529.934837466557,0.977277200787236,0.393057291374602,566.660234405018,TRUE,0.0492993390447544,0.000327981326115076,0.397306712921752,2022-10-14 10:25:00,2022-10-14 10:27:59,2080.2068,TRUE,FALSE,TRUE,FALSE,FALSE
"2022-10-14_CRC_TR_313_74",2022-10-14,"Oct","CRC","TR",313,74,2022-10-14 11:19:44.5,NA,NA,NA,NA,NA,1176.45143838855,0.0409120786186626,0.000224939192032847,5570.59483382249,0.0349671332290183,0,0.976157144367276,0.498973869298117,415.924278609394,0.990722204847994,0.311644320995285,1176.58824574715,TRUE,0.0409722994790275,0.000235531459437266,0.558638549267034,2022-10-14 11:17:30,2022-10-14 11:21:59,2054.5771,TRUE,FALSE,TRUE,FALSE,FALSE
"2022-10-14_CRC_TR_314_75",2022-10-14,"Oct","CRC","TR",314,75,2022-10-14 10:06:29.5,3027.70793951063,0.0469929700913384,2.7545260249648e-254,0.72544391742623,1.29809842988544,1587.7167847307,0.0277713692289126,0.000224504318596055,5627.38938732815,0.0387880618754401,0,0.944567538145298,0.583276089040776,773.715740730917,0.977662311318117,0.370676770228059,1588.41556814007,TRUE,0.0277616119785789,0.000234834040630099,0.639455077211135,2022-10-14 10:04:00,2022-10-14 10:08:59,2054.5725,TRUE,TRUE,TRUE,FALSE,FALSE
"2022-10-14_CRC_TR_315_76",2022-10-14,"Oct","CRC","TR",315,76,2022-10-14 10:13:19.5,1793.30364360166,0.051729060507378,6.72400871414635e-154,0.689243293783939,1.07481722130397,379.957520027563,0.0328450151674322,0.000234055056758721,5614.33144729595,0.0269249799986284,0,0.970528212839982,0.330999698036383,261.074722603024,0.975986197339161,0.299283167989987,380.632969487967,TRUE,0.0326666285132632,0.000237170239253403,0.308124891251404,2022-10-14 10:11:40,2022-10-14 10:14:59,2049.5105,TRUE,TRUE,TRUE,FALSE,FALSE
"2022-10-14_CRC_TR_316_77",2022-10-14,"Oct","CRC","TR",316,77,2022-10-14 11:30:59.5,NA,NA,NA,NA,NA,5516.67640282635,-0.0279979886548789,0.00598504379539885,5544.50777762185,0.826719943806548,3.46203881652249e-06,0.0295771002359319,11.1262913903847,4963.06380126589,0.552681884621147,7.56456337477868,5516.69224138492,TRUE,-0.0284731366073883,0.00620588687808696,14.0467910744627,2022-10-14 11:29:00,2022-10-14 11:32:59,2047.3163,FALSE,FALSE,FALSE,TRUE,TRUE
"2022-10-14_CRC_TR_327_78",2022-10-14,"Oct","CRC","TR",327,78,2022-10-14 11:00:59.5,1710.7190662369,0.0489922631734849,3.0521116247329e-169,0.657550510238523,0.79158736491152,1041.59453200306,0.0181316179752127,0.000267554475375085,5681.60943055323,0.0369575609483974,3.39147063920165e-314,0.864796028145594,0.497388015458343,930.077861710526,0.884837437062192,0.459686726359292,1044.61455712774,TRUE,0.0182693844545212,0.000244410991522634,0.426554995094727,2022-10-14 10:59:00,2022-10-14 11:02:59,2094.9138,TRUE,TRUE,TRUE,FALSE,FALSE
"2022-10-14_CRC_UP_301_63",2022-10-14,"Oct","CRC","UP",301,63,2022-10-14 13:14:29.5,NA,NA,NA,NA,NA,344.008379523395,0.0149264546073386,0.000274547797863999,5365.93381422111,0.0284129337823481,1.01212803523066e-220,0.84601364367009,0.331504955176623,221.846882711581,0.878096274040564,0.295505886183498,344.088864001885,TRUE,0.0148822600890208,0.000275747926425659,0.343442192935221,2022-10-14 13:13:00,2022-10-14 13:15:59,2001.274,TRUE,FALSE,TRUE,FALSE,FALSE
"2022-10-14_CRC_UP_302_64",2022-10-14,"Oct","CRC","UP",302,64,2022-10-14 13:20:29.5,NA,NA,NA,NA,NA,844.83974052089,-0.00740879974375838,0.000148589203445562,5366.05596044968,0.0256720550112844,6.1971466917641e-261,0.73464258272253,0.386043930029481,453.557038918588,0.828963897506692,0.310276705621599,844.84065888374,TRUE,-0.00740484301384399,0.000152155270537009,0.385409960398587,2022-10-14 13:18:00,2022-10-14 13:22:59,2001.0081,TRUE,FALSE,TRUE,TRUE,FALSE
"2022-10-14_CRC_UP_303_65",2022-10-14,"Oct","CRC","UP",303,65,2022-10-14 13:25:29.5,NA,NA,NA,NA,NA,654.221829866468,0.00588498700876062,0.000365899991591166,5360.35618895605,0.0378669663822672,8.19812858392203e-48,0.324699193870534,0.441808899052408,617.852509962013,0.373342442909614,0.42639264904785,657.404329901542,TRUE,0.0064803141585692,0.000339754154611067,0.43477828989675,2022-10-14 13:24:00,2022-10-14 13:26:59,1999.4622,TRUE,FALSE,TRUE,FALSE,FALSE
"2022-10-14_CRC_UP_305_67",2022-10-14,"Oct","CRC","UP",305,67,2022-10-14 13:00:59.5,1396.15795783435,0.0366237785296938,1.37768051427441e-117,0.62791663719331,0.878183289452517,198.939074989349,0.027089425152179,0.000240039127829426,5371.6359114547,0.0248416337601387,0,0.95946985908401,0.28983718292706,193.247935401909,0.960190747399374,0.287783438976289,199.156406192341,TRUE,0.0269786138114387,0.000245243297180986,0.274881069727441,2022-10-14 12:59:30,2022-10-14 13:02:29,2003.0214,TRUE,TRUE,TRUE,FALSE,FALSE
"2022-10-14_CRC_UP_306_68",2022-10-14,"Oct","CRC","UP",306,68,2022-10-14 12:55:44.5,258.314058696967,0.198621310207942,3.66183541999748e-137,0.750546555598875,0.32098451274311,568.385014921592,0.0105044482602819,0.00049318674768567,5383.60879873092,0.0424976094851246,4.80530826994669e-70,0.503134745524591,0.453010887655551,510.562609068641,0.566914249083166,0.4238848074987,575.79023958613,TRUE,0.0093652760012341,0.000336933477103901,0.31002291416761,2022-10-14 12:54:30,2022-10-14 12:56:59,2006.3925,TRUE,TRUE,TRUE,FALSE,FALSE
"2022-10-14_CRC_UP_307_69",2022-10-14,"Oct","CRC","UP",307,69,2022-10-14 12:31:14.5,NA,NA,NA,NA,NA,1148.78378275008,0.0211257845460636,0.00472229498301597,5394.10421757529,0.243331876827489,1.13740405585312e-05,0.0694875295627645,2.01585862324425,705.543473905429,0.822443318639939,0.883881532882715,1150.60227599128,TRUE,0.0271394439834941,0.00486723610836929,1.62190559728477,2022-10-14 12:30:30,2022-10-14 12:31:59,2011.1548,TRUE,FALSE,TRUE,FALSE,FALSE
"2022-10-14_CRC_UP_308_70",2022-10-14,"Oct","CRC","UP",308,70,2022-10-14 13:06:59.5,NA,NA,NA,NA,NA,473.046328475392,0.00234559204234065,0.000180277629821035,5369.34150736358,0.0249019250468645,6.67947678143766e-35,0.190790877619605,0.335138974605125,356.123079789924,0.315897047221332,0.308575182838862,473.274170385466,TRUE,0.00243072069145566,0.000185094274192597,0.350720923170239,2022-10-14 13:05:00,2022-10-14 13:08:59,2002.4346,TRUE,FALSE,TRUE,FALSE,FALSE
"2022-10-21_OWC_TR_120_55",2022-10-21,"Oct","OWC","TR",120,55,2022-10-21 12:32:59.5,2347.29092745823,0.0357125497043924,1.46540149006139e-288,0.705666124822311,0.715995953233741,787.099027354299,0.0122392818436108,0.000101810548702491,5519.57427196366,0.0211168347980131,0,0.930585719090968,0.347708140155528,534.148314863703,0.945282953517857,0.308997532786783,787.153780336422,TRUE,0.0122399101299035,0.00010551772291496,0.346463980286013,2022-10-21 12:30:00,2022-10-21 12:35:59,2066.165,TRUE,TRUE,TRUE,FALSE,FALSE
"2022-10-21_OWC_TR_121_56",2022-10-21,"Oct","OWC","TR",121,56,2022-10-21 13:48:59.5,NA,NA,NA,NA,NA,1471.7671946795,-0.0365984010590339,0.000360702748437346,5544.80001829712,0.0498242228650422,0,0.934804177624471,0.670552133221123,839.451030948871,0.973059709793305,0.431647778735601,1478.92312579776,TRUE,-0.0372816253480439,0.000371404628257739,0.644109099541073,2022-10-21 13:47:00,2022-10-21 13:50:59,2071.8306,TRUE,FALSE,TRUE,TRUE,FALSE
"2022-10-21_OWC_TR_122_57",2022-10-21,"Oct","OWC","TR",122,57,2022-10-21 13:12:29.5,NA,NA,NA,NA,NA,1597.73014422238,0.019697913411808,3.12281508692132e-05,5513.2391432818,0.0140495505132777,0,0.994158127638948,0.340140088454459,1236.65312019722,0.995002011492492,0.31474964515682,1598.06095284495,TRUE,0.0197059262872616,3.26457428826552e-05,0.342051245531636,2022-10-21 13:06:00,2022-10-21 13:18:59,2064.1135,TRUE,FALSE,TRUE,FALSE,FALSE
"2022-10-21_OWC_TR_123_58",2022-10-21,"Oct","OWC","TR",123,58,2022-10-21 13:00:29.5,4798.94371081488,0.0802744672447664,3.41517853012809e-222,0.676350664744679,3.47265808800906,372.464041316993,0.0703232453173322,0.000114291766089952,5531.85531610941,0.0197464178982091,0,0.997633647151876,0.296937068967731,309.465855635485,0.997803407142682,0.286406989867224,373.680203996076,TRUE,0.0703359444798943,0.000119962924194949,0.284632996931436,2022-10-21 12:58:00,2022-10-21 13:02:59,2070.6443,TRUE,TRUE,TRUE,FALSE,FALSE
"2022-10-21_OWC_TR_124_59",2022-10-21,"Oct","OWC","TR",124,59,2022-10-21 13:26:59.5,NA,NA,NA,NA,NA,8288.0379186594,-0.00511128039063397,0.000816841241722338,5532.20399146048,0.226015951796418,5.15483382528809e-10,0.0265068494857305,4.2950534694289,6592.8353500825,0.700866786247682,2.3825206099261,8964.43883746536,TRUE,0.0149065497577428,9.73735024228626e-05,0.460160354679455,2022-10-21 13:23:00,2022-10-21 13:30:59,2070.123,TRUE,FALSE,TRUE,TRUE,FALSE
"2022-10-21_OWC_TR_126_60",2022-10-21,"Oct","OWC","TR",126,60,2022-10-21 12:10:59.5,2414.19280144787,0.0264977277284625,5.90521540598003e-138,0.581522668996327,1.29021439261845,544.179655405805,0.0282962799764008,0.000189406631668456,5533.89543343911,0.0261629229864471,0,0.968832301918773,0.35210993390468,491.254656627463,0.971201602527118,0.338934505960985,544.414467143382,TRUE,0.0283761611744769,0.000188865492187662,0.338495915649277,2022-10-21 12:09:00,2022-10-21 12:12:59,2062.6462,TRUE,TRUE,TRUE,FALSE,FALSE
"2022-10-21_OWC_TR_127_61",2022-10-21,"Oct","OWC","TR",127,61,2022-10-21 13:38:59.5,1855.75079157178,0.0382122224094424,1.81842455984474e-152,0.618682170194745,0.8754663607374,453.961551987878,0.019871219516149,0.000177904116448917,5518.37448408742,0.0245740693270568,0,0.945581524089011,0.330726575581837,423.361591098872,0.948134790631018,0.323325297293016,454.385089035523,TRUE,0.0199566978128478,0.000189835065148379,0.336418605811278,2022-10-21 13:37:00,2022-10-21 13:40:59,2071.6426,TRUE,TRUE,TRUE,FALSE,FALSE
"2022-10-21_OWC_TR_128_62",2022-10-21,"Oct","OWC","TR",128,62,2022-10-21 12:19:59.5,6283.06186635488,0.0875502774664995,1.89374652024057e-277,0.69136384577398,4.42838700915839,1302.28725694257,0.0765143157929459,0.000129234268188037,5529.91887973589,0.0268048716596509,0,0.996934119675313,0.441366907542497,600.990125484711,0.998404348930255,0.318709036429573,1303.15134445905,TRUE,0.0766197408443961,0.000137035784984986,0.434035763332705,2022-10-21 12:17:00,2022-10-21 12:22:59,2060.47,TRUE,TRUE,TRUE,FALSE,FALSE
"2022-10-21_OWC_UP_102_48",2022-10-21,"Oct","OWC","UP",102,48,2022-10-21 14:04:59.5,NA,NA,NA,NA,NA,412.898326541093,0.00872151062375335,0.00017290263018334,5505.93147847921,0.0238832091452807,3.29454121225158e-238,0.779914587117757,0.321428733247151,385.991828402718,0.789162009815408,0.315042548621579,412.973577661147,TRUE,0.00876781038541552,0.00017361960321047,0.334518709957967,2022-10-21 14:03:00,2022-10-21 14:06:59,2067.3843,TRUE,FALSE,TRUE,FALSE,FALSE
"2022-10-21_OWC_UP_103_49",2022-10-21,"Oct","OWC","UP",103,49,2022-10-21 14:24:14.5,NA,NA,NA,NA,NA,348.578600684695,0.0290420068701018,0.000209044438135194,5504.60225332076,0.0252547542308386,0,0.968487866020729,0.3180772731402,311.153720357356,0.97049325447554,0.308281201734172,348.753464852825,TRUE,0.0290898734556348,0.000221936402849596,0.318583245976833,2022-10-21 14:22:30,2022-10-21 14:25:59,2066.6394,TRUE,FALSE,TRUE,FALSE,FALSE
"2022-10-21_OWC_UP_104_50",2022-10-21,"Oct","OWC","UP",104,50,2022-10-21 14:46:29.5,NA,NA,NA,NA,NA,270.846649001145,0.018843754333003,0.000256565252950262,5491.52591934817,0.0265519213763217,1.37824409579775e-282,0.909310825756091,0.309791786132947,227.130804364743,0.916980516857675,0.29695519715683,271.587024167289,TRUE,0.0186592675049373,0.000258793227025046,0.320336308324317,2022-10-21 14:45:00,2022-10-21 14:47:59,2062.2349,TRUE,FALSE,TRUE,FALSE,FALSE
"2022-10-21_OWC_UP_105_51",2022-10-21,"Oct","OWC","UP",105,51,2022-10-21 14:39:14.5,440.179424332806,0.0175544962707131,1.54485431527509e-59,0.344249930143021,0.342062482226636,271.707573660241,0.00491007802864372,0.00019667214433872,5493.30545561567,0.0237600517556662,4.38742078171158e-96,0.498118473279284,0.299251871668733,265.567048929297,0.506132126783516,0.297326975588658,272.271472056471,TRUE,0.00488141758155017,0.000204860333117825,0.312363992358158,2022-10-21 14:37:30,2022-10-21 14:40:59,2062.8049,TRUE,TRUE,TRUE,FALSE,FALSE
"2022-10-21_OWC_UP_106_52",2022-10-21,"Oct","OWC","UP",106,52,2022-10-21 14:52:29.096345,1429.01708123051,0.0831071704285647,9.19670595387632e-236,0.696889927206789,0.532649695755039,1148.90169743939,0.00982547639185881,0.000174991366368937,5495.05864954578,0.0301846672062102,1.77136940506627e-296,0.777730475807747,0.456122460885539,1144.68200067285,0.779744537869489,0.454555997336284,1155.83443488864,TRUE,0.00945745182973215,0.000125695537434606,0.322406584336362,2022-10-21 14:50:00,2022-10-21 14:54:59,2061.9192,TRUE,TRUE,TRUE,FALSE,FALSE
"2022-10-21_OWC_UP_107_53",2022-10-21,"Oct","OWC","UP",107,53,2022-10-21 14:14:29.5,2792.99394462461,0.0266612661784021,1.44368433827705e-214,0.663449703842259,1.139402250862,511.626040842321,0.0223495468008322,0.00012347846303206,5500.82079151695,0.0213336219736129,0,0.973320529353572,0.320804675155017,383.948342838531,0.976951842607153,0.298506885720478,511.824310631813,TRUE,0.0223352848334912,0.000125113075534728,0.306664175385587,2022-10-21 14:12:00,2022-10-21 14:16:59,2065.1362,TRUE,TRUE,TRUE,FALSE,FALSE
"2022-10-21_OWC_UP_108_54",2022-10-21,"Oct","OWC","UP",108,54,2022-10-21 14:31:59.5,NA,NA,NA,NA,NA,312.224400409434,0.0150945453033558,0.000161227458883737,5493.95727986819,0.0222705063329537,0,0.92428719624794,0.299724404531643,275.497437523124,0.928451033748373,0.291772820888284,312.644943521835,TRUE,0.0151387861162124,0.000168470031653124,0.2839539213435,2022-10-21 14:30:00,2022-10-21 14:33:59,2063.2051,TRUE,FALSE,TRUE,FALSE,FALSE
"2022-10-07_PTR_TR_1_87",2022-10-07,"Oct","PTR","TR",1,87,2022-10-07 12:57:59.5,NA,NA,NA,NA,NA,1128.64782547695,0.0312968396267658,0.000284228038345489,5505.18835472997,0.0392606964831022,0,0.944092282957433,0.528384433607742,334.743740786359,0.981541918359815,0.304027681540394,1128.65715385315,TRUE,0.031301508995493,0.000301485122922046,0.580988030944885,2022-10-07 12:56:00,2022-10-07 12:59:59,2004.7819,TRUE,FALSE,TRUE,FALSE,FALSE
"2022-10-07_PTR_TR_2_88",2022-10-07,"Oct","PTR","TR",2,88,2022-10-07 11:45:59.5,3046.02902400003,-0.103298158870519,5.06893675227363e-189,0.698327198961144,2.00087293921632,1079.51893969364,-0.0519901568146092,0.000274694504130242,5571.9402660342,0.0379438200925291,0,0.9803499676666,0.510661442217004,1026.01547653122,0.981858301689374,0.491355830708373,1085.93290409198,TRUE,-0.051360915800809,0.000232315072888886,0.432834433246861,2022-10-07 11:44:00,2022-10-07 11:47:59,2028.719,TRUE,TRUE,TRUE,TRUE,FALSE
"2022-10-07_PTR_TR_3_89",2022-10-07,"Oct","PTR","TR",3,89,2022-10-07 11:39:59.5,1023.42947158684,0.0213711744821141,2.70870491126715e-158,0.632658874200036,0.491153060510099,395.766639598413,0.0107458737391592,0.000170857794586472,5494.99472890359,0.0236007540075194,2.83891105324726e-294,0.846371556728984,0.317627351423732,382.825440926956,0.8499441529432,0.314350568871033,396.042426136419,TRUE,0.0107937286075285,0.0001761227803734,0.359728373556249,2022-10-07 11:38:00,2022-10-07 11:41:59,1999.4482,TRUE,TRUE,TRUE,FALSE,FALSE
"2022-10-07_PTR_TR_4_90",2022-10-07,"Oct","PTR","TR",4,90,2022-10-07 11:32:59.5,NA,NA,NA,NA,NA,794.482843884266,0.0144022359867871,0.000225364220880316,5489.95745112554,0.0311297798965839,1.68126079509613e-298,0.850480189864713,0.418955662848966,796.037099466021,0.850987227153894,0.418828431687689,794.648498106298,TRUE,0.0144004127197453,0.000214404922706011,0.394874005490978,2022-10-07 11:31:00,2022-10-07 11:34:59,1997.7048,TRUE,FALSE,TRUE,FALSE,FALSE
"2022-10-07_PTR_TR_5_91",2022-10-07,"Oct","PTR","TR",5,91,2022-10-07 11:25:59.5,NA,NA,NA,NA,NA,547.087252826429,-0.00123125886160732,0.000189789461254254,5494.74868211308,0.0262158036109635,1.62538411444054e-10,0.0553720858097536,0.352821620179679,408.119691917999,0.225494275118902,0.319921059589597,547.099355951794,TRUE,-0.00123914000006594,0.000187858000196002,0.360756579497171,2022-10-07 11:24:00,2022-10-07 11:27:59,1999.4796,TRUE,FALSE,TRUE,TRUE,FALSE
"2022-10-07_PTR_TR_6_92",2022-10-07,"Oct","PTR","TR",6,92,2022-10-07 12:12:29.5,1586.28038981096,-0.0165029681237831,1.07824472530544e-109,0.424023072032244,0.582810822033511,853.516048405556,-0.00764444016152522,0.000149307157763139,5518.68828822358,0.0257960974202146,1.40187098183166e-268,0.744841479069307,0.387909219700008,728.034313900703,0.779032328319643,0.361387891481785,866.901719454707,TRUE,-0.00810723435415263,0.000134341154479097,0.330298128573027,2022-10-07 12:10:00,2022-10-07 12:14:59,2008.5398,TRUE,TRUE,TRUE,TRUE,FALSE
"2022-10-07_PTR_TR_7_93",2022-10-07,"Oct","PTR","TR",7,93,2022-10-07 12:05:17,NA,NA,NA,NA,NA,304.425890983182,-0.0135070715084882,0.000210496173743068,5511.28975049987,0.0248224885167768,3.43232932701914e-274,0.870415487789211,0.308915595946664,227.687680188423,0.886358173600069,0.289762393361288,305.236501800428,TRUE,-0.0136597887828263,0.00020831888233641,0.29550042301835,2022-10-07 12:03:35,2022-10-07 12:06:59,2005.9207,TRUE,FALSE,TRUE,TRUE,FALSE
"2022-10-07_PTR_TR_8_94",2022-10-07,"Oct","PTR","TR",8,94,2022-10-07 11:57:44.5,1534.8755536677,0.0237053008706752,1.0388366773545e-195,0.66811095716638,0.62253707333289,460.378493308272,0.0132232988539167,0.000144576643470405,5501.6279137075,0.0224746550760959,0,0.911918623156132,0.320708750443222,411.689856572951,0.917465744581044,0.310830796040958,460.753209673886,TRUE,0.0131376291580615,0.000142880051238179,0.313072080885041,2022-10-07 11:55:30,2022-10-07 11:59:59,2001.947,TRUE,TRUE,TRUE,FALSE,FALSE
"2022-10-07_PTR_UP_1_79",2022-10-07,"Oct","PTR","UP",1,79,2022-10-07 12:44:29.5,174.229993560925,0.0431711499400975,2.61135938408455e-25,0.455933443351207,0.388273090580724,86.9351360494513,0.0246489753715273,0.00131126518845029,5487.142690587,0.0448553647950357,3.90222728472015e-44,0.66501017590238,0.304668170398433,86.2799398291229,0.67356268015585,0.302457839877249,86.9519185335889,TRUE,0.0246003458542462,0.00137110478903568,0.329982712059833,2022-10-07 12:44:00,2022-10-07 12:44:59,1997.7837,TRUE,TRUE,TRUE,FALSE,FALSE
"2022-10-07_PTR_UP_2_80",2022-10-07,"Oct","PTR","UP",2,80,2022-10-07 13:05:59.5,1655.52755033339,0.0260533063413223,1.22798690396585e-298,0.718063078531249,0.519784182771425,975.487367806221,0.00867542729029255,0.000111088873694155,5526.87341754887,0.0230412803348287,0,0.849792671836941,0.379395908935142,478.105221178152,0.905578028109252,0.301083433982848,976.219159604689,TRUE,0.00866897728834027,0.00011569730822703,0.38843601640559,2022-10-07 13:03:00,2022-10-07 13:08:59,2012.0977,TRUE,TRUE,TRUE,FALSE,FALSE
"2022-10-07_PTR_UP_3_81",2022-10-07,"Oct","PTR","UP",3,81,2022-10-07 13:16:59.5,8594.11587744457,0.0398063850249744,0,0.742197384324304,2.63058189601986,2949.57140568404,0.0297276051450496,7.46298603278705e-05,5519.97810997868,0.0258202240455126,0,0.988795267914211,0.548414470447028,1357.65279777571,0.995383140334506,0.352227436254115,2953.53963581639,TRUE,0.0297037022439045,7.55173374811945e-05,0.534720091754263,2022-10-07 13:12:00,2022-10-07 13:21:59,2009.5083,TRUE,TRUE,TRUE,FALSE,FALSE
"2022-10-07_PTR_UP_4_82",2022-10-07,"Oct","PTR","UP",4,82,2022-10-07 12:52:44.5,3464.2072067798,0.157512573470171,6.39934189547285e-122,0.584634115915814,3.7706982161084,2461.72535982558,0.0921929960643952,0.00111839226409139,5487.07448463538,0.135113481206481,0,0.915401312416751,1.70172028893311,2463.64092289576,0.915680755634418,1.7016191802446,2463.75583856579,TRUE,0.093103708844152,0.00102724927595191,1.36632026327557,2022-10-07 12:51:00,2022-10-07 12:54:29,1998.0981,TRUE,TRUE,TRUE,FALSE,FALSE
"2022-10-07_PTR_UP_5_83",2022-10-07,"Oct","PTR","UP",5,83,2022-10-07 12:28:29.5,4607.92768648767,0.166959159366543,3.27754458302034e-292,0.773953431034399,3.12301945166168,3153.01707358906,0.0740442847656617,0.000535663526610676,5532.50111033813,0.0925476629782589,0,0.95511185683841,1.39168693411831,1678.62452122573,0.991315713039259,0.612811597612608,3156.90742738141,TRUE,0.0731343949641438,0.000511249023386741,1.7247722105381,2022-10-07 12:26:00,2022-10-07 12:30:59,2011.6456,TRUE,TRUE,TRUE,FALSE,FALSE
"2022-10-07_PTR_UP_6_84",2022-10-07,"Oct","PTR","UP",6,84,2022-10-07 12:22:29.5,NA,NA,NA,NA,NA,163.319232001359,0.0151799474029125,0.000232251446662416,5518.1572606612,0.0240356871415981,4.43830842689108e-258,0.888147957470198,0.280433884425726,126.535994547834,0.896284410637956,0.270544862192786,163.465196751379,TRUE,0.0152047518763046,0.000224927452123561,0.243414569260774,2022-10-07 12:21:00,2022-10-07 12:23:59,2008.2036,TRUE,FALSE,TRUE,FALSE,FALSE
"2022-10-07_PTR_UP_7_85",2022-10-07,"Oct","PTR","UP",7,85,2022-10-07 12:34:14.5,3305.81580511616,0.142895067823243,5.27116980705594e-161,0.688060161184188,3.32527615862967,1084.50774840428,0.0976058134086181,0.000374884359662008,5518.04991928898,0.0452899510396271,0,0.990820942407409,0.570415534265898,359.310342163321,0.997115163170233,0.320291622212546,1086.44181019116,TRUE,0.0977236246364927,0.000379357405107768,0.59059169744544,2022-10-07 12:32:30,2022-10-07 12:35:59,2008.6582,TRUE,TRUE,TRUE,FALSE,FALSE
"2022-10-07_PTR_UP_8_86",2022-10-07,"Oct","PTR","UP",8,86,2022-10-07 12:39:59.5,2014.29139109752,0.0484859549671024,5.80688038315841e-203,0.724116828983019,0.977359323213498,589.084641263791,0.0263046835591228,0.000195406149838174,5500.05696074658,0.0269916422897125,0,0.961888210747339,0.363263133386613,251.448769172655,0.976286858297428,0.286940542317643,591.366612331277,TRUE,0.0260210941300792,0.000199692186062571,0.374704959805435,2022-10-07 12:38:00,2022-10-07 12:41:59,2002.248,TRUE,TRUE,TRUE,FALSE,FALSE
"2022-11-04_OWC_TR_120_40",2022-11-04,"Nov","OWC","TR",120,40,2022-11-04 12:52:59.5,NA,NA,NA,NA,NA,2208.48591044168,0.0226813652872765,0.000196598426376203,5466.8441807787,0.0407770760912719,0,0.925076493450159,0.671432126277308,2088.34811386209,0.933211876276744,0.634520906601274,2235.67022117218,TRUE,0.0218016653516289,0.000110332397292529,0.361014412769467,2022-11-04 12:50:00,2022-11-04 12:55:59,2083.5344,TRUE,FALSE,TRUE,FALSE,FALSE
"2022-11-04_OWC_TR_121_41",2022-11-04,"Nov","OWC","TR",121,41,2022-11-04 13:19:59.5,NA,NA,NA,NA,NA,443.22451099745,0.0302756228631383,0.000176582546934493,5451.51020956047,0.0243915196395272,0,0.976157396672722,0.328269756882961,361.045192034289,0.978847025420812,0.309631738705328,443.425809597982,TRUE,0.0303016606200927,0.000180757784176308,0.311867500824247,2022-11-04 13:18:00,2022-11-04 13:21:59,2077.1284,TRUE,FALSE,TRUE,FALSE,FALSE
"2022-11-04_OWC_TR_122_42",2022-11-04,"Nov","OWC","TR",122,42,2022-11-04 12:19:14.5,1238.14015439123,0.12962018258487,3.20578361022302e-247,0.834182523941473,0.644384490996161,1516.8207216884,0.0224489831938363,0.000528331083107209,5539.0892484582,0.0638279199169897,7.143110224569e-187,0.741928223834777,0.803896586434253,311.182295842555,0.96216718850724,0.308288193309418,1557.20022709502,TRUE,0.0195850067554595,0.00043898194947531,0.641264943406917,2022-11-04 12:17:30,2022-11-04 12:20:59,2103.3584,TRUE,TRUE,TRUE,FALSE,FALSE
"2022-11-04_OWC_TR_123_43",2022-11-04,"Nov","OWC","TR",123,43,2022-11-04 12:23:59.494444,NA,NA,NA,NA,NA,6480.69494586435,0.179064558753851,0.0805859857681055,5546.52747306639,8.33979301360666,0.0266963696578549,0.00909390581417607,97.3200147357709,5753.49188626384,0.744163125805485,49.5423073700557,6480.69494586435,TRUE,0.179064558753851,0.0805859857681055,149.330003578835,2022-11-04 12:22:30,2022-11-04 12:25:29,2047.8958,FALSE,FALSE,FALSE,FALSE,TRUE
"2022-11-04_OWC_TR_124_44",2022-11-04,"Nov","OWC","TR",124,44,2022-11-04 12:09:29.5,NA,NA,NA,NA,NA,7771.73453737982,0.00310693483273914,0.00122632226844851,5539.94176701184,0.296836280663863,0.0114123279770534,0.00507649670247568,5.27773188173544,7598.03854949099,0.135944250783612,4.92230886427167,7850.65634586989,TRUE,0.0125926389270918,0.0001570240572127,0.70184625303792,2022-11-04 12:06:00,2022-11-04 12:12:59,2107.0747,FALSE,FALSE,TRUE,FALSE,FALSE
"2022-11-04_OWC_TR_126_45",2022-11-04,"Nov","OWC","TR",126,45,2022-11-04 13:34:59.5,NA,NA,NA,NA,NA,1010.58150198151,0.0372763704089686,6.52711523930779e-05,5449.31731875202,0.0180602066588421,0,0.995610413211924,0.343203887389915,1005.21229606486,0.995638880877328,0.342327332631936,1010.87531232198,TRUE,0.0372459051848772,6.93943951661099e-05,0.351426749325676,2022-11-04 13:31:00,2022-11-04 13:38:59,2079.2566,TRUE,FALSE,TRUE,FALSE,FALSE
"2022-11-04_OWC_TR_127_46",2022-11-04,"Nov","OWC","TR",127,46,2022-11-04 13:51:29.5,NA,NA,NA,NA,NA,1048.58881368762,0.0160390884694746,8.51028031005265e-05,5435.0734724645,0.0205994787800675,0,0.965794668100373,0.366257539885456,1032.44089113993,0.96633727572094,0.363630079068712,1049.96467476745,TRUE,0.0161215124259083,8.44870773766251e-05,0.353818583182213,2022-11-04 13:48:00,2022-11-04 13:54:59,2073.9773,TRUE,FALSE,TRUE,FALSE,FALSE
"2022-11-04_OWC_TR_128_47",2022-11-04,"Nov","OWC","TR",128,47,2022-11-04 12:40:29.5,8699.81157084077,0.0511937657983985,0,0.731595973701558,3.54293084982303,2550.27519673724,0.0437103725166536,8.46271382624572e-05,5482.80744269452,0.0263474831133092,0,0.993971589974386,0.530969474903029,808.451683749996,0.997948000951841,0.309974037884152,2560.06617043112,TRUE,0.0434922176772957,8.08323359729186e-05,0.534982048949719,2022-11-04 12:36:00,2022-11-04 12:44:59,2088.8379,TRUE,TRUE,TRUE,FALSE,FALSE
"2022-11-04_OWC_UP_102_33",2022-11-04,"Nov","OWC","UP",102,33,2022-11-04 15:27:29.5,2806.69105121316,0.023913741690669,1.89132924676321e-196,0.630702894721749,1.14810560857974,662.661682119535,0.0214164896155137,0.000134286481844364,5422.8551074979,0.0232009450837614,0,0.965898320718191,0.348884575722376,659.410279392064,0.966171977916528,0.347869500020493,663.95524351327,TRUE,0.0214278721199249,0.000132241995919202,0.332184254363909,2022-11-04 15:25:00,2022-11-04 15:29:59,2067.8762,TRUE,TRUE,TRUE,FALSE,FALSE
"2022-11-04_OWC_UP_103_34",2022-11-04,"Nov","OWC","UP",103,34,2022-11-04 14:30:29.5,2432.24290910119,0.103261277189993,5.88521256282487e-115,0.619452744560868,2.29203018531581,1554.16232665329,0.0686499662069334,0.000841880673957646,5426.52439275746,0.0871261763084562,5.20604980189303e-305,0.925146324845845,1.01653561695164,1275.10895828551,0.955683267899262,0.783625649644817,1554.40899688049,TRUE,0.0688115446310923,0.000889431677995721,1.17258865961496,2022-11-04 14:29:00,2022-11-04 14:31:59,2070.833,TRUE,TRUE,TRUE,FALSE,FALSE
"2022-11-04_OWC_UP_104_35",2022-11-04,"Nov","OWC","UP",104,35,2022-11-04 14:52:29.5,NA,NA,NA,NA,NA,400.257425345142,0.0201951674016646,0.000116070213803657,5420.0394061433,0.0200536838804086,0,0.971191035037959,0.301557585996092,391.896220267853,0.971584011849766,0.299827853343116,400.550277069122,TRUE,0.0202024413454442,0.000119052929609939,0.31667294515467,2022-11-04 14:50:00,2022-11-04 14:54:59,2066.781,TRUE,FALSE,TRUE,FALSE,FALSE
"2022-11-04_OWC_UP_105_36",2022-11-04,"Nov","OWC","UP",105,36,2022-11-04 15:02:29.5,NA,NA,NA,NA,NA,622.338927557904,0.00617839386334293,0.000131311703347528,5422.58107438754,0.0226869866302111,1.43172674565173e-244,0.71142384475059,0.341155917413049,413.719084124993,0.772143794969371,0.303485034942402,622.697148094422,TRUE,0.00622009094967107,0.000130397474395004,0.305086368762029,2022-11-04 15:00:00,2022-11-04 15:04:59,2067.5767,TRUE,FALSE,TRUE,FALSE,FALSE
"2022-11-04_OWC_UP_106_37",2022-11-04,"Nov","OWC","UP",106,37,2022-11-04 15:12:29.5,2192.35781043158,0.0145611229682776,1.2177463339897e-204,0.64588515179005,0.816128910716546,532.28770693635,0.0153696734731011,0.000124904001699017,5421.35313880165,0.0215799151512478,0,0.94401415150954,0.324508312678068,463.846089992703,0.948343901210123,0.312055369251735,532.456635810361,TRUE,0.0154192799782569,0.000126225942247378,0.320611623831588,2022-11-04 15:10:00,2022-11-04 15:14:59,2067.4165,TRUE,TRUE,TRUE,FALSE,FALSE
"2022-11-04_OWC_UP_107_38",2022-11-04,"Nov","OWC","UP",107,38,2022-11-04 14:20:59.5,NA,NA,NA,NA,NA,5496.94957347887,-0.0229942605726532,0.000309920824422257,5492.63519559876,0.0857535669546146,0,0.792877378757892,1.62960247866079,3020.33924412687,0.963009359211596,0.689153649132273,5498.03193407616,TRUE,-0.0232431606636826,0.000321145108841601,1.83514122814209,2022-11-04 14:17:00,2022-11-04 14:24:59,2094.3611,TRUE,FALSE,TRUE,TRUE,FALSE
"2022-11-04_OWC_UP_108_39",2022-11-04,"Nov","OWC","UP",108,39,2022-11-04 14:40:24.5,NA,NA,NA,NA,NA,705.309448377821,0.011798068818125,0.000341854004817535,5424.84205566479,0.0373521456069118,1.52330205142134e-141,0.677103726165829,0.447646365290732,411.070381492968,0.808649905663421,0.34521037410543,708.903176127323,TRUE,0.0124109038960035,0.000316795077750546,0.410921203564105,2022-11-04 14:38:50,2022-11-04 14:41:59,2069.4233,TRUE,FALSE,TRUE,FALSE,FALSE
"2022-11-08_PTR_TR_1_25",2022-11-08,"Nov","PTR","TR",1,25,2022-11-08 12:27:29.5,710.396293034192,0.0170809217372057,5.45935577732893e-85,0.508353468325506,0.465397009560506,332.433672190972,0.0110848731227434,0.000271621092055926,5523.61809949246,0.0281100491882185,7.62009675189267e-167,0.755838657286011,0.327971080619009,320.654519055549,0.762869981150895,0.32381660067277,333.313176480599,TRUE,0.010842404641917,0.00027379579279811,0.29498564333876,2022-11-08 12:26:00,2022-11-08 12:28:59,2023.6162,TRUE,TRUE,TRUE,FALSE,FALSE
"2022-11-08_PTR_TR_2_26",2022-11-08,"Nov","PTR","TR",2,26,2022-11-08 12:35:59.5,1455.80139734915,0.017796097544785,2.20611929431098e-155,0.625741909184452,0.663158544248715,425.36282920719,0.0149094161606691,0.000174405754927483,5510.72285513606,0.0240908372339786,0,0.910540951327577,0.324223065999115,373.52879471044,0.917216092080665,0.312327657230724,425.537916292396,TRUE,0.0148722834902723,0.000176330092077859,0.327980493105614,2022-11-08 12:34:00,2022-11-08 12:37:59,2023.006,TRUE,TRUE,TRUE,FALSE,FALSE
"2022-11-08_PTR_TR_3_27",2022-11-08,"Nov","PTR","TR",3,27,2022-11-08 12:43:59.5,2424.35280827677,0.0178364872248636,7.18902194754749e-271,0.682569803588076,0.742001534861505,482.587382804214,0.0123236502903118,8.84233528583876e-05,5514.09765526488,0.0183401558914426,0,0.947420464199077,0.301987563769546,446.661851279638,0.94932873898051,0.296732274603568,482.642987208208,TRUE,0.0123039193794289,9.19719779085613e-05,0.293740033388283,2022-11-08 12:41:00,2022-11-08 12:46:59,2024.0886,TRUE,TRUE,TRUE,FALSE,FALSE
"2022-11-08_PTR_TR_4_28",2022-11-08,"Nov","PTR","TR",4,28,2022-11-08 12:53:24.5,559.432376353103,0.0231313420236042,1.81287480118442e-138,0.668957814580127,0.393877998800279,345.893445749516,0.0109501299322301,0.000249412103897238,5512.20163193504,0.0272516252248334,1.04859971428338e-184,0.772393988869881,0.326596793355413,261.25630350738,0.805172928065079,0.302698770222313,351.122229296489,TRUE,0.0104086209678273,0.000246850186352736,0.320932752982744,2022-11-08 12:51:50,2022-11-08 12:54:59,2023.2926,TRUE,TRUE,TRUE,FALSE,FALSE
"2022-11-08_PTR_TR_5_29",2022-11-08,"Nov","PTR","TR",5,29,2022-11-08 13:01:29.5,NA,NA,NA,NA,NA,235.34666369188,0.0115811441227871,0.000248268959584174,5509.17010404945,0.0256933385143082,3.33950730983952e-191,0.801768311895135,0.299774359725399,169.748488078147,0.825739557142581,0.281589264901969,235.418669286891,TRUE,0.0116421719741297,0.000241418571927419,0.278299288470819,2022-11-08 13:00:00,2022-11-08 13:02:59,2022.5664,TRUE,FALSE,TRUE,FALSE,FALSE
"2022-11-08_PTR_TR_6_30",2022-11-08,"Nov","PTR","TR",6,30,2022-11-08 12:12:29.5,721.066475799901,0.0128799961928662,5.89481159025201e-67,0.426477147757602,0.470017827191449,358.050625879291,0.0100259168316514,0.000278140797903876,5525.32405579192,0.0287847731232835,1.33493224936581e-145,0.707183477784521,0.335843352083959,276.643796268351,0.750018875440246,0.310886109891706,358.107264058371,TRUE,0.0100733805724476,0.000286680267783873,0.312448204556826,2022-11-08 12:11:00,2022-11-08 12:13:59,2024.3081,TRUE,TRUE,TRUE,FALSE,FALSE
"2022-11-08_PTR_TR_7_31",2022-11-08,"Nov","PTR","TR",7,31,2022-11-08 12:04:29.5,NA,NA,NA,NA,NA,209.672803816004,0.01037935074265,0.000242436684266703,5522.4193149756,0.0250897567202272,2.08806284059828e-175,0.773083944808621,0.292732131804657,208.537515532497,0.775231641288232,0.291886570007944,209.85751638316,TRUE,0.010279710486218,0.000246090604545819,0.286987522963852,2022-11-08 12:03:00,2022-11-08 12:05:59,2023.1862,TRUE,FALSE,TRUE,FALSE,FALSE
"2022-11-08_PTR_TR_8_32",2022-11-08,"Nov","PTR","TR",8,32,2022-11-08 12:21:29.5,NA,NA,NA,NA,NA,241.648490311869,0.0344437527095347,0.000249721849785511,5522.71829153482,0.0258436980269496,0,0.972498069206635,0.301528663729357,243.96231739765,0.972583811216348,0.301619415900429,242.031103686601,TRUE,0.0343619271578404,0.00025640052706941,0.28880938596788,2022-11-08 12:20:00,2022-11-08 12:22:59,2023.1953,TRUE,FALSE,TRUE,FALSE,FALSE
"2022-11-08_PTR_UP_1_17",2022-11-08,"Nov","PTR","UP",1,17,2022-11-08 11:43:29.5,NA,NA,NA,NA,NA,257.581630782373,0.017938662699613,0.000107225164985803,5511.88091519552,0.0185255070373808,0,0.968913303436143,0.278577602741804,216.657657678338,0.970426921457485,0.272014053100888,257.72520339149,TRUE,0.017928610322723,0.000109248780697368,0.28132253062116,2022-11-08 11:41:00,2022-11-08 11:45:59,2019.3917,TRUE,FALSE,TRUE,FALSE,FALSE
"2022-11-08_PTR_UP_2_18",2022-11-08,"Nov","PTR","UP",2,18,2022-11-08 10:40:59.5,NA,NA,NA,NA,NA,403.601777102245,0.0124053906441381,0.000171789977150204,5527.96766390516,0.0237295172953167,0,0.87897484560662,0.319360293602217,383.256597803293,0.882998627849224,0.314444704080656,403.638491554563,TRUE,0.0123799303493768,0.000179560739093943,0.336281529673675,2022-11-08 10:39:00,2022-11-08 10:42:59,2020.2483,TRUE,FALSE,TRUE,FALSE,FALSE
"2022-11-08_PTR_UP_3_19",2022-11-08,"Nov","PTR","UP",3,19,2022-11-08 10:32:59.5,2229.81562588924,0.0246213504245155,4.54685302501107e-298,0.717377761137447,0.678095274783311,1475.21171871037,0.0113681768803853,0.000140005878501276,5529.17217918608,0.0290390440356188,0,0.859472410017996,0.478154614083998,823.487740829455,0.923426427698144,0.353289110027116,1475.30047733398,TRUE,0.0113318121813611,0.000146602988948311,0.476800415800098,2022-11-08 10:30:00,2022-11-08 10:35:59,2019.9319,TRUE,TRUE,TRUE,FALSE,FALSE
"2022-11-08_PTR_UP_4_20",2022-11-08,"Nov","PTR","UP",4,20,2022-11-08 11:16:44.5,NA,NA,NA,NA,NA,348.68498740469,0.0166320087614654,0.000386362774797699,5522.54914797574,0.033292651110339,2.72626845092346e-161,0.80531050412799,0.354888983512833,333.422413798744,0.813468478390553,0.348152046193307,349.250291489278,TRUE,0.0164119806201159,0.000385904249750031,0.344447657770926,2022-11-08 11:15:30,2022-11-08 11:17:59,2018.2701,TRUE,FALSE,TRUE,FALSE,FALSE
"2022-11-08_PTR_UP_5_21",2022-11-08,"Nov","PTR","UP",5,21,2022-11-08 11:30:29.5,NA,NA,NA,NA,NA,4794.40069368939,-0.00843394850710813,0.00133326487189637,5526.59439757121,0.230350848798219,3.96925561023842e-10,0.0426598151428711,3.4639045030327,4403.2472860555,0.382857806680155,2.78425846796524,4795.3956774662,TRUE,-0.00859608202810696,0.00144756803865062,3.73642277529017,2022-11-08 11:28:00,2022-11-08 11:32:59,2019.186,TRUE,FALSE,TRUE,TRUE,FALSE
"2022-11-08_PTR_UP_6_22",2022-11-08,"Nov","PTR","UP",6,22,2022-11-08 11:23:59.5,761.557475502978,0.032663667765554,3.48269119415965e-148,0.608073267871741,0.409484994264883,490.967516323174,0.00805990390945702,0.000182535252703122,5523.73270955557,0.0252137727001182,8.08159381306824e-207,0.730853584589075,0.339335931368419,294.126535605825,0.796368961765251,0.29557197058569,491.444884371557,TRUE,0.0081314182566093,0.000193771276025054,0.355442858068703,2022-11-08 11:22:00,2022-11-08 11:25:59,2018.339,TRUE,TRUE,TRUE,FALSE,FALSE
"2022-11-08_PTR_UP_7_23",2022-11-08,"Nov","PTR","UP",7,23,2022-11-08 11:53:29.5,5208.63833296297,0.0997467568809526,1.87070000727821e-222,0.676784019681317,4.36024585150146,662.488564518926,0.0883697297242357,0.000134273567269007,5513.66042571207,0.0231987138066475,0,0.997931045827381,0.348851022857767,396.077697458165,0.998467980606731,0.300525175945664,662.78144158696,TRUE,0.0883714235878733,0.000142610412631471,0.373946972458546,2022-11-08 11:51:00,2022-11-08 11:55:59,2019.9021,TRUE,TRUE,TRUE,FALSE,FALSE
"2022-11-08_PTR_UP_8_24",2022-11-08,"Nov","PTR","UP",8,24,2022-11-08 11:36:29.5,NA,NA,NA,NA,NA,269.402616082219,0.0233653954174976,0.000107931652885898,5512.04834652557,0.018647568370341,0,0.981198835614721,0.280413101951347,259.41364300365,0.98148880841188,0.278552640523719,269.545842635793,TRUE,0.0234016785909089,0.000111557714919239,0.260911850233923,2022-11-08 11:34:00,2022-11-08 11:38:59,2019.4729,TRUE,FALSE,TRUE,FALSE,FALSE
"2022-12-20_OWC_TR_NA_1",2022-12-20,"Dec","OWC","TR",NA,1,2022-12-20 12:18:39.5,1819.83493455697,-0.0269838518932069,7.22375851542754e-144,0.689590211573504,1.22427135496507,637.625341117145,-0.0266224444397044,0.000222741930795859,6040.88192726923,0.0359115673608249,0,0.962407492460318,0.42605006118226,400.99331029164,0.975538395917519,0.344296140444642,638.374415132671,TRUE,-0.0264302509157159,0.000231760005908063,0.429502463910194,2022-12-20 12:16:20,2022-12-20 12:20:59,2123.3191,TRUE,TRUE,TRUE,TRUE,FALSE
"2022-12-20_OWC_TR_NA_2",2022-12-20,"Dec","OWC","TR",NA,2,2022-12-20 12:10:45.5,NA,NA,NA,NA,NA,326.080714079864,0.0132274212787358,0.000182441608215775,5965.91504834062,0.0281501548623092,1.46482161889618e-278,0.90778112533813,0.326773954920541,310.109010103756,0.911154031246166,0.32134474424259,326.261603910935,TRUE,0.0132129942863765,0.000188669763620477,0.332486376414061,2022-12-20 12:08:32,2022-12-20 12:12:59,2096.8772,TRUE,FALSE,TRUE,FALSE,FALSE
"2022-12-20_OWC_TR_NA_3",2022-12-20,"Dec","OWC","TR",NA,3,2022-12-20 12:03:39.5,NA,NA,NA,NA,NA,330.724784358545,0.0127794336139324,0.000169354726082335,5941.25570291024,0.0273042153843668,5.85435623275356e-295,0.910750639531404,0.323933581571636,269.308098201172,0.920590441588754,0.306104356521203,331.023676428354,TRUE,0.0128693447414603,0.00017351481400426,0.328217742228769,2022-12-20 12:01:20,2022-12-20 12:05:59,2088.5571,TRUE,FALSE,TRUE,FALSE,FALSE
"2022-12-20_OWC_TR_NA_4",2022-12-20,"Dec","OWC","TR",NA,4,2022-12-20 11:57:55,1050.54106280703,0.0442302152907473,2.26215380418547e-90,0.661109407787786,0.965974411168805,221.920793361523,0.029753686502475,0.000304328367738807,5942.44965496544,0.0330762610756801,1.96334968856184e-269,0.962152678790717,0.322814800888778,214.272475359901,0.963301182001119,0.318727858925013,221.97024926499,TRUE,0.029779158607226,0.000325680506073623,0.331967973454254,2022-12-20 11:56:21,2022-12-20 11:59:29,2088.5735,TRUE,TRUE,TRUE,FALSE,FALSE
"2022-12-20_OWC_TR_NA_5",2022-12-20,"Dec","OWC","TR",NA,5,2022-12-20 11:52:29.5,1870.0227175614,-0.126561616023633,2.68947392759925e-87,0.666142866004668,3.23092162831271,523.836942821095,-0.106888552783658,0.000505240934762868,6125.26198533254,0.0522873515476535,0,0.992064802613409,0.498109655444974,280.062918163964,0.996012968179214,0.354068636378711,524.096924414677,TRUE,-0.106878919969327,0.000521743680414573,0.500239742038099,2022-12-20 11:51:00,2022-12-20 11:53:59,2153.3577,TRUE,TRUE,TRUE,TRUE,FALSE
"2022-12-20_OWC_TR_NA_6",2022-12-20,"Dec","OWC","TR",NA,6,2022-12-20 11:44:59.5,NA,NA,NA,NA,NA,313.141184510339,-0.00806896577934178,0.000219978205285699,5969.08860713182,0.0303858043030977,4.52647274387746e-141,0.737863504713655,0.33390054038354,297.093617450182,0.748586353232407,0.327686291422103,313.738813745162,TRUE,-0.00791723426076857,0.000216755922666223,0.291250657435333,2022-12-20 11:43:00,2022-12-20 11:46:59,2098.2534,TRUE,FALSE,TRUE,TRUE,FALSE
"2022-12-20_OWC_TR_NA_7",2022-12-20,"Dec","OWC","TR",NA,7,2022-12-20 11:38:44.5,2143.81871373376,-0.0697030719820409,4.68887429692346e-142,0.69816751534401,1.75484148073233,479.914485676824,-0.0406209077825203,0.000207574576162146,6077.04228995606,0.0322677777670638,0,0.986146082413355,0.375959620161658,394.103281732068,0.98826881117616,0.34660486786782,481.030626037364,TRUE,-0.0404817157879688,0.000204584799745628,0.330003365201523,2022-12-20 11:36:30,2022-12-20 11:40:59,2136.6555,TRUE,TRUE,TRUE,TRUE,FALSE
"2022-12-20_OWC_TR_NA_8",2022-12-20,"Dec","OWC","TR",NA,8,2022-12-20 11:32:14.5,NA,NA,NA,NA,NA,3908.98839324177,-0.0164785569944538,0.00190482269500165,5928.33798158883,0.362092548784831,3.89899478222728e-17,0.102122288930033,4.66173784842026,3257.84849989424,0.667247930121317,2.84223944278071,4140.04571334493,TRUE,0.0102077230336777,0.000166120242497499,0.385107076465737,2022-12-20 11:29:30,2022-12-20 11:34:59,2081.5754,TRUE,FALSE,TRUE,TRUE,FALSE
"2022-12-20_OWC_UP_101_9",2022-12-20,"Dec","OWC","UP",101,9,2022-12-20 12:23:59.5,1053.3652244842,0.0140991404797183,2.16728196667517e-34,0.268895189944682,0.721916783293471,999.433442216998,0.00715952499553579,0.00044962605256903,6055.59254619944,0.0621072856976574,4.1609465774783e-46,0.346593825608147,0.682478437935857,918.797198043968,0.452220167852647,0.626196749831856,1013.2409448932,TRUE,0.00813678615751517,0.000311190486258573,0.413765331412857,2022-12-20 12:22:00,2022-12-20 12:25:59,2128.5486,TRUE,TRUE,TRUE,FALSE,FALSE
"2022-12-20_OWC_UP_102_10",2022-12-20,"Dec","OWC","UP",102,10,2022-12-20 12:15:59.5,NA,NA,NA,NA,NA,837.367135495577,0.0358830975434508,0.000228436666184252,6010.69890975982,0.0394674614634773,0,0.976337909449085,0.48458465503219,244.67583354099,0.991247068179777,0.295221060834089,849.528556108887,TRUE,0.0365703953949854,0.000214796662606246,0.411949235216249,2022-12-20 12:13:30,2022-12-20 12:18:29,2113.3447,TRUE,FALSE,TRUE,FALSE,FALSE
"2022-12-20_OWC_UP_104_12",2022-12-20,"Dec","OWC","UP",104,12,2022-12-20 11:22:29.5,1043.43981093343,0.0427378146370376,1.66730480744678e-118,0.591975279339995,0.575373486794898,310.112748855295,0.00973972178764854,0.000147212974489262,5968.73980405102,0.0254342811713619,2.67438438304785e-277,0.879804931682405,0.312284142693636,289.752682675791,0.884587128960954,0.306521676458656,310.504678357612,TRUE,0.00983173802140768,0.000156184464741696,0.313541119708451,2022-12-20 11:20:00,2022-12-20 11:24:59,2091.3821,TRUE,TRUE,TRUE,FALSE,FALSE
"2022-12-20_OWC_UP_105_13",2022-12-20,"Dec","OWC","UP",105,13,2022-12-20 11:33:29.5,664.417201904995,0.00956780747008056,3.57677444831676e-104,0.544427624058596,0.419543492696397,193.387191519849,0.0063777359902624,0.000133567777621082,5954.31788142826,0.0230767731121169,3.39257790475353e-206,0.792214856856966,0.283338469795925,196.654937144622,0.792468288145663,0.283640338204289,193.744083386507,TRUE,0.00629895352700415,0.000142240537229375,0.281320790347888,2022-12-20 11:31:00,2022-12-20 11:35:59,2093.0396,TRUE,TRUE,TRUE,FALSE,FALSE
"2022-12-20_OWC_UP_106_14",2022-12-20,"Dec","OWC","UP",106,14,2022-12-20 11:14:29.5,NA,NA,NA,NA,NA,312.151247634413,0.00885093785792097,0.00014746326491001,5966.65100640308,0.0254775243498785,2.57943081510234e-255,0.85763793649915,0.312815085905258,309.65901099653,0.859170046209285,0.311648852848103,312.458758590636,TRUE,0.00885915777626013,0.0001515019965063,0.314437194291188,2022-12-20 11:12:00,2022-12-20 11:16:59,2090.7791,TRUE,FALSE,TRUE,FALSE,FALSE
"2022-12-20_OWC_UP_107_15",2022-12-20,"Dec","OWC","UP",107,15,2022-12-20 12:03:59.5,NA,NA,NA,NA,NA,294.953501618037,0.0115870949522561,0.000215849838014873,5991.34473922211,0.0298155489006603,1.56047301804124e-204,0.857724524190979,0.327634173854909,163.587341689284,0.892686729822714,0.285142109230177,295.183778090771,TRUE,0.011602857410184,0.000219463728691493,0.351027826913757,2022-12-20 12:02:00,2022-12-20 12:05:59,2106.3447,TRUE,FALSE,TRUE,FALSE,FALSE
"2022-12-20_OWC_UP_108_16",2022-12-20,"Dec","OWC","UP",108,16,2022-12-20 11:47:29.5,NA,NA,NA,NA,NA,199.463469712221,-0.00437824985664604,0.00288008525133204,5966.13988092516,0.098521089194764,0.131140630627878,0.0192081370033998,0.546381852798299,147.515543932082,0.38468917045583,0.436482793241138,206.173616278901,TRUE,0.00157219759009026,0.00222103573698576,0.419163504754276,2022-12-20 11:47:00,2022-12-20 11:47:59,2097.0974,TRUE,FALSE,TRUE,TRUE,FALSE
"2022-12-20_OWC_UP_3_11",2022-12-20,"Dec","OWC","UP",3,11,2022-12-20 11:52:29.5,NA,NA,NA,NA,NA,388.659783710429,0.0148836682601401,0.000157171286380778,5969.55900586013,0.0271547987107953,0,0.937483957059537,0.333408794936464,384.415685729735,0.938337063366892,0.331681214815661,388.866808161063,TRUE,0.0149002869707887,0.000161883981313619,0.325957693952603,2022-12-20 11:50:00,2022-12-20 11:54:59,2098.8137,TRUE,FALSE,TRUE,FALSE,FALSE
"2022-08-16_CRC_TR_309_156",2022-08-16,"Aug","CRC","TR",309,156,2022-08-16 09:21:59.5,NA,NA,NA,NA,NA,1252.29877861943,-0.0615780951934399,9.46478856289634e-05,5574.23524293681,0.0196312051185238,0,0.996614246711156,0.373252190225397,1034.00896538814,0.997098556148044,0.345767379647355,1257.82593614802,TRUE,-0.0617595361730695,8.29467022639784e-05,0.324896985995969,2022-08-16 09:19:00,2022-08-16 09:24:59,2131.6689,TRUE,FALSE,TRUE,TRUE,FALSE
"2022-08-16_CRC_TR_311_152",2022-08-16,"Aug","CRC","TR",311,152,2022-08-16 09:32:29.5,NA,NA,NA,NA,NA,1506.57578344389,-0.0414233606840624,0.000150849696099305,5527.04989418727,0.0260626048656064,0,0.984360983849236,0.45254657412933,612.538206803626,0.992600561048456,0.311544997665054,1507.28153748957,TRUE,-0.0415437904554651,0.000156847717588507,0.504182520155934,2022-08-16 09:30:00,2022-08-16 09:34:59,2123.4729,TRUE,FALSE,TRUE,TRUE,FALSE
"2022-08-16_CRC_TR_312_153",2022-08-16,"Aug","CRC","TR",312,153,2022-08-16 10:35:29.5,17386.4452153865,0.296167176251732,0,0.769117876654612,13.5281926386646,12186.6639363738,0.178639873480051,0.000560364511453416,5424.2242692794,0.174461701127455,0,0.979207317040159,4.059755611724,5612.55737531825,0.999010760249996,0.885924569898226,12192.0699654342,TRUE,0.178324271175981,0.000581549573786344,4.62245494707386,2022-08-16 10:31:00,2022-08-16 10:39:59,2082.6414,TRUE,FALSE,TRUE,FALSE,FALSE
"2022-08-16_CRC_TR_313_154",2022-08-16,"Aug","CRC","TR",313,154,2022-08-16 09:11:29.5,NA,NA,NA,NA,NA,953.605716785918,-0.0442456532337512,0.000119806717481216,5576.33524393307,0.0206992471227965,0,0.99129277285574,0.359418155659477,619.007923077414,0.993433450140913,0.312385967221879,954.120185566537,TRUE,-0.0441611809664546,0.000122864302111103,0.370971256732625,2022-08-16 09:09:00,2022-08-16 09:13:59,2133.7917,TRUE,FALSE,TRUE,TRUE,FALSE
"2022-08-16_CRC_TR_314_151",2022-08-16,"Aug","CRC","TR",314,151,2022-08-16 11:11:59.5,10100.6219245383,0.240151643182706,0,0.745696988323916,8.05935437595383,5598.67831373367,0.152818488021505,0.000428085567374184,5410.10074350776,0.0887905263340673,0,0.988841776210521,1.68819276378426,1686.00614524544,0.999264889493786,0.433613743318605,5675.90065306167,TRUE,0.149593701271363,0.00035087161004723,1.54049842102194,2022-08-16 11:09:00,2022-08-16 11:14:59,2078.9546,TRUE,FALSE,TRUE,FALSE,FALSE
"2022-08-16_CRC_TR_315_150",2022-08-16,"Aug","CRC","TR",315,150,2022-08-16 10:54:59.5,10995.4102646285,0.267053883066703,0,0.716990408723002,10.9959150741828,5384.36872701986,0.198183247502716,0.000397386774076943,5367.3001335124,0.0824231964766225,0,0.994251584996946,1.56712939549739,1645.36082877491,0.999572750392341,0.427537151357357,5387.54162250072,TRUE,0.197616269393241,0.000402170754316036,1.92067893218543,2022-08-16 10:52:00,2022-08-16 10:57:59,2063.1963,TRUE,FALSE,TRUE,FALSE,FALSE
"2022-08-16_CRC_TR_316_157",2022-08-16,"Aug","CRC","TR",316,157,2022-08-16 08:44:59.5,7362.96269049102,-0.0731868854895579,0,0.708068625145447,3.11508776916096,2284.43111623631,-0.05520089506073,0.000135441907636734,5818.88831603018,0.0280924169915871,0,0.991417195547578,0.534126973231051,760.819237308866,0.9970289389742,0.314476292368815,2292.5667604431,TRUE,-0.0555343227485772,0.000137607511455074,0.53290762296318,2022-08-16 08:42:00,2022-08-16 08:47:59,2226.7205,TRUE,TRUE,TRUE,TRUE,FALSE
"2022-08-16_CRC_TR_327_155",2022-08-16,"Aug","CRC","TR",327,155,2022-08-16 08:55:29.5,NA,NA,NA,NA,NA,1502.58204772434,-0.0693972258057499,0.000150598882416427,5743.91600829328,0.0260192712820409,0,0.994389871756722,0.451794137260935,799.551240092751,0.996887640129209,0.336792118101274,1502.66004999991,TRUE,-0.0693553777643134,0.000160668841010126,0.503746283497396,2022-08-16 08:53:00,2022-08-16 08:57:59,2197.7402,TRUE,FALSE,TRUE,TRUE,FALSE
"2022-08-17_OWC_TR_1_136",2022-08-17,"Aug","OWC","TR",1,136,2022-08-17 11:31:44.5,7740.7556652137,0.756272771148035,1.35419460177601e-197,0.658293006942624,24.1981114719141,2800.16534322233,0.681719987471748,0.000727499828547502,5544.42302266674,0.0878895871941935,0,0.999046581679877,1.27819256207216,966.178959090151,0.999893091350222,0.428528620227162,2800.33810683358,TRUE,0.681995698866872,0.000742512451061928,1.6389372715261,2022-08-17 11:30:00,2022-08-17 11:33:29,2130.2539,TRUE,FALSE,TRUE,FALSE,FALSE
"2022-08-17_OWC_TR_2_137",2022-08-17,"Aug","OWC","TR",2,137,2022-08-17 11:41:14.5,8214.92990685343,0.079771098819788,0.00106043991202741,0.00989865654670612,10.8310690012556,8218.74021907221,0.0111616024542995,0.00423599454752524,5269.52640315456,0.65849167662646,0.00853584973989755,0.00639934352424852,10.850192231156,8214.47131978159,0.0139776875056619,10.818775622097,8223.01104642597,TRUE,0.0184850196523296,0.000247504827831292,0.603289060556545,2022-08-17 11:39:00,2022-08-17 11:43:29,2023.842,FALSE,FALSE,FALSE,FALSE,TRUE
"2022-08-17_OWC_TR_4_138",2022-08-17,"Aug","OWC","TR",4,138,2022-08-17 12:04:02,NA,NA,NA,NA,NA,732.169254158917,0.140057676512443,0.000304550974032496,5289.73278689377,0.0306387967229671,0,0.996710494592444,0.407051489112607,620.362771089482,0.997212069990267,0.375273649202611,741.205070948719,TRUE,0.140919942322177,0.000276834042110935,0.36495694768674,2022-08-17 12:02:35,2022-08-17 12:05:29,2033.7051,TRUE,FALSE,TRUE,FALSE,FALSE
"2022-08-17_OWC_TR_5_139",2022-08-17,"Aug","OWC","TR",5,139,2022-08-17 12:12:59.5,NA,NA,NA,NA,NA,347.736429672031,0.0174718430763886,0.000456112008318336,5295.51854611183,0.0314027955923341,8.62210959256956e-148,0.754286164936566,0.346152655650038,245.379977705268,0.803120543579755,0.310501380490885,350.667471132299,TRUE,0.0181619524203448,0.000474562352891242,0.300522002503648,2022-08-17 12:12:00,2022-08-17 12:13:59,2035.5524,TRUE,FALSE,TRUE,FALSE,FALSE
"2022-08-17_OWC_TR_6_140",2022-08-17,"Aug","OWC","TR",6,140,2022-08-17 12:18:29.5,NA,NA,NA,NA,NA,1516.1163063159,0.0159196934971973,0.000495982689523785,5286.75158129126,0.0513292163487359,6.97378608052522e-141,0.589300101939875,0.691525098821142,1518.05560719422,0.59047387824877,0.691499969246713,1527.20336942018,TRUE,0.01543243556976,0.000336811035755921,0.446683332336168,2022-08-17 12:17:00,2022-08-17 12:19:59,2031.8927,TRUE,FALSE,TRUE,FALSE,FALSE
"2022-08-17_OWC_TR_8_141",2022-08-17,"Aug","OWC","TR",8,141,2022-08-17 11:48:29.5,NA,NA,NA,NA,NA,400.855322277557,0.00805265935392006,0.00022861839849817,5274.28641139301,0.0236597032228709,1.27969228342314e-158,0.633424731751297,0.318751770884529,380.075893178716,0.645826113659223,0.313750918001518,401.153233263081,TRUE,0.00817727945412583,0.000241091402605656,0.32964611882949,2022-08-17 11:47:00,2022-08-17 11:49:59,2026.903,TRUE,FALSE,TRUE,FALSE,FALSE
"2022-08-17_OWC_UP_6_147",2022-08-17,"Aug","OWC","UP",6,147,2022-08-17 10:46:44.777359,NA,NA,NA,NA,NA,12025.7198447004,-0.12713480295081,0.0278444677899564,5305.54645474431,4.2802901482448,5.55741311120471e-06,0.0193237345371384,70.2236343601645,11981.7905924132,0.0626787015071907,68.7188032307618,12061.5204843279,TRUE,-0.0329508044841204,0.00176134987430855,3.61834989119933,2022-08-17 10:44:32,2022-08-17 10:48:59,2034.2,FALSE,FALSE,FALSE,TRUE,TRUE
"2022-08-17_OWC_UP_7_148",2022-08-17,"Aug","OWC","UP",7,148,2022-08-17 10:56:49.5,4738.64113334646,-0.585397277766205,1.20164830386456e-73,0.44628391670066,16.5837420017952,4233.39591403533,-0.484721024380115,0.0110445193142318,5297.45444160766,0.887934019724805,4.3629958162768e-183,0.775375871690121,10.5625107982344,4177.10855901864,0.79830180956587,10.0269689060583,4236.77937046186,TRUE,-0.467472253977085,0.0106748502690397,6.93675213947621,2022-08-17 10:55:40,2022-08-17 10:57:59,2040.343,FALSE,FALSE,FALSE,TRUE,TRUE
"2022-08-17_OWC_UP_8_149",2022-08-17,"Aug","OWC","UP",8,149,2022-08-17 10:34:59.5,9011.5161416107,0.670006799461111,2.74109927212435e-221,0.65113338537677,26.3765988657981,5739.38534176838,0.640173823309455,0.00223525236753192,5308.90379676708,0.308757592233507,0,0.988455373704265,4.79820753939251,5695.8355390659,0.989013260688513,4.68573051125858,5747.02675491622,TRUE,0.635428260028208,0.000522049319677577,1.38559211443483,2022-08-17 10:33:00,2022-08-17 10:36:59,2037.8586,TRUE,FALSE,TRUE,FALSE,FALSE
"2022-09-16_CRC_TR_309_129",2022-09-16,"Sep","CRC","TR",309,129,2022-09-16 12:17:24.5,NA,NA,NA,NA,NA,2728.50040436086,0.142623183492813,0.000469050256530362,5363.0428898596,0.0783306906663805,0,0.990699205616441,1.15820063039107,2285.86934020576,0.994433698805929,0.897032221211123,2728.52285762862,TRUE,0.142690049760725,0.000484328323697817,1.44149915574465,2022-09-16 12:15:00,2022-09-16 12:19:49,2071.8855,TRUE,FALSE,TRUE,FALSE,FALSE
"2022-09-16_CRC_TR_311_130",2022-09-16,"Sep","CRC","TR",311,130,2022-09-16 12:07:29.5,4688.04781356924,0.0759127369036117,4.24457482018803e-226,0.682765161741138,3.26516888904982,692.408517791514,0.0667405026271757,0.000136524141783916,5310.35964401152,0.0235875500842101,0,0.996256417289873,0.354698154482496,267.912639695659,0.997674496521338,0.279870982665064,692.623618888927,TRUE,0.0667726167428051,0.000136462381561203,0.419686154668308,2022-09-16 12:05:00,2022-09-16 12:09:59,2051.2134,TRUE,TRUE,TRUE,FALSE,FALSE
"2022-09-16_CRC_TR_312_131",2022-09-16,"Sep","CRC","TR",312,131,2022-09-16 11:59:29.5,NA,NA,NA,NA,NA,1303.36567322562,0.0606906730709195,0.000191698169988525,5309.44691563884,0.033120077713526,0,0.991120372126632,0.498043688274714,496.775385385741,0.996392179773517,0.31781666475925,1303.98548627313,TRUE,0.0608150566798686,0.000200447845436063,0.531773366475224,2022-09-16 11:57:00,2022-09-16 12:01:59,2051.2637,TRUE,FALSE,TRUE,FALSE,FALSE
"2022-09-16_CRC_TR_313_128",2022-09-16,"Sep","CRC","TR",313,128,2022-09-16 12:22:59.5,6816.59807390157,0.750433200321882,1.82616860956118e-173,0.666695293979393,27.440891298152,2301.33644792602,0.684888358322533,0.000641714799091347,5329.78747145335,0.0886406918279324,0,0.999370065603813,1.19295799467691,562.733075046987,0.99994400103443,0.356183013467015,2302.54250657369,TRUE,0.684453036596153,0.000662007129724493,1.38294038127599,2022-09-16 12:21:00,2022-09-16 12:24:59,2057.7639,TRUE,FALSE,TRUE,FALSE,FALSE
"2022-09-16_CRC_TR_314_132",2022-09-16,"Sep","CRC","TR",314,132,2022-09-16 11:43:29.5,NA,NA,NA,NA,NA,4617.50666213463,-0.308575251507895,0.0143580814091371,5275.77753734069,1.48591691316884,1.98404429896524e-74,0.461935548604808,17.3367813218306,3481.30000286459,0.934863534543307,6.04327223106713,4620.91119016513,TRUE,-0.285967007935652,0.0143640068318106,19.7527345088986,2022-09-16 11:42:00,2022-09-16 11:44:59,2054.155,FALSE,FALSE,TRUE,TRUE,FALSE
"2022-09-16_CRC_TR_315_133",2022-09-16,"Sep","CRC","TR",315,133,2022-09-16 11:52:29.5,NA,NA,NA,NA,NA,1792.3190896937,0.0238719190391042,0.000251530156951443,5288.98645235997,0.0434573702295951,0,0.909341447420889,0.653490886678329,1394.71207318618,0.941975214140406,0.52339079659414,1834.45734865227,TRUE,0.0252847374254371,0.000171049057449288,0.455666919372591,2022-09-16 11:50:00,2022-09-16 11:54:59,2044.6382,TRUE,FALSE,TRUE,FALSE,FALSE
"2022-09-16_CRC_TR_316_134",2022-09-16,"Sep","CRC","TR",316,134,2022-09-16 12:30:59.5,NA,NA,NA,NA,NA,4168.02622145323,0.0193408679566878,0.000487045618861333,5334.42419137301,0.101019609496901,3.27498498847342e-213,0.593963052805187,1.66338094100684,3836.47287225488,0.702401098174373,1.42537077823754,4168.39588266524,TRUE,0.0193611831559835,0.000536390286819288,1.67683903118597,2022-09-16 12:28:00,2022-09-16 12:33:59,2060.5083,TRUE,FALSE,TRUE,FALSE,FALSE
"2022-09-16_CRC_TR_327_135",2022-09-16,"Sep","CRC","TR",327,135,2022-09-16 12:13:09.5,3744.15128727249,0.199928906007536,1.29974102905994e-142,0.661049007414074,5.46222922913014,1301.66478767804,0.1617643913177,0.000504539313630309,5330.51859959099,0.0580406640905083,0,0.994216293734294,0.713517420951399,792.136924786221,0.997542449976823,0.465886485222201,1302.9197761305,TRUE,0.161550360642212,0.000536712448434974,0.727337120063716,2022-09-16 12:11:30,2022-09-16 12:14:49,2058.6951,TRUE,FALSE,TRUE,FALSE,FALSE
"2022-09-16_CRC_UP_301_126",2022-09-16,"Sep","CRC","UP",301,126,2022-09-16 12:46:29.5,7171.49312401597,0.320931688447087,3.19296969285194e-228,0.686199533822461,12.97472621218,2837.27385965254,0.266813260392125,0.000449480880721956,5329.54588515678,0.0776577142136851,0,0.997457982280946,1.16777909594614,1630.81792331433,0.999337671019519,0.596750034357589,2838.08171818295,TRUE,0.266867996051447,0.000484488909397866,1.27068150752263,2022-09-16 12:44:00,2022-09-16 12:48:59,2060.7283,TRUE,FALSE,TRUE,FALSE,FALSE
"2022-09-16_CRC_UP_308_127",2022-09-16,"Sep","CRC","UP",308,127,2022-09-16 12:37:59.5,2269.01666875431,0.0338041982221152,4.60058769854215e-168,0.654954735728054,1.16648113679594,385.309680481616,0.0282600781607304,0.000169621557427341,5314.99160669474,0.0234299913615529,0,0.974785583777232,0.315329166927458,381.570229379206,0.975055168020891,0.314076676827361,385.926046521781,TRUE,0.0282175070364109,0.000163399912922901,0.309583542476273,2022-09-16 12:36:00,2022-09-16 12:39:59,2055.6404,TRUE,TRUE,TRUE,FALSE,FALSE
"2022-09-23_PTR_TR_1_110",2022-09-23,"Sep","PTR","TR",1,110,2022-09-23 13:11:59.5,NA,NA,NA,NA,NA,1919.10444184256,0.0346026854304828,0.000492111380350579,5432.40035126531,0.0679758255107106,4.94065645841247e-324,0.873193339288485,0.914842865229208,1077.09039772171,0.960840460264032,0.509096337451939,1919.37360201946,TRUE,0.0348485654590249,0.000512198024778435,1.0732660370529,2022-09-23 13:10:00,2022-09-23 13:13:59,2029.2433,TRUE,FALSE,TRUE,FALSE,FALSE
"2022-09-23_PTR_TR_2_111",2022-09-23,"Sep","PTR","TR",2,111,2022-09-23 13:06:29.5,1529.31446913419,0.155437872576963,9.03594612492236e-172,0.765914063158989,0.993414894269034,1442.40858901881,0.0352939467902741,0.000759122077068351,5459.6904825689,0.0785614944875503,1.3960240824259e-190,0.800711906394978,0.916608080960783,775.56608217733,0.942461715377226,0.493435286478283,1447.76614892485,TRUE,0.0346728784775706,0.000784108026843931,0.822514648099346,2022-09-23 13:05:00,2022-09-23 13:07:59,2037.6897,TRUE,TRUE,TRUE,FALSE,FALSE
"2022-09-23_PTR_TR_3_112",2022-09-23,"Sep","PTR","TR",3,112,2022-09-23 13:00:59.5,2740.82834066204,0.0359971351209357,5.29423999783456e-139,0.584321856517235,1.61872473068826,1544.77960563605,0.0347309503291062,0.000379463066557966,5413.96971395351,0.0524156039263462,0,0.921056495114573,0.705427862308819,1535.54308551061,0.922494537877275,0.699948799499173,1550.24655761837,TRUE,0.0353484131203862,0.000199100423476904,0.348507254548888,2022-09-23 12:59:00,2022-09-23 13:02:59,2021.6349,TRUE,TRUE,TRUE,FALSE,FALSE
"2022-09-23_PTR_TR_4_113",2022-09-23,"Sep","PTR","TR",4,113,2022-09-23 12:55:29.5,NA,NA,NA,NA,NA,1131.3128059905,0.00595652436957247,0.000174223189848933,5423.4163118932,0.0301008903091796,9.81952027460459e-165,0.565530980487402,0.45264261031048,1111.66775208419,0.576796835284181,0.447233827110786,1132.1418574957,TRUE,0.00606871532783418,0.000147705526558777,0.373521431599082,2022-09-23 12:53:00,2022-09-23 12:57:59,2025.042,TRUE,FALSE,TRUE,FALSE,FALSE
"2022-09-23_PTR_TR_5_114",2022-09-23,"Sep","PTR","TR",5,114,2022-09-23 12:47:59.5,NA,NA,NA,NA,NA,637.822027535646,-0.0123009186699846,0.000202132943955801,5467.65553933055,0.0279208209298418,1.27266220391806e-285,0.837608081818237,0.375768350396618,575.553800192745,0.851887302001181,0.359368370069971,638.167836061865,TRUE,-0.012366634157306,0.000209920672235574,0.400788568669693,2022-09-23 12:46:00,2022-09-23 12:49:59,2041.3929,TRUE,FALSE,TRUE,TRUE,FALSE
"2022-09-23_PTR_TR_6_115",2022-09-23,"Sep","PTR","TR",6,115,2022-09-23 13:25:59.5,NA,NA,NA,NA,NA,1194.80969224925,-0.000508455894279201,0.00029759175830344,5398.16698367769,0.0411066401704612,0.0879631003731765,0.0040492834444218,0.553227801074153,879.130720743499,0.361131141880789,0.443707370110619,1200.29058143015,TRUE,-0.00116914628824938,0.000252289311897662,0.395197492042573,2022-09-23 13:24:00,2022-09-23 13:27:59,2015.7288,TRUE,FALSE,TRUE,TRUE,FALSE
"2022-09-23_PTR_TR_7_116",2022-09-23,"Sep","PTR","TR",7,116,2022-09-23 13:21:29.5,NA,NA,NA,NA,NA,805.970798429817,0.0012494829635337,0.000421099165423313,5416.9602593227,0.0435795252996402,0.003138973720044,0.0161012666515157,0.50845958716347,790.447491014232,0.0510380475978721,0.500281430349809,807.666830910922,TRUE,0.000963376609557786,0.00034946504044544,0.414179229079038,2022-09-23 13:20:00,2022-09-23 13:22:59,2022.8763,TRUE,FALSE,TRUE,FALSE,FALSE
"2022-09-23_PTR_TR_8_117",2022-09-23,"Sep","PTR","TR",8,117,2022-09-23 13:16:29.5,1370.48231400559,0.0511161993346212,5.12041148257237e-129,0.662562586398552,0.857551800087515,484.824319433091,0.0274147509867804,0.000312783263669356,5406.58127476477,0.0323699196570008,1.06915805760046e-320,0.934550905676239,0.377672677069046,402.218684250003,0.944249195056506,0.349219157440323,485.17789084535,TRUE,0.0275154247378124,0.000329286073922359,0.377291275548863,2022-09-23 13:15:00,2022-09-23 13:17:59,2018.6133,TRUE,TRUE,TRUE,FALSE,FALSE
"2022-09-23_PTR_UP_301_118",2022-09-23,"Sep","PTR","UP",301,118,2022-09-23 13:34:59.5,NA,NA,NA,NA,NA,1236.48338426075,0.0111590726052498,0.000306329914339095,5396.46325655891,0.0423136501964067,2.37454978568503e-165,0.648903146876392,0.569472171807428,931.49770407447,0.771413351946242,0.460140201753119,1236.54815325366,TRUE,0.0111119025109187,0.000285721971073807,0.517117209912578,2022-09-23 13:33:00,2022-09-23 13:36:59,2016.2874,TRUE,FALSE,TRUE,FALSE,FALSE
"2022-09-23_PTR_UP_302_121",2022-09-23,"Sep","PTR","UP",302,121,2022-09-23 13:51:29.5,1938.05768659882,0.0656614613364047,1.4726253781895e-123,0.646437377664711,1.45042854189224,995.830958236462,0.0453878975789263,0.000502032469327164,5417.68797891408,0.0519553076679471,0,0.938243680686747,0.606183158401994,386.162102153306,0.980178395092472,0.344065648474869,996.018649386071,TRUE,0.0455837166874195,0.000523284836722561,0.6852163612324,2022-09-23 13:50:00,2022-09-23 13:52:59,2024.626,TRUE,TRUE,TRUE,FALSE,FALSE
"2022-09-23_PTR_UP_303_120",2022-09-23,"Sep","PTR","UP",303,120,2022-09-23 13:47:14.5,NA,NA,NA,NA,NA,678.095868479859,-0.00109377645898966,0.000271528876579623,5439.97442716404,0.0328035278324852,6.30855441851556e-05,0.0251875837086467,0.413152176693706,505.232883145676,0.26379385959568,0.359618389721353,678.137784436218,TRUE,-0.00107079628452296,0.000289277706528555,0.425743568843221,2022-09-23 13:45:30,2022-09-23 13:48:59,2032.6195,TRUE,FALSE,TRUE,TRUE,FALSE
"2022-09-23_PTR_UP_304_125",2022-09-23,"Sep","PTR","UP",304,125,2022-09-23 14:12:29.5,2975.96773469505,0.0875512233601597,0,0.808851794301023,1.26131633901876,2070.39987444038,0.0320919228526969,0.000293551242616239,5406.55498025288,0.0507174375683082,0,0.930114194368542,0.762664263195462,1313.63987289173,0.969988709189078,0.500340213872353,2141.56964320388,TRUE,0.0299907489727011,0.000172514602245421,0.452070258259427,2022-09-23 14:10:00,2022-09-23 14:14:59,2019.2489,TRUE,TRUE,TRUE,FALSE,FALSE
"2022-09-23_PTR_UP_305_122",2022-09-23,"Sep","PTR","UP",305,122,2022-09-23 13:56:59.5,4399.87742482741,0.196187083350261,1.72630850396024e-180,0.681369075460198,5.12308120306479,1509.65352934091,0.130440785887339,0.000370318765175747,5467.16622682177,0.0511524926470821,0,0.994246354800063,0.688428460931293,1477.10504440157,0.994531131075255,0.672112149545482,1513.08523399089,TRUE,0.129954145826082,0.000217799886755681,0.415385111225891,2022-09-23 13:55:00,2022-09-23 13:58:59,2041.3738,TRUE,FALSE,TRUE,FALSE,FALSE
"2022-09-23_PTR_UP_306_123",2022-09-23,"Sep","PTR","UP",306,123,2022-09-23 14:02:59.5,NA,NA,NA,NA,NA,746.518604064037,0.00563937118520378,0.000217981316070706,5417.73508509097,0.0301099720458841,8.72001570174233e-105,0.48244906811485,0.405230725650955,594.429079077193,0.583320670289168,0.364109918312933,756.202992073673,TRUE,0.00618821248066253,0.000195474530362936,0.34079182845289,2022-09-23 14:01:00,2022-09-23 14:04:59,2025.0874,TRUE,FALSE,TRUE,FALSE,FALSE
"2022-09-23_PTR_UP_307_124",2022-09-23,"Sep","PTR","UP",307,124,2022-09-23 14:07:29.5,2428.49033743687,0.0836089891379654,1.45780096878268e-125,0.652445838160177,2.28408010913649,329.012642915035,0.0741596040683628,0.000270762060993946,5433.73578043422,0.0280211481193668,0,0.992879351108289,0.326933836627572,206.419911037557,0.994367418443823,0.291314815619057,329.247118419863,TRUE,0.0741675052846547,0.000282280368755921,0.330191903213107,2022-09-23 14:06:00,2022-09-23 14:08:59,2030.2589,TRUE,TRUE,TRUE,FALSE,FALSE
"2022-09-23_PTR_UP_308_119",2022-09-23,"Sep","PTR","UP",308,119,2022-09-23 13:40:59.5,NA,NA,NA,NA,NA,1773.34638206392,0.0281056984979467,0.000444737490383911,5374.19149101934,0.0614320238293846,1.53336723216398e-295,0.847615126549764,0.826774052020125,1625.09166315588,0.876660033817989,0.744858078108696,1782.24967281619,TRUE,0.0271538091052632,0.000416974202160636,0.73966132841442,2022-09-23 13:39:00,2022-09-23 13:42:59,2008.6108,TRUE,FALSE,TRUE,FALSE,FALSE
"2022-09-30_OWC_TR_120_102",2022-09-30,"Sep","OWC","TR",120,102,2022-09-30 15:03:14.5,NA,NA,NA,NA,NA,498.74066163422,0.0100374425029276,0.00023550286779813,5374.86930453338,0.0284512092259207,1.6998098471e-187,0.743104808949156,0.358335819283942,494.415519357368,0.74647722194828,0.356544205696208,499.828174968073,TRUE,0.0102481900136713,0.000220312156274014,0.311627691704578,2022-09-30 15:01:30,2022-09-30 15:04:59,2003.998,TRUE,FALSE,TRUE,FALSE,FALSE
"2022-09-30_OWC_TR_121_103",2022-09-30,"Sep","OWC","TR",121,103,2022-09-30 14:54:59.5,NA,NA,NA,NA,NA,1101.07284161212,-0.000610481665033512,0.000278837053490907,5405.92599066626,0.0385160344808845,0.028890052504847,0.00663177980821001,0.518362507215266,907.538844119124,0.244976679450161,0.45254768204512,1101.63122431147,TRUE,-0.000407058472772314,0.00027626645697647,0.517728503982431,2022-09-30 14:53:00,2022-09-30 14:56:59,2014.9425,TRUE,FALSE,TRUE,TRUE,FALSE
"2022-09-30_OWC_TR_122_104",2022-09-30,"Sep","OWC","TR",122,104,2022-09-30 14:42:29.5,NA,NA,NA,NA,NA,808.592778003774,0.025405645521162,0.000422122734641997,5368.55743493351,0.0436854544116505,4.004380221384e-241,0.870682031080804,0.50969550408067,688.792037835189,0.897176531790772,0.455340450113393,837.963039853106,TRUE,0.0234798028847363,0.000288743551564586,0.32173172901767,2022-09-30 14:41:00,2022-09-30 14:43:59,2001.2738,TRUE,FALSE,TRUE,FALSE,FALSE
"2022-09-30_OWC_TR_123_105",2022-09-30,"Sep","OWC","TR",123,105,2022-09-30 14:48:59.5,4162.9691674677,0.108668944944412,2.5501954886546e-167,0.65330601385129,4.34591547336809,470.582820280705,0.106277325202569,0.000179969479997874,5394.5523254444,0.0248593600108855,0,0.99794530352673,0.33456611919394,464.809820096291,0.997973004750005,0.332766958660417,470.802514094876,TRUE,0.106328223507296,0.000185132420937744,0.331203289900317,2022-09-30 14:47:00,2022-09-30 14:50:59,2010.6987,TRUE,TRUE,TRUE,FALSE,FALSE
"2022-09-30_OWC_TR_124_106",2022-09-30,"Sep","OWC","TR",124,106,2022-09-30 14:38:09.5,NA,NA,NA,NA,NA,262.200554967802,0.0337086668734626,0.000254519483003244,5380.08533012213,0.0263402047772787,0,0.970240835412528,0.30732160469327,247.158179084595,0.971271964895898,0.302513269184335,262.490482174328,TRUE,0.0335775509896345,0.00025140110365856,0.279459713207592,2022-09-30 14:36:40,2022-09-30 14:39:39,2005.5319,TRUE,FALSE,TRUE,FALSE,FALSE
"2022-09-30_OWC_TR_126_107",2022-09-30,"Sep","OWC","TR",126,107,2022-09-30 14:33:29.5,2993.90751924636,0.139391982136693,1.40737980175744e-124,0.649506867420489,3.85548879031174,590.916630320779,0.124844118592117,0.00034506890562524,5387.98596143084,0.0357111586476247,0,0.995906673415011,0.416656236116697,330.715802202119,0.997490465713707,0.326847372488107,590.954662947073,TRUE,0.124877813487784,0.000359381056065601,0.442754235999901,2022-09-30 14:32:00,2022-09-30 14:34:59,2008.3147,TRUE,TRUE,TRUE,FALSE,FALSE
"2022-09-30_OWC_TR_127_108",2022-09-30,"Sep","OWC","TR",127,108,2022-09-30 15:15:29.5,1342.34737884022,0.026365284384171,1.1258356229085e-108,0.598456113140434,0.83550031043142,276.220827324627,0.0246116653641498,0.000257845126750021,5392.90492630718,0.0266843754327929,0,0.944242696517646,0.311337180085919,278.456585139815,0.944424564794893,0.311408372969692,276.498808619192,TRUE,0.0246883800694802,0.000269235157217575,0.335925743712986,2022-09-30 15:14:00,2022-09-30 15:16:59,2010.2321,TRUE,TRUE,TRUE,FALSE,FALSE
"2022-09-30_OWC_TR_128_109",2022-09-30,"Sep","OWC","TR",128,109,2022-09-30 15:08:59.5,1684.81888216788,0.122542023486949,1.51026565739976e-78,0.626435161189615,2.49812357790887,163.151196303564,0.117343277347053,0.000459237445849754,5372.01420349766,0.0316179784293254,0,0.99454661288601,0.301831169216752,105.835403704221,0.995400648762019,0.277968590485814,163.297116667051,TRUE,0.117276283714338,0.000488203555489543,0.310209759462299,2022-09-30 15:08:00,2022-09-30 15:09:59,2002.3549,TRUE,TRUE,TRUE,FALSE,FALSE
"2022-09-30_OWC_UP_102_95",2022-09-30,"Sep","OWC","UP",102,95,2022-09-30 16:17:29.5,NA,NA,NA,NA,NA,328.224284027934,0.01406807003105,0.000270564487116133,5374.46080461032,0.0280007012115748,5.82243967260436e-212,0.834027801836399,0.326695274453634,322.454716853947,0.837003536814169,0.324356804407327,331.002440201018,TRUE,0.0143999322274488,0.000238212555430091,0.281072238188799,2022-09-30 16:16:00,2022-09-30 16:18:59,2002.8304,TRUE,FALSE,TRUE,FALSE,FALSE
"2022-09-30_OWC_UP_103_96",2022-09-30,"Sep","OWC","UP",103,96,2022-09-30 16:07:44.5,1698.74358035857,0.0932261476142608,2.97693827439211e-104,0.650239087393438,1.59060562886903,1352.95072360439,0.0567269188976,0.00117924251770317,5375.6483824377,0.101614628212891,4.62196084068685e-179,0.837801443253137,1.08317934780834,1279.4498107161,0.863462815316016,0.996033459438576,1366.82190617965,TRUE,0.0597430338978556,0.00058452264529751,0.433191919091416,2022-09-30 16:06:30,2022-09-30 16:08:59,2002.3735,TRUE,TRUE,TRUE,FALSE,FALSE
"2022-09-30_OWC_UP_104_97",2022-09-30,"Sep","OWC","UP",104,97,2022-09-30 15:52:44.5,748.238509796801,0.0242951917544783,7.48061449744789e-87,0.581838909416496,0.553218685470567,151.478983722153,0.0185871214870058,0.000310337053850047,5377.91005786033,0.026741559835442,5.93896918996136e-216,0.888977324715546,0.285056451530243,112.134419537896,0.899172291018752,0.272261703656143,151.832133915955,TRUE,0.0187445573420504,0.00033083999341316,0.267655494871365,2022-09-30 15:51:30,2022-09-30 15:53:59,2004.053,TRUE,TRUE,TRUE,FALSE,FALSE
"2022-09-30_OWC_UP_105_98",2022-09-30,"Sep","OWC","UP",105,98,2022-09-30 15:57:14.5,379.054923782457,0.0149988655116249,6.47549784352956e-53,0.407745954642221,0.36706883501707,258.365570784038,0.00812936824016197,0.000349471443574843,5376.52763285234,0.0301137469831451,4.54107769406464e-79,0.547070215987958,0.321002885026845,230.866834586998,0.577689882500277,0.310656765603673,258.48999599599,TRUE,0.00815307898183178,0.000356761528740935,0.290209640096735,2022-09-30 15:56:00,2022-09-30 15:58:29,2003.5338,TRUE,TRUE,TRUE,FALSE,FALSE
"2022-09-30_OWC_UP_106_99",2022-09-30,"Sep","OWC","UP",106,99,2022-09-30 16:00:59.5,572.209539813277,0.00717002391124739,1.12622654308688e-73,0.458458802874886,0.409501320476775,319.048419419743,0.00869167858706438,0.000268275462725707,5375.80946753585,0.027763810225971,1.5959904938605e-128,0.66113484561656,0.323931373472274,313.608751486125,0.667007027210542,0.321710942848685,319.125919487481,TRUE,0.00862521838549808,0.00026699915255119,0.314811258646996,2022-09-30 15:59:30,2022-09-30 16:02:29,2003.3174,TRUE,TRUE,TRUE,FALSE,FALSE
"2022-09-30_OWC_UP_107_100",2022-09-30,"Sep","OWC","UP",107,100,2022-09-30 16:12:59.5,1356.83331805209,0.0336184559830839,9.53888003435174e-122,0.640918267107574,0.846782291060158,239.2732034133,0.0265228730530182,0.000249173230123752,5376.19863154565,0.0257869214137606,0,0.954668857760395,0.300866228489318,208.649422162304,0.957484183930159,0.291916816058568,239.601978843833,TRUE,0.0264015460573501,0.000259503996413866,0.300472559008262,2022-09-30 16:11:30,2022-09-30 16:14:29,2003.3925,TRUE,TRUE,TRUE,FALSE,FALSE
"2022-09-30_OWC_UP_108_101",2022-09-30,"Sep","OWC","UP",108,101,2022-09-30 15:43:14.5,1721.37495801316,0.023010747636602,4.26930108873285e-179,0.63517118493022,0.698493778156746,485.534148512707,0.0142187506041924,0.000146839176989579,5394.8917871972,0.0228263692895466,0,0.920663456433258,0.325727640634283,483.190660638522,0.921282351326845,0.324856971818724,486.097966394451,TRUE,0.0143264698071326,0.00014373467036604,0.307043741690993,2022-09-30 15:41:00,2022-09-30 15:45:29,2010.2917,TRUE,TRUE,TRUE,FALSE,FALSE
