"Plot_clean","Date","Month","Site","Zone","Replicate","Row_ID","TIMESTAMP","HM81_AIC","HM81_flux.estimate","HM81_p.value","HM81_r.squared","HM81_RMSE","lin_AIC","lin_flux.estimate","lin_flux.std.error","lin_int.estimate","lin_int.std.error","lin_p.value","lin_r.squared","lin_RMSE","poly_AIC","poly_r.squared","poly_RMSE","rob_AIC","rob_converged","rob_flux.estimate","rob_flux.std.error","rob_RMSE","TIMESTAMP_min","TIMESTAMP_max","CO2_initial","CO2_lin_pass","CO2_HM81_pass","CO2_poly_pass","CO2_neg_flux","CO2_rejected_model","CO2_rejected_negflux","CO2_flux_rejected","CO2_rejected_manual"
"2022-10-14_CRC_TR_309_71",2022-10-14,"Oct","CRC","TR",309,71,2022-10-14 10:44:29.5,NA,NA,NA,NA,NA,-2886.1458053443,0.00637483433985797,1.37941124668596e-05,14.9424820622054,0.00142755180393504,0,0.997487307334113,0.0166558124691017,-2934.84586873195,0.997720941900382,0.0158921471503366,-2885.89892096589,TRUE,0.0063816244772811,1.44682685364703e-05,0.0171061285125467,2022-10-14 10:43:00,2022-10-14 10:45:59,435.61884,TRUE,FALSE,TRUE,FALSE,FALSE,FALSE,FALSE,FALSE
"2022-10-14_CRC_TR_311_72",2022-10-14,"Oct","CRC","TR",311,72,2022-10-14 10:33:24.5,-345.052121523808,0.0052121689921763,6.61714464846568e-124,0.627513602753013,0.178151401565421,-2771.97438237538,0.00529865869698802,1.61858076144083e-05,14.404148681521,0.00176851706944762,0,0.994727829341946,0.0211947727561426,-2853.93305042139,0.995465850672717,0.0196900988516344,-2771.85345799672,TRUE,0.00529376501548135,1.63838074571384e-05,0.022151594654034,2022-10-14 10:31:50,2022-10-14 10:34:59,420.31625,TRUE,TRUE,TRUE,FALSE,FALSE,FALSE,FALSE,FALSE
"2022-10-14_CRC_TR_312_73",2022-10-14,"Oct","CRC","TR",312,73,2022-10-14 10:26:29.5,-39.8576587833214,0.00975108058051013,8.97589122688924e-129,0.661858403909981,0.232342189633746,-2118.67518722719,0.00764767069877564,2.80745314425404e-05,14.9652675920024,0.0029054314369059,0,0.992802004090373,0.0338988196586239,-2507.63128436192,0.996523221435463,0.0236034799556362,-2106.36833748263,TRUE,0.00772605124128146,2.6031894446455e-05,0.0312442419441599,2022-10-14 10:25:00,2022-10-14 10:27:59,430.10779,TRUE,TRUE,TRUE,FALSE,FALSE,FALSE,FALSE,FALSE
"2022-10-14_CRC_TR_313_74",2022-10-14,"Oct","CRC","TR",313,74,2022-10-14 11:19:44.5,443.866565866574,0.00847905594079583,5.37034578532677e-201,0.677955978766365,0.317456513618632,-3855.73677725095,0.00716263996032131,1.00698024216534e-05,14.3315527998345,0.00156536582036103,0,0.998405538641946,0.0223374514329465,-4315.16421360861,0.999100212509159,0.0168009855018405,-3854.83556453816,TRUE,0.00715955918902859,1.00379132806188e-05,0.0217688659019278,2022-10-14 11:17:30,2022-10-14 11:21:59,414.76917,TRUE,TRUE,TRUE,FALSE,FALSE,FALSE,FALSE,FALSE
"2022-10-14_CRC_TR_314_75",2022-10-14,"Oct","CRC","TR",314,75,2022-10-14 10:06:29.5,-578.44903991187,0.00444312732042684,2.76975031387396e-234,0.695799645431678,0.175078629112103,-4199.21321198713,0.00365137531104614,9.0153964664425e-06,17.7866696225711,0.00155760814829217,0,0.994555449266328,0.0234225569689821,-5016.65063622017,0.997814363710974,0.0148568380522723,-4198.35468876364,TRUE,0.00364475317330427,9.21927273874206e-06,0.0246554652588017,2022-10-14 10:04:00,2022-10-14 10:08:59,511.54135,TRUE,TRUE,TRUE,FALSE,FALSE,FALSE,FALSE,FALSE
"2022-10-14_CRC_TR_315_76",2022-10-14,"Oct","CRC","TR",315,76,2022-10-14 10:13:19.5,-814.741779641985,0.00380626129783518,3.78882248866316e-135,0.641011905179423,0.122307053327805,-3318.15541801915,0.00352003876083059,1.07380723665269e-05,14.8155935672195,0.00123527510021118,0,0.994465876698051,0.015185737749205,-3346.54730328326,0.99475672298986,0.014806088585983,-3318.13809804969,TRUE,0.00351871762675988,1.14634454212198e-05,0.0154209190061985,2022-10-14 10:11:40,2022-10-14 10:14:59,426.98724,TRUE,TRUE,TRUE,FALSE,FALSE,FALSE,FALSE,FALSE
"2022-10-14_CRC_TR_316_77",2022-10-14,"Oct","CRC","TR",316,77,2022-10-14 11:30:59.5,NA,NA,NA,NA,NA,-2478.26179978513,0.0123179543853721,2.32191766506344e-05,14.7334916122857,0.00320728754409517,0,0.997455313179355,0.0431648178511881,-2935.89841556219,0.998659764132022,0.0313696065447052,-2478.25066086045,TRUE,0.0123201784893755,2.3938069023493e-05,0.0557353789189869,2022-10-14 11:29:00,2022-10-14 11:32:59,427.48441,TRUE,FALSE,TRUE,FALSE,FALSE,FALSE,FALSE,FALSE
"2022-10-14_CRC_TR_327_78",2022-10-14,"Oct","CRC","TR",327,78,2022-10-14 11:00:59.5,-593.952721689177,0.0039254667806036,1.01052814680199e-163,0.645218455430907,0.159744191514829,-3515.22400109444,0.00385378214258327,1.1300713634434e-05,14.9428354327432,0.00156097860938219,0,0.993863951235867,0.0210082059738089,-3550.54407637043,0.994190062603998,0.0204708559831053,-3502.12270101724,TRUE,0.00382220043186116,9.19541223151351e-06,0.0159788897758071,2022-10-14 10:59:00,2022-10-14 11:02:59,434.74463,TRUE,TRUE,TRUE,FALSE,FALSE,FALSE,FALSE,FALSE
"2022-10-14_CRC_UP_301_63",2022-10-14,"Oct","CRC","UP",301,63,2022-10-14 13:14:29.5,43.0116901278271,0.0114502538870617,1.75016645560457e-132,0.672418406945567,0.250871816870759,-2200.47834435062,0.00839831405123807,2.60266014323228e-05,14.0456985125861,0.00269349129306246,0,0.99485962523554,0.0314260300331965,-2532.48368334244,0.997240929413659,0.0230665306294474,-2195.07258633815,TRUE,0.00834761779353539,2.42772413647477e-05,0.0281169018871248,2022-10-14 13:13:00,2022-10-14 13:15:59,410.56839,TRUE,TRUE,TRUE,FALSE,FALSE,FALSE,FALSE,FALSE
"2022-10-14_CRC_UP_302_64",2022-10-14,"Oct","CRC","UP",302,64,2022-10-14 13:20:29.5,-520.776375078494,0.00781576207653614,5.1470083902761e-285,0.765458694915053,0.18077904714873,-1997.58018150094,0.00420654132172531,3.06325538751834e-05,13.8939413753127,0.00529244783594219,0,0.954544283185292,0.079585267372054,-4016.70068881668,0.99519898708111,0.0258933967049026,-1957.97583381714,TRUE,0.0040441364270639,2.73661294559844e-05,0.0776244101033603,2022-10-14 13:18:00,2022-10-14 13:22:59,404.8353,TRUE,TRUE,TRUE,FALSE,FALSE,FALSE,FALSE,FALSE
"2022-10-14_CRC_UP_303_65",2022-10-14,"Oct","CRC","UP",303,65,2022-10-14 13:25:29.5,-508.54536751145,0.00799323883223696,3.81201238285037e-142,0.698399545428267,0.150541853162632,-1838.14036578908,0.00519761855670734,3.64017654663305e-05,13.725878102111,0.00376721634557695,0,0.974289738726398,0.0439536056131238,-2453.57236027348,0.991835512982218,0.0248150101049202,-1836.45237619724,TRUE,0.00515399729352079,3.88968737012111e-05,0.046074552094349,2022-10-14 13:24:00,2022-10-14 13:26:59,402.14539,TRUE,TRUE,TRUE,FALSE,FALSE,FALSE,FALSE,FALSE
"2022-10-14_CRC_UP_305_67",2022-10-14,"Oct","CRC","UP",305,67,2022-10-14 13:00:59.5,499.790151110867,0.0135639366253295,8.73029339983879e-124,0.647123208957324,0.382942611434193,-2633.95485588341,0.0123768423756871,1.7422317628364e-05,14.0640337678031,0.00180303452062273,0,0.998935093003946,0.0210367180847858,-2955.52442419129,0.999417262901483,0.0155907577489481,-2633.04082721981,TRUE,0.0123851859446404,1.71975422388988e-05,0.0193425310368715,2022-10-14 12:59:30,2022-10-14 13:02:29,413.18341,TRUE,TRUE,TRUE,FALSE,FALSE,FALSE,FALSE,FALSE
"2022-10-14_CRC_UP_306_68",2022-10-14,"Oct","CRC","UP",306,68,2022-10-14 12:55:44.5,-1706.67603511584,0.00203015399222566,2.68417956497125e-93,0.608606133507871,0.0361642314404353,-2386.64358837885,0.00127320535071821,1.84954135677123e-05,13.8081471367202,0.00159373881547902,2.20943036064025e-240,0.913626978413074,0.016988744643248,-2438.10178140766,0.923641836505555,0.0160092706600585,-2386.57643435744,TRUE,0.00126848510145378,1.96481384771366e-05,0.0178059026211012,2022-10-14 12:54:30,2022-10-14 12:56:59,406.3812,TRUE,TRUE,TRUE,FALSE,FALSE,FALSE,FALSE,FALSE
"2022-10-14_CRC_UP_307_69",2022-10-14,"Oct","CRC","UP",307,69,2022-10-14 12:31:14.5,NA,NA,NA,NA,NA,-1386.7352177067,-0.000647891772831428,4.31483694654385e-05,13.8425217196282,0.00222336253068322,2.13579118128979e-37,0.456900001947419,0.0184192247580182,-1419.83601068473,0.526627257581526,0.0172607494627232,-1386.68970604383,TRUE,-0.000649036040884381,4.25256220573337e-05,0.0205659673197742,2022-10-14 12:30:30,2022-10-14 12:31:59,407.04578,TRUE,FALSE,TRUE,TRUE,FALSE,TRUE,TRUE,FALSE
"2022-10-14_CRC_UP_308_70",2022-10-14,"Oct","CRC","UP",308,70,2022-10-14 13:06:59.5,-3308.02068617127,0.00801513192658777,3.11720293444309e-179,0.678792224511621,0.0242594034407591,-3805.64754569831,0.000565153669328196,9.23668319958637e-06,14.0903464988187,0.00127587206990723,4.89513757800386e-287,0.839074781873451,0.0171711406419909,-3979.09933769261,0.87422696775954,0.0152015043736357,-3805.35404331555,TRUE,0.000567993451312665,9.79434898104341e-06,0.0183777060095858,2022-10-14 13:05:00,2022-10-14 13:08:59,413.43304,TRUE,TRUE,TRUE,FALSE,FALSE,FALSE,FALSE,FALSE
"2022-10-21_OWC_TR_120_55",2022-10-21,"Oct","OWC","TR",120,55,2022-10-21 12:32:59.5,1468.96411929132,0.00912997044975194,4.15765785879996e-278,0.692230453107651,0.476773594463248,-4224.2125741065,0.00825549555839385,1.0004770740066e-05,14.4696757293085,0.00207511985351671,0,0.998419262710305,0.0341687602222468,-5790.96728897611,0.999630834836131,0.0165277209922423,-4222.88979852386,TRUE,0.00825601933586574,1.03513599057074e-05,0.0387590932181414,2022-10-21 12:30:00,2022-10-21 12:35:59,426.13788,TRUE,TRUE,TRUE,FALSE,FALSE,FALSE,FALSE,FALSE
"2022-10-21_OWC_TR_121_56",2022-10-21,"Oct","OWC","TR",121,56,2022-10-21 13:47:59.5,1006.28627944641,0.00949470109540649,4.12060059877115e-302,0.722215142195603,0.38484437425206,-2589.58245784401,0.00698469155903066,2.13240438475176e-05,15.5346294820094,0.00442288463123272,0,0.990052325241895,0.0728268703126425,-5391.30050247579,0.999259587819485,0.019887073563518,-2589.45158771348,TRUE,0.00698938550860487,2.22032477488904e-05,0.0965299208783549,2022-10-21 13:45:00,2022-10-21 13:50:59,456.24051,TRUE,TRUE,TRUE,FALSE,FALSE,FALSE,FALSE,FALSE
"2022-10-21_OWC_TR_122_57",2022-10-21,"Oct","OWC","TR",122,57,2022-10-21 13:12:29.5,3439.15417410553,0.00618389861893072,0,0.751080547818349,0.504124988644962,-5365.64437861638,0.00447260729291522,7.05276275636266e-06,14.2915089815646,0.00317303919206335,0,0.994220050563257,0.0768193851068695,-12741.9293745515,0.999753297719706,0.0158774671559291,-5358.49897695977,TRUE,0.00446300253231021,7.12588380383066e-06,0.088993029795506,2022-10-21 13:06:00,2022-10-21 13:18:59,414.94882,TRUE,TRUE,TRUE,FALSE,FALSE,FALSE,FALSE,FALSE
"2022-10-21_OWC_TR_123_58",2022-10-21,"Oct","OWC","TR",123,58,2022-10-21 13:00:29.5,530.884108727437,0.00697149891708569,1.06003913580181e-221,0.675533621669103,0.324255367263337,-4641.85134722557,0.00656245120187362,7.04997280299256e-06,14.9912277905351,0.00121803795585182,0,0.998964692918164,0.0183162648722678,-4942.97195068396,0.999262378761132,0.0154775848297415,-4641.49695347983,TRUE,0.00655828666061927,7.3539485709797e-06,0.0192906373826621,2022-10-21 12:58:00,2022-10-21 13:02:59,442.03397,TRUE,TRUE,TRUE,FALSE,FALSE,FALSE,FALSE,FALSE
"2022-10-21_OWC_TR_124_59",2022-10-21,"Oct","OWC","TR",124,59,2022-10-21 13:26:59.5,2218.6690927195,0.00866160809127575,0,0.718632790204084,0.522068889991366,-3884.7911841947,0.00708363569176766,1.19265616667066e-05,15.1153005501625,0.0033000209209266,0,0.995940147952469,0.0627113537471931,-7399.55666346947,0.999647406910156,0.0184939719211657,-3877.31232469908,TRUE,0.00710611285588498,1.28108182410789e-05,0.0685619907149447,2022-10-21 13:23:00,2022-10-21 13:30:59,443.35062,TRUE,TRUE,TRUE,FALSE,FALSE,FALSE,FALSE,FALSE
"2022-10-21_OWC_TR_126_60",2022-10-21,"Oct","OWC","TR",126,60,2022-10-21 12:10:59.5,-329.314090829637,0.00574458542610406,4.1223618956326e-176,0.672301150792744,0.191972198053408,-3474.82990555511,0.004823660949573,1.16222031403502e-05,14.4704715896953,0.00160538626876636,0,0.995849108713247,0.0216058600669208,-3993.54802898451,0.997991625506025,0.0150497379864841,-3472.86106404621,TRUE,0.00483891035453402,1.16603982451916e-05,0.0207360282763092,2022-10-21 12:09:00,2022-10-21 12:12:59,424.75146,TRUE,TRUE,TRUE,FALSE,FALSE,FALSE,FALSE,FALSE
"2022-10-21_OWC_TR_127_61",2022-10-21,"Oct","OWC","TR",127,61,2022-10-21 13:38:59.5,543.990855752225,0.00866248284865589,6.5818290828241e-167,0.65238983851519,0.352063771490983,-3767.3178646479,0.00860329417278313,9.48584506391645e-06,14.9002580663371,0.00131028904153174,0,0.999127896484863,0.0176343365016502,-3925.00780583252,0.999303311243191,0.0157833874344675,-3767.29472754618,TRUE,0.00860245303817546,9.80474766676734e-06,0.0177661633073678,2022-10-21 13:37:00,2022-10-21 13:40:59,442.24741,TRUE,TRUE,TRUE,FALSE,FALSE,FALSE,FALSE,FALSE
"2022-10-21_OWC_TR_128_62",2022-10-21,"Oct","OWC","TR",128,62,2022-10-21 12:19:59.5,2289.92757522441,0.0137823814138861,4.76327059102088e-280,0.694770778764889,0.697231440158502,-3443.87387943659,0.0121233629848919,1.43583257764034e-05,14.6511914712494,0.00297810391222207,0,0.998490184257737,0.0490372246794329,-5921.26271531543,0.999848261196918,0.0155602109317208,-3441.00201937065,TRUE,0.0121183500915552,1.49728400687949e-05,0.0530897232917491,2022-10-21 12:17:00,2022-10-21 12:22:59,428.19778,TRUE,TRUE,TRUE,FALSE,FALSE,FALSE,FALSE,FALSE
"2022-10-21_OWC_UP_102_48",2022-10-21,"Oct","OWC","UP",102,48,2022-10-21 14:04:59.5,1435.62201129267,0.018102651655551,2.35170568587674e-174,0.66859152678114,0.653930208320254,-2605.19086688645,0.016363103777123,2.12601266804523e-05,15.6891166045103,0.00293668205871706,0,0.998789405496646,0.0395229128690847,-3987.72553052186,0.999823534700325,0.015110713313593,-2599.3317633669,TRUE,0.0164025669252664,2.26890761763217e-05,0.0405089339043987,2022-10-21 14:03:00,2022-10-21 14:06:59,463.13663,TRUE,TRUE,TRUE,FALSE,FALSE,FALSE,FALSE,FALSE
"2022-10-21_OWC_UP_103_49",2022-10-21,"Oct","OWC","UP",103,49,2022-10-21 14:24:14.5,951.100871466278,0.0150933518672714,4.92411475578411e-147,0.654436275918887,0.513108143478572,-3083.21274362295,0.0143716414989663,1.37206627697839e-05,14.9041710490423,0.00165759954785791,0,0.999427930812944,0.0208770491021946,-3377.83281880489,0.999643882824585,0.0164981006889369,-3081.3126758492,TRUE,0.0143617725159351,1.3894904224276e-05,0.0199091463306923,2022-10-21 14:22:30,2022-10-21 14:25:59,440.26224,TRUE,TRUE,TRUE,FALSE,FALSE,FALSE,FALSE,FALSE
"2022-10-21_OWC_UP_104_50",2022-10-21,"Oct","OWC","UP",104,50,2022-10-21 14:46:29.5,104.644864630811,0.00890932907839191,7.62480023693153e-122,0.641216806099435,0.265604901824592,-2879.16680073769,0.00851193975234791,1.38835392198465e-05,14.2521419996662,0.00143680657279771,0,0.998570762434287,0.0167637915240099,-2939.76698740564,0.998731910856556,0.0158198978601201,-2878.75342863951,TRUE,0.00851318444340716,1.40171940537735e-05,0.016173715071653,2022-10-21 14:45:00,2022-10-21 14:47:59,421.86285,TRUE,TRUE,TRUE,FALSE,FALSE,FALSE,FALSE,FALSE
"2022-10-21_OWC_UP_105_51",2022-10-21,"Oct","OWC","UP",105,51,2022-10-21 14:39:14.5,1316.32880997407,0.0250335262247581,3.89084067896338e-157,0.679091871186916,0.685638192365124,-1322.76745640233,0.0198852654526628,5.54832807348853e-05,14.5410486038667,0.00670296053499375,0,0.99513477391434,0.0844221008626457,-2882.27175632297,0.999593283814855,0.0244479824482149,-1322.76575647467,TRUE,0.0198871059264157,5.6356346460936e-05,0.107284144823406,2022-10-21 14:37:30,2022-10-21 14:40:59,426.60873,TRUE,TRUE,TRUE,FALSE,FALSE,FALSE,FALSE,FALSE
"2022-10-21_OWC_UP_106_52",2022-10-21,"Oct","OWC","UP",106,52,2022-10-21 14:52:29.096345,611.812043866456,0.00946451807925701,8.83035365111874e-237,0.698461682356993,0.338786289210063,-3880.35478254044,0.00709739820362359,1.08047705714222e-05,13.8526846491058,0.0018637399701779,0,0.997916221140776,0.0281630953835193,-4623.76757274751,0.999089277148316,0.0186393274881084,-3862.83358215189,TRUE,0.00706297834336574,9.17770860925716e-06,0.0235714292504739,2022-10-21 14:50:00,2022-10-21 14:54:59,404.64587,TRUE,TRUE,TRUE,FALSE,FALSE,FALSE,FALSE,FALSE
"2022-10-21_OWC_UP_107_53",2022-10-21,"Oct","OWC","UP",107,53,2022-10-21 14:14:29.5,1302.48858571695,0.0138227061775773,2.87095136189459e-239,0.703473264065876,0.497801065225661,-2276.97090964265,0.0105148396581661,2.62284899962738e-05,14.8711574334874,0.00453154887726381,0,0.994443545810668,0.0681432373423417,-3725.8327905957,0.998894089264805,0.030434634708059,-2276.25628054908,TRUE,0.0104934788175755,2.77837069641101e-05,0.0778386894946644,2022-10-21 14:12:00,2022-10-21 14:16:59,435.72589,TRUE,TRUE,TRUE,FALSE,FALSE,FALSE,FALSE,FALSE
"2022-10-21_OWC_UP_108_54",2022-10-21,"Oct","OWC","UP",108,54,2022-10-21 14:31:59.5,-303.038624845395,0.00506744316664411,7.93992888424164e-170,0.6588316213327,0.195507239829514,-4010.25542705075,0.00481977814253051,8.01323102482902e-06,13.7287433819624,0.00110687542631659,0,0.998019273078873,0.0148967236345473,-4118.16966284007,0.998304415582289,0.0138020589487495,-4009.77825056365,TRUE,0.00481880105734167,8.16202315990565e-06,0.0152177065930444,2022-10-21 14:30:00,2022-10-21 14:33:59,407.24164,TRUE,TRUE,TRUE,FALSE,FALSE,FALSE,FALSE,FALSE
"2022-10-07_PTR_TR_1_87",2022-10-07,"Oct","PTR","TR",1,87,2022-10-07 12:57:59.5,NA,NA,NA,NA,NA,-3788.14487976414,0.000968798046723059,9.34963672167377e-06,13.8350639118019,0.00129147445021138,0,0.937319147082109,0.0173811230319746,-3954.08124490835,0.950496998924489,0.0154679179688369,-3787.91976315622,TRUE,0.000964883155337015,9.70368468061812e-06,0.0185472855918294,2022-10-07 12:56:00,2022-10-07 12:59:59,398.54031,TRUE,FALSE,TRUE,FALSE,FALSE,FALSE,FALSE,FALSE
"2022-10-07_PTR_TR_2_88",2022-10-07,"Oct","PTR","TR",2,88,2022-10-07 11:45:59.5,NA,NA,NA,NA,NA,-3492.08080992181,0.00618580879453537,1.14838021954498e-05,16.5518118803868,0.00158626881109984,0,0.997531520668656,0.021348570514111,-3527.585297514,0.997663311019313,0.0207998507602853,-3490.666478721,TRUE,0.0061740459197846,1.11721957456148e-05,0.0195317969059844,2022-10-07 11:44:00,2022-10-07 11:47:59,477.1391,TRUE,FALSE,TRUE,FALSE,FALSE,FALSE,FALSE,FALSE
"2022-10-07_PTR_TR_3_89",2022-10-07,"Oct","PTR","TR",3,89,2022-10-07 11:39:59.5,-199.126974190974,0.00541075335631761,1.2579316230616e-169,0.65839436167413,0.210136701745177,-3818.00955525507,0.00517643899409067,9.15772816743318e-06,13.7736236464036,0.00126496593421694,0,0.997757859117861,0.0170243619843061,-3873.58461540541,0.997935912951719,0.0163572055650693,-3817.92774447015,TRUE,0.00517824378145,9.24522651864182e-06,0.0179914307315887,2022-10-07 11:38:00,2022-10-07 11:41:59,395.8288,TRUE,TRUE,TRUE,FALSE,FALSE,FALSE,FALSE,FALSE
"2022-10-07_PTR_TR_4_90",2022-10-07,"Oct","PTR","TR",4,90,2022-10-07 11:32:59.5,NA,NA,NA,NA,NA,-2765.2748672094,0.00344830465832644,1.90232875057185e-05,13.7121292451108,0.00262770527925524,0,0.978615629158427,0.0353645933475719,-3244.9156609607,0.989076275364006,0.0253111287462785,-2764.38072272397,TRUE,0.00345997295868667,2.03326655697723e-05,0.0371829577163443,2022-10-07 11:31:00,2022-10-07 11:34:59,396.14044,TRUE,FALSE,TRUE,FALSE,FALSE,FALSE,FALSE,FALSE
"2022-10-07_PTR_TR_5_91",2022-10-07,"Oct","PTR","TR",5,91,2022-10-07 11:25:59.5,NA,NA,NA,NA,NA,-3343.39712643779,0.00278427705935346,1.27329114694675e-05,14.0680322938613,0.00175880949486526,0,0.985206120189045,0.0236706844762237,-3545.59902884408,0.988890261813106,0.0205412749891852,-3343.18405183782,TRUE,0.00278982862651972,1.32687310079046e-05,0.0258390909094314,2022-10-07 11:24:00,2022-10-07 11:27:59,404.57703,TRUE,FALSE,TRUE,FALSE,FALSE,FALSE,FALSE,FALSE
"2022-10-07_PTR_TR_6_92",2022-10-07,"Oct","PTR","TR",6,92,2022-10-07 12:12:29.5,31.7617297544258,0.00805664831133421,5.27095501622718e-252,0.722213604622061,0.245731915025262,-2387.89749664421,0.00532665831264163,2.46609332754904e-05,14.6199156298166,0.00426071895533073,0,0.981115486307399,0.0640706281419225,-4618.21805808471,0.998422622270738,0.0185377958422602,-2385.90440982859,TRUE,0.00535168562465748,2.54318539133631e-05,0.0771898065256309,2022-10-07 12:10:00,2022-10-07 12:14:59,417.79251,TRUE,TRUE,TRUE,FALSE,FALSE,FALSE,FALSE,FALSE
"2022-10-07_PTR_TR_7_93",2022-10-07,"Oct","PTR","TR",7,93,2022-10-07 12:04:44.5,-1150.48815112718,0.00434341293857717,5.55923866175217e-226,0.720678770586402,0.118649202994857,-2549.6897935055,0.0028044529952451,2.25501772869084e-05,14.2538069270425,0.00350545872599279,0,0.950352251383111,0.0500221820507124,-3967.68726152934,0.991420285698721,0.0208203212145557,-2549.67615371091,TRUE,0.00280549003966014,2.26331485353217e-05,0.0664312887877012,2022-10-07 12:02:30,2022-10-07 12:06:59,409.08621,TRUE,TRUE,TRUE,FALSE,FALSE,FALSE,FALSE,FALSE
"2022-10-07_PTR_TR_8_94",2022-10-07,"Oct","PTR","TR",8,94,2022-10-07 11:57:44.5,-2477.05773725478,0.0011110722027378,3.64526912854386e-186,0.649567375799225,0.0523159424032446,-4305.33915487954,0.00111150582793055,7.62939655862497e-06,13.763663716998,0.00118600108550002,0,0.963327362392747,0.0169239939330401,-4333.60239400155,0.964759367534186,0.0166108476141837,-4305.26561155544,TRUE,0.00110976924131283,7.85309555316359e-06,0.0148959101781594,2022-10-07 11:55:30,2022-10-07 11:59:59,395.96259,TRUE,TRUE,TRUE,FALSE,FALSE,FALSE,FALSE,FALSE
"2022-10-07_PTR_UP_1_79",2022-10-07,"Oct","PTR","UP",1,79,2022-10-07 12:44:29.5,-615.916764135924,0.00871032434855277,1.71848287302912e-42,0.650498768140144,0.043243927938335,-985.670926330985,0.00410506721956199,6.66387645444331e-05,13.7974846030468,0.00227955879516918,5.67444452786701e-122,0.955195109503568,0.0154832986112893,-1011.32888121175,0.962001340593581,0.0143396510905258,-984.692527899782,TRUE,0.00403994956958132,6.19785345672151e-05,0.0164779085865579,2022-10-07 12:44:00,2022-10-07 12:44:59,395.04901,TRUE,TRUE,TRUE,FALSE,FALSE,FALSE,FALSE,FALSE
"2022-10-07_PTR_UP_2_80",2022-10-07,"Oct","PTR","UP",2,80,2022-10-07 13:05:59.5,24.7859115201556,0.0044875730643903,6.488529372857e-270,0.681272044589278,0.244310684229409,-5687.03586647275,0.00415690414720091,5.0826310335786e-06,13.8417143593822,0.00105420392329845,0,0.998390998072315,0.01735843884848,-5721.38635613441,0.99844713074272,0.0170688032531214,-5685.39749736093,TRUE,0.00415493374155372,4.95871161911013e-06,0.0154645730604683,2022-10-07 13:03:00,2022-10-07 13:08:59,396.62311,TRUE,TRUE,TRUE,FALSE,FALSE,FALSE,FALSE,FALSE
"2022-10-07_PTR_UP_3_81",2022-10-07,"Oct","PTR","UP",3,81,2022-10-07 13:16:59.5,944.640324867868,0.00518701087956248,0,0.750582589477686,0.314223976874796,-4387.28556276323,0.00360708084902258,9.72329813331052e-06,14.4561639003369,0.00336403867246198,0,0.987103618195456,0.0714512578926359,-8663.3113460117,0.998803794229129,0.0217731147777263,-4385.63892708397,TRUE,0.00360781753561565,1.00755796248581e-05,0.0848988035600412,2022-10-07 13:12:00,2022-10-07 13:21:59,412.01709,TRUE,TRUE,TRUE,FALSE,FALSE,FALSE,FALSE,FALSE
"2022-10-07_PTR_UP_4_82",2022-10-07,"Oct","PTR","UP",4,82,2022-10-07 12:52:44.5,NA,NA,NA,NA,NA,-2926.49591312483,0.000177378823615719,1.55378870133827e-05,13.6825773092202,0.00187713924029751,1.46933948905232e-27,0.171856373323212,0.0236420962722816,-2996.34381810762,0.263456936461249,0.0223318589793103,-2926.4854542012,TRUE,0.000175993653433412,1.64595287190914e-05,0.0228856380557281,2022-10-07 12:51:00,2022-10-07 12:54:29,392.96002,TRUE,FALSE,TRUE,FALSE,FALSE,FALSE,FALSE,FALSE
"2022-10-07_PTR_UP_5_83",2022-10-07,"Oct","PTR","UP",5,83,2022-10-07 12:28:29.5,451.916767022451,0.00952936035426971,1.74571766120908e-251,0.721472042249628,0.310337566902935,-2845.744466674,0.00675823151150147,1.91224094118317e-05,14.238038623902,0.00330381706735979,0,0.992861873094398,0.0496812009876665,-4571.91823456777,0.998956025455893,0.0190208128089075,-2808.01789158539,TRUE,0.00665800617023651,1.65493018848022e-05,0.0432499127318161,2022-10-07 12:26:00,2022-10-07 12:30:59,403.633,TRUE,TRUE,TRUE,FALSE,FALSE,FALSE,FALSE,FALSE
"2022-10-07_PTR_UP_6_84",2022-10-07,"Oct","PTR","UP",6,84,2022-10-07 12:22:29.5,NA,NA,NA,NA,NA,-1611.74168439705,0.00496636258037247,4.48913750552357e-05,14.054058784793,0.00464580549094333,0,0.957893562281991,0.0542044532547108,-2232.71344607221,0.986765255512142,0.0304457895653806,-1611.73817822727,TRUE,0.00496899132719145,4.98156732410158e-05,0.061690854818226,2022-10-07 12:21:00,2022-10-07 12:23:59,401.04587,TRUE,FALSE,TRUE,FALSE,FALSE,FALSE,FALSE,FALSE
"2022-10-07_PTR_UP_7_85",2022-10-07,"Oct","PTR","UP",7,85,2022-10-07 12:34:14.5,-313.614512032117,0.00662372988580402,4.07588291561158e-155,0.674306164228067,0.18805684066567,-2849.79587089002,0.00541132953212025,1.65131067532852e-05,13.9894216252961,0.0019949559833403,0,0.99418597507373,0.0251259684974784,-3355.67836760089,0.997411869519051,0.0167907503822004,-2849.75478160331,TRUE,0.00540988521595466,1.70468496049468e-05,0.0279374748957121,2022-10-07 12:32:30,2022-10-07 12:35:59,400.52408,TRUE,TRUE,TRUE,FALSE,FALSE,FALSE,FALSE,FALSE
"2022-10-07_PTR_UP_8_86",2022-10-07,"Oct","PTR","UP",8,86,2022-10-07 12:39:59.5,204.845501897302,0.00851163310984379,1.3597082535058e-179,0.679533208753672,0.278187326015382,-3345.42645183598,0.00707492686525958,1.27149802040659e-05,13.8140400665594,0.0017563326316656,0,0.997686305988471,0.0236373499692967,-3873.15669908945,0.998894463039366,0.0163620670617708,-3338.89173153514,TRUE,0.00704824220381287,1.19497347277363e-05,0.0234518792883779,2022-10-07 12:38:00,2022-10-07 12:41:59,394.60687,TRUE,TRUE,TRUE,FALSE,FALSE,FALSE,FALSE,FALSE
"2022-11-04_OWC_TR_120_40",2022-11-04,"Nov","OWC","TR",120,40,2022-11-04 12:52:59.5,999.639601272694,0.00730567957391402,1.485112402184e-276,0.69018278152431,0.383661964465649,-3094.05161837926,0.00660326126577144,1.68826204648113e-05,14.606687785671,0.00350167553221578,0,0.99300267682216,0.0576583137757667,-4098.46183105088,0.997249412533974,0.0361836143087173,-3092.32986294452,TRUE,0.00658539313730741,1.59548547932653e-05,0.0687476812540034,2022-11-04 12:50:00,2022-11-04 12:55:59,440.4834,TRUE,TRUE,TRUE,FALSE,FALSE,FALSE,FALSE,FALSE
"2022-11-04_OWC_TR_121_41",2022-11-04,"Nov","OWC","TR",121,41,2022-11-04 13:19:59.5,-160.153904461929,0.00642411011076393,7.66442380555732e-184,0.688143316171753,0.215901635202847,-3133.25963293196,0.00555859359805344,1.47334277779059e-05,15.0203679666325,0.00203514276603827,0,0.994981002443568,0.0273896760391617,-3720.07789563383,0.997790758368681,0.0181972484089998,-3117.56149087349,TRUE,0.00550517794653246,1.31308708447089e-05,0.0211028562632751,2022-11-04 13:18:00,2022-11-04 13:21:59,449.97485,TRUE,TRUE,TRUE,FALSE,FALSE,FALSE,FALSE,FALSE
"2022-11-04_OWC_TR_122_42",2022-11-04,"Nov","OWC","TR",122,42,2022-11-04 12:19:14.5,-481.50715630353,0.00509797371332326,3.72635883342895e-150,0.662248968382286,0.164596352913016,-3385.36695299898,0.00465667620244378,1.07951612344992e-05,15.0339073976341,0.00130416836865679,0,0.996636413664107,0.0164256723556435,-3486.70124575153,0.997154296034427,0.0151324546371621,-3385.20254777561,TRUE,0.0046561588315907,1.10705123542076e-05,0.0166403727680361,2022-11-04 12:17:30,2022-11-04 12:20:59,449.96762,TRUE,TRUE,TRUE,FALSE,FALSE,FALSE,FALSE,FALSE
"2022-11-04_OWC_TR_123_43",2022-11-04,"Nov","OWC","TR",123,43,2022-11-04 12:23:59.494444,NA,NA,NA,NA,NA,1093.78511021469,0.00732165733627504,0.000549605397741831,14.8796958855325,0.056878317149555,3.40846468962254e-35,0.248043247264264,0.663733338958095,403.061985668203,0.792287583938032,0.349491946345322,1093.78530365584,TRUE,0.00731801338789325,0.000591617631243875,0.848329385093793,2022-11-04 12:22:30,2022-11-04 12:25:29,416.13766,TRUE,FALSE,TRUE,FALSE,FALSE,FALSE,TRUE,TRUE
"2022-11-04_OWC_TR_124_44",2022-11-04,"Nov","OWC","TR",124,44,2022-11-04 12:09:29.5,NA,NA,NA,NA,NA,-475.176958999653,0.00512617109307668,4.6487851319995e-05,14.9455883813367,0.0112525730282467,0,0.906240191319214,0.200070096855798,-903.047099785043,0.933448092617958,0.168693978359581,-338.15042651586,TRUE,0.00560512039069627,1.1924997615162e-05,0.0568761797075033,2022-11-04 12:06:00,2022-11-04 12:12:59,470.84381,TRUE,FALSE,TRUE,FALSE,FALSE,FALSE,FALSE,FALSE
"2022-11-04_OWC_TR_126_45",2022-11-04,"Nov","OWC","TR",126,45,2022-11-04 13:34:59.5,436.62267029578,0.00461782487026488,0,0.723677979343936,0.281190797460148,-5029.74995945825,0.00384583034862027,8.0141830663918e-06,14.8099000402414,0.00221748501557295,0,0.993794259051101,0.0421395774671781,-7291.76763900668,0.99871359509225,0.0191992570215782,-5028.84149057132,TRUE,0.00385047442592138,8.45164558694227e-06,0.047756254410695,2022-11-04 13:31:00,2022-11-04 13:38:59,444.36578,TRUE,TRUE,TRUE,FALSE,FALSE,FALSE,FALSE,FALSE
"2022-11-04_OWC_TR_127_46",2022-11-04,"Nov","OWC","TR",127,46,2022-11-04 13:51:29.5,1349.90817003181,0.00606036111522347,4.85666529861945e-321,0.688650303698014,0.412777175194551,-5127.43320894035,0.00609106125260298,7.33793585202473e-06,14.100086680945,0.00177617714536062,0,0.998177572179001,0.0315803267939977,-6100.31164721467,0.999160652746262,0.021449036546182,-5126.22716829345,TRUE,0.00608365717973216,7.82842016986489e-06,0.0346684130908532,2022-11-04 13:48:00,2022-11-04 13:54:59,426.79819,TRUE,TRUE,TRUE,FALSE,FALSE,FALSE,FALSE,FALSE
"2022-11-04_OWC_TR_128_47",2022-11-04,"Nov","OWC","TR",128,47,2022-11-04 12:40:29.5,896.997705019744,0.00429912960857104,0,0.725646327759717,0.318758480865077,-5887.39531200346,0.00389340506116373,6.25909562355833e-06,21.045973655405,0.00194868241597447,0,0.995835812724831,0.0392709571048198,-7017.48701814573,0.997932242853334,0.0276901115474777,-5865.96142593677,TRUE,0.00386894760565446,5.16529407031732e-06,0.0351244535857515,2022-11-04 12:36:00,2022-11-04 12:44:59,632.26398,TRUE,TRUE,TRUE,FALSE,FALSE,FALSE,FALSE,FALSE
"2022-11-04_OWC_UP_102_33",2022-11-04,"Nov","OWC","UP",102,33,2022-11-04 15:27:29.5,1519.13252057562,0.0136676368607119,7.29552841285936e-228,0.685621798198474,0.561469958985709,-2885.01997877235,0.0115365708626421,1.87096827880661e-05,16.4619084954728,0.00323250945991432,0,0.997643696804248,0.0486089117218812,-4625.64454340295,0.999660872043519,0.018461469699883,-2882.28139473639,TRUE,0.0115653211591228,1.95577180452819e-05,0.0538340488194774,2022-11-04 15:25:00,2022-11-04 15:29:59,492.90616,TRUE,TRUE,TRUE,FALSE,FALSE,FALSE,FALSE,FALSE
"2022-11-04_OWC_UP_103_34",2022-11-04,"Nov","OWC","UP",103,34,2022-11-04 14:30:29.5,665.191395064902,0.0169495326827758,1.33562864524497e-127,0.658450548302985,0.446319221072452,-2273.59767775015,0.0146594102213856,2.43228456894557e-05,14.3363827599317,0.00251716972180965,0,0.998521111948053,0.0293688164056778,-2658.06663207929,0.999279706465549,0.0205344131360052,-2259.73997150754,TRUE,0.0145824731707211,2.14308265694126e-05,0.0260178991172519,2022-11-04 14:29:00,2022-11-04 14:31:59,428.7605,TRUE,TRUE,TRUE,FALSE,FALSE,FALSE,FALSE,FALSE
"2022-11-04_OWC_UP_104_35",2022-11-04,"Nov","OWC","UP",104,35,2022-11-04 14:52:29.5,867.847722088164,0.00894755390530264,6.66232613151124e-225,0.680814812281914,0.391010097061054,-4189.82029578313,0.00797818017066684,9.0625643513812e-06,14.9626445497382,0.00156575743847499,0,0.99884264141221,0.0235451020479696,-5019.09236996288,0.999541464484946,0.0148366981361242,-4188.55547515749,TRUE,0.00797685903516199,9.29916726779098e-06,0.0252898969789772,2022-11-04 14:50:00,2022-11-04 14:54:59,448.20602,TRUE,TRUE,TRUE,FALSE,FALSE,FALSE,FALSE,FALSE
"2022-11-04_OWC_UP_105_36",2022-11-04,"Nov","OWC","UP",105,36,2022-11-04 15:02:29.5,1181.7706685703,0.011072474207153,5.14117427264456e-228,0.68586662525988,0.465510671037114,-2783.29326992444,0.0095615195406535,1.97975070706793e-05,14.3955718801558,0.0034204550453154,0,0.9961649170753,0.0514351464112363,-3022.79516501712,0.997074008503229,0.0449772910096634,-2781.91403917614,TRUE,0.00956458584472409,1.82930690595964e-05,0.0421685210128838,2022-11-04 15:00:00,2022-11-04 15:04:59,430.38818,TRUE,TRUE,TRUE,FALSE,FALSE,FALSE,FALSE,FALSE
"2022-11-04_OWC_UP_106_37",2022-11-04,"Nov","OWC","UP",106,37,2022-11-04 15:12:29.5,82.7957096186038,0.00592169702741756,3.55825351199702e-227,0.684510914652429,0.252798663737432,-4393.25226957811,0.00518557274208571,8.09409155437865e-06,14.5688283007506,0.00139843244887242,0,0.997816918429622,0.021028949891474,-5005.40320266388,0.99889910300756,0.0149499627524864,-4392.45384716654,TRUE,0.00518238996750653,8.41577185657958e-06,0.0200326234534382,2022-11-04 15:10:00,2022-11-04 15:14:59,437.3703,TRUE,TRUE,TRUE,FALSE,FALSE,FALSE,FALSE,FALSE
"2022-11-04_OWC_UP_107_38",2022-11-04,"Nov","OWC","UP",107,38,2022-11-04 14:20:59.5,499.550946184266,0.00693625743613884,0,0.767760070561656,0.287402458887386,-2748.11280161746,0.00424832792991535,1.76979352374966e-05,14.9099475054525,0.00489693158624066,0,0.975652018062086,0.0930579582187359,-6169.3874324304,0.997743565233453,0.0283488632111551,-2743.74620472304,TRUE,0.00421551721451965,1.8828004929354e-05,0.104745829812217,2022-11-04 14:17:00,2022-11-04 14:24:59,442.56335,TRUE,TRUE,TRUE,FALSE,FALSE,FALSE,FALSE,FALSE
"2022-11-04_OWC_UP_108_39",2022-11-04,"Nov","OWC","UP",108,39,2022-11-04 14:40:24.5,-639.585003026641,0.00422561132183293,6.59819097109556e-126,0.633502513967486,0.137589082849796,-3249.44435843982,0.00412866385862681,1.06472481888021e-05,14.6642454651942,0.00116335499674295,0,0.996236719545325,0.0139422147609755,-3259.16569539159,0.996326229505343,0.0137997252232513,-3248.95399115755,TRUE,0.00412938431581423,1.08373138923977e-05,0.0151114098873249,2022-11-04 14:38:50,2022-11-04 14:41:59,441.71838,TRUE,TRUE,TRUE,FALSE,FALSE,FALSE,FALSE,FALSE
"2022-11-08_PTR_TR_1_25",2022-11-08,"Nov","PTR","TR",1,25,2022-11-08 12:27:29.5,-1359.15914642168,0.00329203229864499,1.77264971197373e-144,0.704356937811729,0.0684864413232336,-2500.52872643427,0.0023759815434343,1.97133233461593e-05,14.189461705089,0.00204013055366738,0,0.964287331517297,0.0238030114358741,-2917.97641452103,0.983636605398086,0.0161423291615671,-2497.93956882863,TRUE,0.00234642145719848,1.97418807906884e-05,0.0211399339194073,2022-11-08 12:26:00,2022-11-08 12:28:59,409.48364,TRUE,TRUE,TRUE,FALSE,FALSE,FALSE,FALSE,FALSE
"2022-11-08_PTR_TR_2_26",2022-11-08,"Nov","PTR","TR",2,26,2022-11-08 12:35:59.5,-506.192179039539,0.00648407744938568,1.70952204977173e-190,0.701160363775478,0.169782559066822,-3170.18687522353,0.0044600812327293,1.43604082431123e-05,14.2903403527446,0.00198361721344659,0,0.992611575917448,0.0266962268046532,-4030.12822554156,0.997774468151434,0.0146722457832586,-3155.73128871602,TRUE,0.00440908844993576,1.39527202417865e-05,0.0233125672292891,2022-11-08 12:34:00,2022-11-08 12:37:59,411.37714,TRUE,TRUE,TRUE,FALSE,FALSE,FALSE,FALSE,FALSE
"2022-11-08_PTR_TR_3_27",2022-11-08,"Nov","PTR","TR",3,27,2022-11-08 12:43:59.5,293.309007724875,0.0048472496363834,2.40108658137612e-270,0.68185910105192,0.276651048577489,-5709.17631386611,0.00471241194801243,5.03079911052691e-06,14.2614094000924,0.00104345330688105,0,0.998772919729337,0.017181420044489,-5903.07805619702,0.998978374251161,0.0156917625818389,-5708.9685343443,TRUE,0.00471258366070958,5.26245881545544e-06,0.0172961370900877,2022-11-08 12:41:00,2022-11-08 12:46:59,412.59109,TRUE,TRUE,TRUE,FALSE,FALSE,FALSE,FALSE,FALSE
"2022-11-08_PTR_TR_4_28",2022-11-08,"Nov","PTR","TR",4,28,2022-11-08 12:53:24.5,NA,NA,NA,NA,NA,-3015.34513401642,0.0017270105060062,1.30743418165126e-05,14.1810387721101,0.00142854760325413,0,0.968472794889188,0.0171204125452746,-3060.68661590044,0.971087130017513,0.0164241553156647,-3015.09145976261,TRUE,0.00172603567806106,1.3064288292896e-05,0.0179419984324741,2022-11-08 12:51:50,2022-11-08 12:54:59,411.49863,TRUE,FALSE,TRUE,FALSE,FALSE,FALSE,FALSE,FALSE
"2022-11-08_PTR_TR_5_29",2022-11-08,"Nov","PTR","TR",5,29,2022-11-08 13:01:29.5,NA,NA,NA,NA,NA,-2170.38706417834,0.00166060167818143,2.67619591227914e-05,15.0393428948123,0.00276959341272315,2.3293031003713e-247,0.877401412650785,0.0323139436136884,-2445.6829531939,0.926909317831893,0.0249969476347651,-2170.03872194224,TRUE,0.0016637739125755,2.70174776438885e-05,0.0367194531151221,2022-11-08 13:00:00,2022-11-08 13:02:59,435.09937,TRUE,FALSE,TRUE,FALSE,FALSE,FALSE,FALSE,FALSE
"2022-11-08_PTR_TR_6_30",2022-11-08,"Nov","PTR","TR",6,30,2022-11-08 12:12:29.5,-1132.1390762221,0.00495909378212524,5.14834363060853e-138,0.687554342466762,0.0845074382817815,-2322.21694966897,0.00285368366740669,2.32521643062261e-05,14.1577345659178,0.00240636497494819,0,0.965512993001245,0.0280760135250232,-2593.05576579817,0.979269171875653,0.0218084479383808,-2311.06104061369,TRUE,0.00291447774565044,2.06391418937661e-05,0.0242412532427985,2022-11-08 12:11:00,2022-11-08 12:13:59,407.63589,TRUE,TRUE,TRUE,FALSE,FALSE,FALSE,FALSE,FALSE
"2022-11-08_PTR_TR_7_31",2022-11-08,"Nov","PTR","TR",7,31,2022-11-08 12:04:29.5,-731.482516899675,0.00468950636457532,2.09039352567319e-127,0.657881858156666,0.122464091103199,-2947.83855347194,0.00401061055165274,1.30282353652736e-05,14.4266922630986,0.00134829123239857,0,0.994354870766938,0.0157310479792482,-3093.44758521412,0.995720914458566,0.0137216057979958,-2947.70505524034,TRUE,0.00400863739056356,1.38881666730474e-05,0.0161488303554045,2022-11-08 12:03:00,2022-11-08 12:05:59,416.60397,TRUE,TRUE,TRUE,FALSE,FALSE,FALSE,FALSE,FALSE
"2022-11-08_PTR_TR_8_32",2022-11-08,"Nov","PTR","TR",8,32,2022-11-08 12:21:29.5,-1365.3650030603,0.0024466868795131,1.75039371280677e-123,0.646210420973407,0.0680940355238085,-2918.34016448416,0.00217711588607218,1.33889839624218e-05,14.0290874541784,0.00138562508130426,0,0.980058112913204,0.0161666367854891,-2964.02102507844,0.981810931084304,0.0154685829984718,-2917.81979228398,TRUE,0.00217308852448186,1.27394519296284e-05,0.0166474975761065,2022-11-08 12:20:00,2022-11-08 12:22:59,405.50854,TRUE,TRUE,TRUE,FALSE,FALSE,FALSE,FALSE,FALSE
"2022-11-08_PTR_UP_1_17",2022-11-08,"Nov","PTR","UP",1,17,2022-11-08 11:43:29.5,-928.294185107376,0.00345005883287447,9.32386788159852e-224,0.678934480067004,0.144153220944408,-4884.23336828951,0.00292856370759779,6.16178852712772e-06,14.1800307266004,0.00106458457524659,0,0.99604034368274,0.0160087072537166,-5026.90281668793,0.996635796683645,0.0147724591409473,-4883.96444105795,TRUE,0.00292826096631829,6.30679331062137e-06,0.0151496706669504,2022-11-08 11:41:00,2022-11-08 11:45:59,408.9483,TRUE,TRUE,TRUE,FALSE,FALSE,FALSE,FALSE,FALSE
"2022-11-08_PTR_UP_2_18",2022-11-08,"Nov","PTR","UP",2,18,2022-11-08 10:40:59.5,-1006.8190977203,0.00409213896415985,6.24394271221303e-182,0.684299881634289,0.119924331327788,-3778.35254797171,0.00306608637875407,9.41343307474923e-06,14.2510068468384,0.00130028670275833,0,0.993277630098639,0.0174997214647057,-3995.60667024597,0.995056155021368,0.0150282380725845,-3775.81627985106,TRUE,0.00305383871156387,9.51626621078843e-06,0.0173110912961625,2022-11-08 10:39:00,2022-11-08 10:42:59,409.79724,TRUE,TRUE,TRUE,FALSE,FALSE,FALSE,FALSE,FALSE
"2022-11-08_PTR_UP_3_19",2022-11-08,"Nov","PTR","UP",3,19,2022-11-08 10:32:59.5,-3751.21908900268,0.00169982230092824,0,0.755993348129394,0.0425334254569693,-4421.92747457454,0.000771604735367473,9.12965016781358e-06,14.4219868940241,0.00189360844052356,0,0.868872621759976,0.0311800075785605,-5689.30570846581,0.959594450664179,0.0173242036361598,-4418.59504705608,TRUE,0.000759592433541332,9.50002121010242e-06,0.0316007500715277,2022-11-08 10:30:00,2022-11-08 10:35:59,413.22754,TRUE,TRUE,TRUE,FALSE,FALSE,FALSE,FALSE,FALSE
"2022-11-08_PTR_UP_4_20",2022-11-08,"Nov","PTR","UP",4,20,2022-11-08 11:16:44.5,-2110.50224567384,0.000957131382366968,1.77573984887521e-71,0.510381311106169,0.0230894258910492,-2482.63132612839,0.000674055926246809,1.66243708820631e-05,14.2879919171362,0.0014325121771765,5.11273549887872e-152,0.785850709681784,0.0152701203861187,-2504.60296459544,0.79786038177879,0.0148689889737425,-2482.31280763772,TRUE,0.000675773958077832,1.82311052114768e-05,0.0155786009717768,2022-11-08 11:15:30,2022-11-08 11:17:59,412.84341,TRUE,TRUE,TRUE,FALSE,FALSE,FALSE,FALSE,FALSE
"2022-11-08_PTR_UP_5_21",2022-11-08,"Nov","PTR","UP",5,21,2022-11-08 11:30:29.5,NA,NA,NA,NA,NA,-3887.25287432898,0.00492164657942282,1.07214363325927e-05,14.0355864257582,0.00185236408129169,0,0.99575659365588,0.0278549539362146,-4370.99699423383,0.997531949867739,0.0212670026879867,-3879.05360572927,TRUE,0.00495023817071921,1.06138173247097e-05,0.0259563296686102,2022-11-08 11:28:00,2022-11-08 11:32:59,407.07498,TRUE,FALSE,TRUE,FALSE,FALSE,FALSE,FALSE,FALSE
"2022-11-08_PTR_UP_6_22",2022-11-08,"Nov","PTR","UP",6,22,2022-11-08 11:23:59.5,-411.350481403059,0.00854665583277287,9.86889354909823e-208,0.732424662486929,0.181341291479776,-2125.95717139714,0.00499016951572505,2.96551116114727e-05,14.285830163908,0.00409628952487553,0,0.975270348686426,0.0551293230731719,-3761.9930217208,0.997465046200556,0.017675202523119,-2123.01658610247,TRUE,0.0049747426554139,2.94858686324647e-05,0.0606305295714991,2022-11-08 11:22:00,2022-11-08 11:25:59,408.61768,TRUE,TRUE,TRUE,FALSE,FALSE,FALSE,FALSE,FALSE
"2022-11-08_PTR_UP_7_23",2022-11-08,"Nov","PTR","UP",7,23,2022-11-08 11:53:29.5,-492.285619946468,0.00415393149161232,4.76454900051796e-227,0.684305826699279,0.183663218979808,-4527.17259727129,0.0037635854223401,7.51374624579492e-06,14.0973874996433,0.00129816502471223,0,0.996433566109348,0.0195211769274584,-4850.63706469608,0.9975213432556,0.0162922575188423,-4526.61442340159,TRUE,0.00376008219364959,7.27184565218064e-06,0.018508681080008,2022-11-08 11:51:00,2022-11-08 11:55:59,407.16406,TRUE,TRUE,TRUE,FALSE,FALSE,FALSE,FALSE,FALSE
"2022-11-08_PTR_UP_8_24",2022-11-08,"Nov","PTR","UP",8,24,2022-11-08 11:36:29.5,361.920761402931,0.00694300644479375,2.90342896587602e-225,0.681404400569742,0.295202880250094,-4332.34957318607,0.00602716983536946,8.37263951565391e-06,14.2930977291333,0.00144655773940041,0,0.998270094716047,0.0217526347028795,-4981.25425714099,0.999162541016149,0.0151518841295147,-4332.15551656223,TRUE,0.00602857185794028,9.09709475122629e-06,0.0223603618042739,2022-11-08 11:34:00,2022-11-08 11:38:59,412.28897,TRUE,TRUE,TRUE,FALSE,FALSE,FALSE,FALSE,FALSE
"2022-12-20_OWC_TR_NA_1",2022-12-20,"Dec","OWC","TR",NA,1,2022-12-20 12:18:39.5,NA,NA,NA,NA,NA,-2935.4718347836,-0.000213355001311422,9.16826903627951e-06,17.1759608396165,0.00147815415760345,3.12197202732207e-84,0.492515291790914,0.0175366244239943,-2949.77532568454,0.508834187881855,0.0172833645076481,-2935.46004114343,TRUE,-0.000212571735287074,9.23723694494137e-06,0.0182653477812847,2022-12-20 12:16:20,2022-12-20 12:20:59,476.25931,TRUE,FALSE,TRUE,TRUE,FALSE,TRUE,TRUE,FALSE
"2022-12-20_OWC_TR_NA_2",2022-12-20,"Dec","OWC","TR",NA,2,2022-12-20 12:10:45.5,-1142.44412821937,0.00213299260385991,1.54379353968717e-130,0.669656248219511,0.0830444565703831,-2909.1790269359,0.0018526882474162,8.92149907781985e-06,15.1550178023783,0.00137655868691724,0,0.987768842552314,0.015979433452654,-2926.23240952531,0.988239953619299,0.0156980941232586,-2909.03578951197,TRUE,0.00185592447436947,9.08458841809626e-06,0.0159509257039642,2022-12-20 12:08:32,2022-12-20 12:12:59,419.8479,TRUE,TRUE,TRUE,FALSE,FALSE,FALSE,FALSE,FALSE
"2022-12-20_OWC_TR_NA_3",2022-12-20,"Dec","OWC","TR",NA,3,2022-12-20 12:03:39.5,-1599.53266902678,0.00138700333002495,2.77001386941583e-138,0.674963496505623,0.0578061022185063,-2929.18113594075,0.00123309203239241,9.21990929881272e-06,15.2891298530915,0.00148647985883027,0,0.969747911236672,0.0176353994365532,-2966.5347550832,0.971901407569278,0.0170266654915197,-2929.00081253064,TRUE,0.00122929945804096,9.194510972707e-06,0.0182576341010452,2022-12-20 12:01:20,2022-12-20 12:05:59,423.94827,TRUE,TRUE,TRUE,FALSE,FALSE,FALSE,FALSE,FALSE
"2022-12-20_OWC_TR_NA_4",2022-12-20,"Dec","OWC","TR",NA,4,2022-12-20 11:57:55,NA,NA,NA,NA,NA,-1923.38407459074,0.00289763759050842,1.78214435080532e-05,15.7005131172144,0.00193694305462766,0,0.985976639683942,0.0189040074717596,-1992.65301429226,0.988447621352746,0.017203692159393,-1923.13321587781,TRUE,0.00289298250815436,1.77242046785408e-05,0.0177879469561707,2022-12-20 11:56:21,2022-12-20 11:59:29,435.69846,TRUE,FALSE,TRUE,FALSE,FALSE,FALSE,FALSE,FALSE
"2022-12-20_OWC_TR_NA_5",2022-12-20,"Dec","OWC","TR",NA,5,2022-12-20 11:52:29.5,-894.233468644252,-0.00352065992283112,1.39316201504601e-90,0.679941287316635,0.0694966122164966,-1838.61856415977,-0.00233002856152492,1.89887597101e-05,20.5420597497057,0.00196514550999696,1.36314058270346e-294,0.976775389261395,0.0187207407510728,-1957.17450002955,0.983476570078352,0.0158349035728922,-1838.59766294904,TRUE,-0.00233270142489443,1.97297895731804e-05,0.0177563994610476,2022-12-20 11:51:00,2022-12-20 11:53:59,571.22369,TRUE,TRUE,TRUE,TRUE,FALSE,TRUE,TRUE,FALSE
"2022-12-20_OWC_TR_NA_6",2022-12-20,"Dec","OWC","TR",NA,6,2022-12-20 11:44:59.5,-1984.79020120017,0.000955745487016747,2.3259246712411e-102,0.619513153263904,0.0304828624425418,-2543.67561460157,0.00066820456051241,1.12197727082036e-05,16.5275224217433,0.0015497981602038,2.72740024058031e-223,0.881239721247606,0.0170302697277857,-2593.21456338461,0.893774146536959,0.0161402965092425,-2543.61922156341,TRUE,0.000667645092988102,1.16279436068788e-05,0.0166324035497943,2022-12-20 11:43:00,2022-12-20 11:46:59,458.70792,TRUE,TRUE,TRUE,FALSE,FALSE,FALSE,FALSE,FALSE
"2022-12-20_OWC_TR_NA_7",2022-12-20,"Dec","OWC","TR",NA,7,2022-12-20 11:38:44.5,NA,NA,NA,NA,NA,-2938.07788038413,-0.000134576787632828,8.76426739552457e-06,18.9715593610892,0.00136241845142441,2.16140842885864e-44,0.304712964349991,0.0158738642368357,-2936.42864117561,0.307733151494237,0.0158688737893512,-2938.06580635674,TRUE,-0.000133715758815535,9.04545219915344e-06,0.0176904456811856,2022-12-20 11:36:30,2022-12-20 11:40:59,527.5495,TRUE,FALSE,TRUE,TRUE,FALSE,TRUE,TRUE,FALSE
"2022-12-20_OWC_TR_NA_8",2022-12-20,"Dec","OWC","TR",NA,8,2022-12-20 11:32:14.5,-1580.9350004949,0.00134654643270385,7.05892745255813e-145,0.631760904014066,0.0728287439971633,-3515.3270996098,0.00124551556250583,6.87342671397515e-06,15.2699329769571,0.00130658701425586,0,0.980354754992602,0.0168215727085576,-3620.74893617474,0.983356085348661,0.0155069590312376,-3514.59119788457,TRUE,0.00125094461506554,7.25909935264619e-06,0.0169832645255742,2022-12-20 11:29:30,2022-12-20 11:34:59,422.30908,TRUE,TRUE,TRUE,FALSE,FALSE,FALSE,FALSE,FALSE
"2022-12-20_OWC_UP_101_9",2022-12-20,"Dec","OWC","UP",101,9,2022-12-20 12:23:59.5,-505.683086888961,0.00332828555014122,8.02506396982145e-97,0.598690234438773,0.142294836151574,-1290.2657232523,0.00310618423627878,4.14013275044601e-05,14.2652729330812,0.00571880579626115,1.41643208777874e-266,0.921728272962424,0.0628422511602057,-1291.89706611079,0.92264118845183,0.0626058105079244,-1290.12893619535,TRUE,0.00310934387913381,1.7227151566299e-05,0.0248497644948703,2022-12-20 12:22:00,2022-12-20 12:25:59,395.63177,TRUE,TRUE,TRUE,FALSE,FALSE,FALSE,FALSE,FALSE
"2022-12-20_OWC_UP_102_10",2022-12-20,"Dec","OWC","UP",102,10,2022-12-20 12:15:59.5,-730.441687772746,0.00377950417382171,3.5051339865611e-155,0.692296108151599,0.131208123292558,-3118.19023832576,0.00271886928271759,8.45671828119239e-06,14.5542282273368,0.00146108419653278,0,0.994247945974477,0.0179393088659886,-3357.57540027155,0.996165975340971,0.0146706427674906,-3118.12075281718,TRUE,0.00271775792381394,8.68091247422795e-06,0.0170526896555179,2022-12-20 12:13:30,2022-12-20 12:18:29,402.50867,TRUE,TRUE,TRUE,FALSE,FALSE,FALSE,FALSE,FALSE
"2022-12-20_OWC_UP_104_12",2022-12-20,"Dec","OWC","UP",104,12,2022-12-20 11:22:29.5,-996.013106210835,0.00261819877493517,7.67550067310235e-145,0.666812140208938,0.10515918761124,-3244.86592930987,0.00209188532823789,7.60950491440104e-06,14.0037933349263,0.00131470944214808,0,0.992149176459342,0.0161421079002114,-3295.81684303381,0.992836250051298,0.0154454408728122,-3244.76215391222,TRUE,0.00209016208592956,7.82265957856651e-06,0.0168501936976793,2022-12-20 11:20:00,2022-12-20 11:24:59,386.94687,TRUE,TRUE,TRUE,FALSE,FALSE,FALSE,FALSE,FALSE
"2022-12-20_OWC_UP_105_13",2022-12-20,"Dec","OWC","UP",105,13,2022-12-20 11:33:29.5,-850.336273346275,0.00276613160280591,9.61107292926376e-149,0.676668151611533,0.118732449141469,-3101.22172487262,0.00239793209135322,8.57714936294856e-06,15.5953511137572,0.00148189131632494,0,0.992407177162131,0.018194780350417,-3206.2081171465,0.993668358960276,0.016642968399847,-3101.02358500956,TRUE,0.00239755198956714,8.66179523626931e-06,0.0181539709217699,2022-12-20 11:31:00,2022-12-20 11:35:59,432.78427,TRUE,TRUE,TRUE,FALSE,FALSE,FALSE,FALSE,FALSE
"2022-12-20_OWC_UP_106_14",2022-12-20,"Dec","OWC","UP",106,14,2022-12-20 11:14:29.5,NA,NA,NA,NA,NA,-3254.14632148175,0.00053446202030676,7.55088256438158e-06,14.9522890094075,0.00130458114103539,7.54610551078042e-293,0.893366737629637,0.0160177518074008,-3323.09496275711,0.905574192151903,0.0150982992378444,-3253.87879918609,TRUE,0.000538058795574256,7.51115769509842e-06,0.0154316275938634,2022-12-20 11:12:00,2022-12-20 11:16:59,414.63968,TRUE,FALSE,TRUE,FALSE,FALSE,FALSE,FALSE,FALSE
"2022-12-20_OWC_UP_107_15",2022-12-20,"Dec","OWC","UP",107,15,2022-12-20 12:03:59.5,-542.705221376124,0.00369711464157984,4.15897946788532e-114,0.660183964111282,0.136911741082339,-2613.05406980936,0.0033752419877288,1.04375347339884e-05,14.1568169069422,0.00144174686497624,0,0.995449770675446,0.0158429262727386,-2631.51397744348,0.99565777817458,0.0155090513379527,-2612.99939160649,TRUE,0.00337767714380357,1.08318342182125e-05,0.0160122327620271,2022-12-20 12:02:00,2022-12-20 12:05:59,392.2345,TRUE,TRUE,TRUE,FALSE,FALSE,FALSE,FALSE,FALSE
"2022-12-20_OWC_UP_108_16",2022-12-20,"Dec","OWC","UP",108,16,2022-12-20 11:47:26,NA,NA,NA,NA,NA,-576.133761734181,0.00128957931042833,9.95641387520557e-05,14.8223359776916,0.00300347234549431,2.0074776824044e-23,0.617310377103545,0.015680640664902,-574.862048720467,0.627034575332782,0.0156311643701543,-576.119406971851,TRUE,0.00129435429411365,0.000101879872518061,0.0189432085752331,2022-12-20 11:47:00,2022-12-20 11:47:52,412.0202,TRUE,FALSE,TRUE,FALSE,FALSE,FALSE,FALSE,FALSE
"2022-12-20_OWC_UP_3_11",2022-12-20,"Dec","OWC","UP",3,11,2022-12-20 11:52:29.5,NA,NA,NA,NA,NA,-3013.41695167155,0.00480835157097807,9.22827610808108e-06,13.9810135839188,0.00159438779139006,0,0.997802168675306,0.0195760210874788,-3066.9789410063,0.998003222834086,0.0186904392366111,-3006.56790631708,TRUE,0.00482902710892056,8.85477846630909e-06,0.0175370476945961,2022-12-20 11:50:00,2022-12-20 11:54:59,389.73172,TRUE,FALSE,TRUE,FALSE,FALSE,FALSE,FALSE,FALSE
"2022-08-16_CRC_TR_309_156",2022-08-16,"Aug","CRC","TR",309,156,2022-08-16 09:21:59.5,NA,NA,NA,NA,NA,-5805.94319938239,0.00515136289410348,8.16114986587125e-06,13.4069596734859,0.00169272885448277,0,0.996403727064057,0.0321842061441887,-7540.4938507298,0.998924730667146,0.0176107289110294,-5745.79760369477,TRUE,0.00520599326108108,7.03906020520215e-06,0.0260911506601594,2022-08-16 09:19:00,2022-08-16 09:24:59,408.09839,TRUE,FALSE,TRUE,FALSE,FALSE,FALSE,FALSE,FALSE
"2022-08-16_CRC_TR_311_152",2022-08-16,"Aug","CRC","TR",311,152,2022-08-16 09:32:29.5,NA,NA,NA,NA,NA,-4982.09377627868,0.00321050801898624,1.01013758209215e-05,14.3747396268649,0.00174523498175532,0,0.988279393147604,0.0303039591060331,-6710.54183768465,0.997233337156725,0.0147355130008619,-4975.07214029462,TRUE,0.00323378420628541,1.05516868659527e-05,0.0328612924298786,2022-08-16 09:30:00,2022-08-16 09:34:59,437.72037,TRUE,FALSE,TRUE,FALSE,FALSE,FALSE,FALSE,FALSE
"2022-08-16_CRC_TR_312_153",2022-08-16,"Aug","CRC","TR",312,153,2022-08-16 10:35:29.5,3974.6588121235,0.00794700929164452,0,0.700991795640183,0.606649348479198,-6327.31264217466,0.0071046224072723,7.71328956548512e-06,13.5162842378538,0.00240142548533795,0,0.997462854110984,0.055881609128157,-9582.51172689182,0.999438895817219,0.0262917369243896,-6313.00895153166,TRUE,0.00713029413030942,7.79394340394461e-06,0.0625954192068807,2022-08-16 10:31:00,2022-08-16 10:39:59,412.20764,TRUE,TRUE,TRUE,FALSE,FALSE,FALSE,FALSE,FALSE
"2022-08-16_CRC_TR_313_154",2022-08-16,"Aug","CRC","TR",313,154,2022-08-16 09:11:29.5,NA,NA,NA,NA,NA,-6142.08646740967,0.00412108185216497,6.22978203911856e-06,14.5510106317418,0.00107633195082815,0,0.99726981099018,0.0186892422873666,-6363.80753689845,0.997737953465133,0.0170258547445606,-6141.91252081607,TRUE,0.0041210899719239,6.28750237051831e-06,0.0182678278040185,2022-08-16 09:09:00,2022-08-16 09:13:59,439.61398,TRUE,FALSE,TRUE,FALSE,FALSE,FALSE,FALSE,FALSE
"2022-08-16_CRC_TR_314_151",2022-08-16,"Aug","CRC","TR",314,151,2022-08-16 11:11:59.5,NA,NA,NA,NA,NA,-7005.18111570979,0.00561577146452777,5.3815854265072e-06,15.4399050239666,0.00111621096095877,0,0.998681174380821,0.0212227514009484,-7860.00913013887,0.999273608886362,0.0157614251427746,-7005.15518086646,TRUE,0.00561517921188488,5.75941331746342e-06,0.0218401317932472,2022-08-16 11:09:00,2022-08-16 11:14:59,468.41226,TRUE,FALSE,TRUE,FALSE,FALSE,FALSE,FALSE,FALSE
"2022-08-16_CRC_TR_315_150",2022-08-16,"Aug","CRC","TR",315,150,2022-08-16 10:54:59.5,NA,NA,NA,NA,NA,-6620.20594032504,0.00625579380676251,6.15124780033016e-06,14.3519423177005,0.00127584896905713,0,0.998611592077773,0.0242579820862876,-7108.908808317,0.999013899555065,0.0204578000649922,-6607.29142999068,TRUE,0.00627544644218159,5.95716815142177e-06,0.0212647993234223,2022-08-16 10:52:00,2022-08-16 10:57:59,437.98047,TRUE,FALSE,TRUE,FALSE,FALSE,FALSE,FALSE,FALSE
"2022-08-16_CRC_TR_316_157",2022-08-16,"Aug","CRC","TR",316,157,2022-08-16 08:44:59.5,-476.586186695671,0.00383067378423315,0,0.685684492068858,0.204782210124057,-7487.9832530338,0.00350810386794175,4.5509836148526e-06,14.5179296282418,0.00094393331917045,0,0.997585791371722,0.0179472007286322,-7920.27535449433,0.99821683314199,0.0154350320721518,-7483.86387777658,TRUE,0.00351658241841735,4.57381000493607e-06,0.0176896920849043,2022-08-16 08:42:00,2022-08-16 08:47:59,437.73462,TRUE,TRUE,TRUE,FALSE,FALSE,FALSE,FALSE,FALSE
"2022-08-16_CRC_TR_327_155",2022-08-16,"Aug","CRC","TR",327,155,2022-08-16 08:55:29.5,NA,NA,NA,NA,NA,-4875.8104792031,0.00671366303466244,1.05587652206454e-05,13.9136583999181,0.00182425906667542,0,0.997045533993343,0.0316761196820271,-5664.84974024733,0.998474302205987,0.0227818797302539,-4859.30795189785,TRUE,0.00675068699758538,1.0118277176235e-05,0.0322313866034137,2022-08-16 08:53:00,2022-08-16 08:57:59,423.63596,TRUE,FALSE,TRUE,FALSE,FALSE,FALSE,FALSE,FALSE
"2022-08-17_OWC_TR_1_136",2022-08-17,"Aug","OWC","TR",1,136,2022-08-17 11:31:44.5,903.73219083238,0.0127132094679375,5.14879255409588e-198,0.659080254688236,0.413382386853255,-3853.87094652737,0.0116580933552839,1.38582105518908e-05,17.4944043930566,0.00167421675835676,0,0.998817259929971,0.0243484066331983,-4712.47163218679,0.999576444930174,0.0145881326499954,-3852.18581483495,TRUE,0.0116619623926823,1.51555184902356e-05,0.0260930170525059,2022-08-17 11:30:00,2022-08-17 11:33:29,529.53015,TRUE,TRUE,TRUE,FALSE,FALSE,FALSE,FALSE,FALSE
"2022-08-17_OWC_TR_2_137",2022-08-17,"Aug","OWC","TR",2,137,2022-08-17 11:41:14.5,1630.8608247789,0.0126273067635312,2.01726747163138e-265,0.675098589800791,0.513882125813316,-3781.0466767151,0.0115436828081251,1.63776323589599e-05,13.6746246431753,0.0025459274015175,0,0.997834835546254,0.041950115230845,-4211.17463977024,0.998551503701869,0.0343439033609737,-3773.87312265262,TRUE,0.0115267478422286,1.16966806286865e-05,0.0284379286559222,2022-08-17 11:39:00,2022-08-17 11:43:29,413.64508,TRUE,TRUE,TRUE,FALSE,FALSE,FALSE,FALSE,FALSE
"2022-08-17_OWC_TR_4_138",2022-08-17,"Aug","OWC","TR",4,138,2022-08-17 12:04:02,1850.49179464207,0.0373252252420964,2.75450462111924e-170,0.670191049288059,0.904824951241039,-1364.01150376252,0.0310917331852291,6.81401426422857e-05,13.0094559741191,0.00685511509435597,0,0.996658679859895,0.0910735768256921,-2741.05289275039,0.999535386912457,0.0340096498204517,-1212.4698736096,TRUE,0.0303455406601321,3.33567415563193e-05,0.0473325117342667,2022-08-17 12:02:35,2022-08-17 12:05:29,387.76974,TRUE,TRUE,TRUE,FALSE,FALSE,FALSE,FALSE,FALSE
"2022-08-17_OWC_TR_5_139",2022-08-17,"Aug","OWC","TR",5,139,2022-08-17 12:12:59.5,863.122747228965,0.0297752407562335,9.18744990896656e-102,0.61732271601374,0.592138539252172,-2361.43453393706,0.0275692068532349,2.71312262457925e-05,16.3415522262335,0.00186795422270784,0,0.99953728114579,0.0205904379730086,-2628.8317346641,0.999737117067772,0.0155524442640444,-2360.41850684939,TRUE,0.0275952327837793,2.58410689708769e-05,0.0233672625772489,2022-08-17 12:12:00,2022-08-17 12:13:59,495.14127,TRUE,TRUE,TRUE,FALSE,FALSE,FALSE,FALSE,FALSE
"2022-08-17_OWC_TR_6_140",2022-08-17,"Aug","OWC","TR",6,140,2022-08-17 12:18:29.5,1691.21733646988,0.027100986995191,1.02879809121474e-160,0.638313114447602,0.780939267437013,-2105.35952506039,0.0249326559238074,4.01100631488802e-05,22.5605583699436,0.00415098783206949,0,0.998145239714238,0.0559235553349317,-2362.20333089507,0.998708928623567,0.0467231072425975,-2104.96854771562,TRUE,0.0249498859759924,3.1784074467781e-05,0.045296511020243,2022-08-17 12:17:00,2022-08-17 12:19:59,683.70435,TRUE,TRUE,TRUE,FALSE,FALSE,FALSE,FALSE,FALSE
"2022-08-17_OWC_TR_8_141",2022-08-17,"Aug","OWC","TR",8,141,2022-08-17 11:48:29.5,790.442746206074,0.0145432228046784,1.3019369426888e-162,0.642685460222631,0.417781878411386,-3560.14347744653,0.0134264328014195,1.46049515805905e-05,16.4639541611794,0.00151146549119028,0,0.999151142888123,0.020362990076817,-3935.77872365599,0.999498993189312,0.0156657712108189,-3558.73149800671,TRUE,0.0134328534062309,1.50682838459879e-05,0.0211013897151393,2022-08-17 11:47:00,2022-08-17 11:49:59,499.22003,TRUE,TRUE,TRUE,FALSE,FALSE,FALSE,FALSE,FALSE
"2022-08-17_OWC_UP_6_147",2022-08-17,"Aug","OWC","UP",6,147,2022-08-17 10:45:45.5,1444.55410119755,0.0323553097047824,1.13090748881209e-129,0.630525619500624,0.816889481928884,-2867.27997652041,0.0313993028827903,2.05943733042527e-05,20.3290990378651,0.00175082456309813,0,0.999746254150971,0.0214077297021093,-3226.92876573379,0.999862714655232,0.0157732276555334,-2863.82377079691,TRUE,0.0313854105557817,2.07096905331689e-05,0.0196633319597157,2022-08-17 10:44:32,2022-08-17 10:46:59,614.66003,TRUE,TRUE,TRUE,FALSE,FALSE,FALSE,TRUE,TRUE
"2022-08-17_OWC_UP_7_148",2022-08-17,"Aug","OWC","UP",7,148,2022-08-17 10:55:49.683398,NA,NA,NA,NA,NA,7411.96844762673,-0.00726714940650489,0.00357211168926609,20.1350106298986,0.535388388487797,0.042164779407985,0.00398678376820928,8.63943119741059,7401.34435229693,0.0179476616209065,8.58697774915727,7438.41864155403,TRUE,-0.00688201467165711,0.00134843414355471,3.51000584476067,2022-08-17 10:53:40,2022-08-17 10:57:59,620.13531,FALSE,FALSE,FALSE,TRUE,TRUE,TRUE,TRUE,TRUE
"2022-08-17_OWC_UP_8_149",2022-08-17,"Aug","OWC","UP",8,149,2022-08-17 10:34:59.5,3601.7243546973,0.0321243667153703,1.14606623677194e-159,0.530956705993428,1.57598003222225,2777.62742545761,0.0296993592748676,0.000477960058184325,13.4201218704021,0.0660210895612313,0,0.80120765763116,1.02599222710621,2771.90780262884,0.803210197424183,1.02187870389444,2788.22680483176,TRUE,0.0284928371174278,3.45816897263226e-05,0.0818659080551999,2022-08-17 10:33:00,2022-08-17 10:36:59,408.46707,TRUE,TRUE,TRUE,FALSE,FALSE,FALSE,FALSE,FALSE
"2022-09-16_CRC_TR_309_129",2022-09-16,"Sep","CRC","TR",309,129,2022-09-16 12:17:24.5,NA,NA,NA,NA,NA,-1897.00335254598,0.0101244000481028,3.28638880412586e-05,15.528234660988,0.00548822010523249,0,0.990937143096804,0.0811490353465425,-2400.55724656829,0.994942920608301,0.0606878291308222,-1897.00203021517,TRUE,0.0101235183577356,3.35959087325058e-05,0.107022912044949,2022-09-16 12:15:00,2022-09-16 12:19:49,475.50479,TRUE,FALSE,TRUE,FALSE,FALSE,FALSE,FALSE,FALSE
"2022-09-16_CRC_TR_311_130",2022-09-16,"Sep","CRC","TR",311,130,2022-09-16 12:07:29.5,2139.47100035607,0.0182111226980622,5.31538072575198e-225,0.68097525073758,0.792498616614448,-2963.60996822378,0.0161746934121169,1.79103736903213e-05,13.5533965008587,0.00309441122227323,0,0.99890014459784,0.0465322573065771,-4320.56193155654,0.999757557359248,0.0218713198179931,-2962.80532208724,TRUE,0.0161738748623773,1.92083787754202e-05,0.0452256677783809,2022-09-16 12:05:00,2022-09-16 12:09:59,410.09988,TRUE,TRUE,TRUE,FALSE,FALSE,FALSE,FALSE,FALSE
"2022-09-16_CRC_TR_312_131",2022-09-16,"Sep","CRC","TR",312,131,2022-09-16 11:59:29.5,1185.4562524429,0.0123137399527228,2.75237280599697e-234,0.695803907422,0.466464802307718,-3312.70174655228,0.00974505535237185,1.47529078230755e-05,12.8758558315183,0.00254888950494412,0,0.997946143587845,0.0383289659229466,-4355.18295850033,0.999357916999609,0.0214546687137009,-3295.95345608649,TRUE,0.00969530503327762,1.25911745508786e-05,0.0334007819134331,2022-09-16 11:57:00,2022-09-16 12:01:59,386.61185,TRUE,TRUE,TRUE,FALSE,FALSE,FALSE,FALSE,FALSE
"2022-09-16_CRC_TR_313_128",2022-09-16,"Sep","CRC","TR",313,128,2022-09-16 12:22:59.5,2878.32571670227,0.0500846253458439,7.72427034118945e-175,0.669617022018387,1.78090724894602,-1409.34628887387,0.0446401370051437,4.87780762697139e-05,13.7606073553328,0.00673776330654269,0,0.99914345419798,0.0906792178290282,-3490.76918660917,0.999952701097095,0.0213384915181667,-1407.16470082284,TRUE,0.0445936377635428,4.98978836353472e-05,0.104324427383862,2022-09-16 12:21:00,2022-09-16 12:24:59,412.69208,TRUE,TRUE,TRUE,FALSE,FALSE,FALSE,FALSE,FALSE
"2022-09-16_CRC_TR_314_132",2022-09-16,"Sep","CRC","TR",314,132,2022-09-16 11:42:51.5,672.717213055575,0.116401209242067,1.06172345977599e-83,0.717114871534539,0.737566751735186,484.762256522267,0.0441125192039886,0.00107846662233011,15.4346838630755,0.0617981136756535,2.80481491605421e-124,0.848811955934099,0.539206348825424,105.441927937626,0.957868741036759,0.285601686579837,486.793264056056,TRUE,0.0427837189874094,0.00109539106440325,0.599797990792658,2022-09-16 11:42:02,2022-09-16 11:43:41,442.70526,TRUE,TRUE,TRUE,FALSE,FALSE,FALSE,FALSE,FALSE
"2022-09-16_CRC_TR_315_133",2022-09-16,"Sep","CRC","TR",315,133,2022-09-16 11:52:29.5,NA,NA,NA,NA,NA,-1790.16565711207,0.0200371328063297,3.43737635857741e-05,12.5228398669848,0.00593882414910564,0,0.997364195906298,0.089305161322963,-2133.61052895325,0.998208347395362,0.0737107892498929,-1789.26512497014,TRUE,0.0200122255136164,2.86860244996499e-05,0.0892755183583916,2022-09-16 11:50:00,2022-09-16 11:54:59,396.28998,TRUE,FALSE,TRUE,FALSE,FALSE,FALSE,FALSE,FALSE
"2022-09-16_CRC_TR_316_134",2022-09-16,"Sep","CRC","TR",316,134,2022-09-16 12:30:59.5,2397.99315205295,0.0163836922527662,3.68292028481768e-293,0.711391173063904,0.733001513849621,-1575.62745088643,0.0130692208466876,3.40986866724235e-05,13.6556319704705,0.00707251205761512,0,0.992715171519415,0.116455427023196,-4022.94257574178,0.999247189943146,0.0374710633516841,-1570.94583904582,TRUE,0.0131323862737276,3.41217519669071e-05,0.136207803407176,2022-09-16 12:28:00,2022-09-16 12:33:59,412.14993,TRUE,TRUE,TRUE,FALSE,FALSE,FALSE,FALSE,FALSE
"2022-09-16_CRC_TR_327_135",2022-09-16,"Sep","CRC","TR",327,135,2022-09-16 12:13:09.5,666.285514069538,0.0163369748849276,8.21802430426388e-149,0.676837301476016,0.420197199960661,-1608.17644799709,0.0127348359460091,4.46465959676159e-05,13.0220907247424,0.00513600825413532,0,0.992703564288447,0.0631390322784923,-2490.66692117662,0.998334872248261,0.030212995272821,-1608.1195773745,TRUE,0.0127282465857479,4.82614307906847e-05,0.0729502844485913,2022-09-16 12:11:30,2022-09-16 12:14:49,393.54504,TRUE,TRUE,TRUE,FALSE,FALSE,FALSE,FALSE,FALSE
"2022-09-16_CRC_UP_301_126",2022-09-16,"Sep","CRC","UP",301,126,2022-09-16 12:46:29.5,3143.0038102415,0.0334905576070194,3.40576972448136e-227,0.68454167261715,1.38396657914182,-1089.58855723775,0.0283805734283558,5.07292712828662e-05,14.3470652129776,0.00876459805192531,0,0.997139071619907,0.131797780723309,-2284.29017522415,0.999244778734718,0.0677915982770275,-1089.34212947187,TRUE,0.0283883333220742,5.3029373248198e-05,0.155216252656494,2022-09-16 12:44:00,2022-09-16 12:48:59,432.68036,TRUE,TRUE,TRUE,FALSE,FALSE,FALSE,FALSE,FALSE
"2022-09-16_CRC_UP_308_127",2022-09-16,"Sep","CRC","UP",308,127,2022-09-16 12:37:59.5,2076.89205726039,0.0300253032941948,2.07063317514696e-177,0.675018348075141,1.02078482987784,-1890.57128254874,0.0257927886167688,3.49212990756857e-05,15.2068964334374,0.00482371314169783,0,0.998685570179022,0.0649192491365818,-3849.90719877152,0.999914003825288,0.0166283847207299,-1884.8888065851,TRUE,0.0257249689292857,3.5024839004395e-05,0.0744359310388483,2022-09-16 12:36:00,2022-09-16 12:39:59,458.98688,TRUE,TRUE,TRUE,FALSE,FALSE,FALSE,FALSE,FALSE
"2022-09-23_PTR_TR_1_110",2022-09-23,"Sep","PTR","TR",1,110,2022-09-23 13:11:59.5,-428.509984227991,0.00642719400518306,1.14998421846078e-188,0.697638439576793,0.179193194492203,-2937.09632794195,0.00467534428876467,1.68836116740532e-05,13.9495118737239,0.00233214976725073,0,0.990723578839382,0.0313869020226774,-3879.93111865149,0.997509639445021,0.0162852731824319,-2936.68184329796,TRUE,0.00466635783374945,1.81195406713881e-05,0.0347850207711104,2022-09-23 13:10:00,2022-09-23 13:13:59,408.97794,TRUE,TRUE,TRUE,FALSE,FALSE,FALSE,FALSE,FALSE
"2022-09-23_PTR_TR_2_111",2022-09-23,"Sep","PTR","TR",2,111,2022-09-23 13:06:29.5,NA,NA,NA,NA,NA,-2444.62364215573,0.0098576245653669,2.07606358420913e-05,14.6508658336125,0.00214851685589911,0,0.997619413746501,0.0250675973648854,-2866.05405393276,0.998917240704168,0.01693734965462,-2431.02688798957,TRUE,0.00992594309376427,1.89925925983195e-05,0.022157725231518,2022-09-23 13:05:00,2022-09-23 13:07:59,432.05161,TRUE,FALSE,TRUE,FALSE,FALSE,FALSE,FALSE,FALSE
"2022-09-23_PTR_TR_3_112",2022-09-23,"Sep","PTR","TR",3,112,2022-09-23 13:00:59.5,112.472824929358,0.00690858639539831,8.72327660727295e-172,0.663088802643517,0.260902566452585,-3558.51374250509,0.00647221046884622,1.09660436426616e-05,13.7553171494504,0.00151475031661605,0,0.99794304459351,0.0203860491483333,-3765.21563431288,0.998464915520346,0.0176356909666936,-3558.14548884507,TRUE,0.00647211661106356,9.57503885891078e-06,0.0177142715566647,2022-09-23 12:59:00,2022-09-23 13:02:59,405.30038,TRUE,TRUE,TRUE,FALSE,FALSE,FALSE,FALSE,FALSE
"2022-09-23_PTR_TR_4_113",2022-09-23,"Sep","PTR","TR",4,113,2022-09-23 12:55:29.5,-307.686212435769,0.00474214943374211,1.89943435966966e-227,0.684951443469746,0.203498569478579,-4304.23165061172,0.00417400834412996,8.50445596408495e-06,13.6964227892918,0.00146933193185211,0,0.996285958145536,0.0220951019792015,-4821.77420829476,0.997919456824925,0.0165556083303588,-4301.32330217753,TRUE,0.0041837751283954,8.58856584016357e-06,0.0220602989185347,2022-09-23 12:53:00,2022-09-23 12:57:59,402.9747,TRUE,TRUE,TRUE,FALSE,FALSE,FALSE,FALSE,FALSE
"2022-09-23_PTR_TR_5_114",2022-09-23,"Sep","PTR","TR",5,114,2022-09-23 12:47:59.5,291.381786947635,0.00836113423715516,6.97778561998808e-177,0.673917466310307,0.295417427239002,-3384.31050397827,0.00744940443637313,1.23762340907674e-05,14.5453342738116,0.00170954130025276,0,0.998022126380056,0.0230076155692214,-4000.89540414333,0.9991646472048,0.0149731446172919,-3382.25337923969,TRUE,0.00744602450604553,1.25403360434602e-05,0.0210336458110133,2022-09-23 12:46:00,2022-09-23 12:49:59,427.07126,TRUE,TRUE,TRUE,FALSE,FALSE,FALSE,FALSE,FALSE
"2022-09-23_PTR_TR_6_115",2022-09-23,"Sep","PTR","TR",6,115,2022-09-23 13:25:59.5,145.707454437813,0.0134227990952022,3.17495243591105e-205,0.728088799818698,0.266994119240235,-1003.2697014396,0.00717387090554965,6.46687822656046e-05,13.509712065359,0.00893276204290427,0,0.94487110782156,0.1202202924399,-2747.57411937008,0.995137885832418,0.0357525015801498,-1003.2697014396,TRUE,0.00717387090554965,6.46687822656046e-05,0.17874147739069,2022-09-23 13:24:00,2022-09-23 13:27:59,394.49414,TRUE,TRUE,TRUE,FALSE,FALSE,FALSE,FALSE,FALSE
"2022-09-23_PTR_TR_7_116",2022-09-23,"Sep","PTR","TR",7,116,2022-09-23 13:21:29.5,0.226002569720659,0.00846424131818184,3.58709449356431e-122,0.642220108758816,0.241127476446741,-2941.3221598132,0.00773789575347799,1.3107081428211e-05,13.8053565718526,0.00135645100633473,0,0.998458730301059,0.0158262512945299,-3031.83845058507,0.998706209362114,0.0145271186026226,-2941.23397011372,TRUE,0.00773469273378022,1.33665270254225e-05,0.0162884172897619,2022-09-23 13:20:00,2022-09-23 13:22:59,406.6814,TRUE,TRUE,TRUE,FALSE,FALSE,FALSE,FALSE,FALSE
"2022-09-23_PTR_TR_8_117",2022-09-23,"Sep","PTR","TR",8,117,2022-09-23 13:16:29.5,-904.784268666031,0.0034997655328397,1.36243883285495e-124,0.649549107758869,0.104308543165027,-2880.38709322706,0.00336942148277431,1.38678610616381e-05,13.4908035398311,0.00143518404122227,0,0.990968695320761,0.0167448608052988,-2994.73064045581,0.992746079200249,0.0150349311121736,-2880.19794076739,TRUE,0.0033703430339364,1.52859911520276e-05,0.0173408862484813,2022-09-23 13:15:00,2022-09-23 13:17:59,397.65448,TRUE,TRUE,TRUE,FALSE,FALSE,FALSE,FALSE,FALSE
"2022-09-23_PTR_UP_301_118",2022-09-23,"Sep","PTR","UP",301,118,2022-09-23 13:34:59.5,-1006.51998746684,0.00356102552539505,4.10621858473375e-175,0.670197611009396,0.11994924405198,-3872.49569576264,0.00300129109174799,8.81769531478135e-06,13.557763495855,0.00121799686424074,0,0.993840646401214,0.0163922355153542,-4009.50461187418,0.994936154778218,0.01488389299459,-3872.44050144807,TRUE,0.00300048390126404,9.16261050582893e-06,0.0183702166885177,2022-09-23 13:33:00,2022-09-23 13:36:59,399.24741,TRUE,TRUE,TRUE,FALSE,FALSE,FALSE,FALSE,FALSE
"2022-09-23_PTR_UP_302_121",2022-09-23,"Sep","PTR","UP",302,121,2022-09-23 13:51:29.5,-1166.90097529753,0.00206018854801782,4.82475961355566e-107,0.592814469338629,0.0818307110537989,-2275.4415595662,0.00239817917607946,2.42813547729523e-05,13.6307713109094,0.00251287582955354,0,0.947730344755579,0.0293187178635561,-2794.62301521926,0.980162750671481,0.0180954599041204,-2273.70721256285,TRUE,0.00242984896432897,2.41688717441746e-05,0.0274207823735236,2022-09-23 13:50:00,2022-09-23 13:52:59,402.99908,TRUE,TRUE,TRUE,FALSE,FALSE,FALSE,FALSE,FALSE
"2022-09-23_PTR_UP_303_120",2022-09-23,"Sep","PTR","UP",303,120,2022-09-23 13:47:14.5,-1516.80444540543,0.00317675564293672,6.21080355299599e-169,0.70566804633184,0.0723728779723719,-3030.4372525182,0.00216761152067444,1.43075624247035e-05,14.1348913111932,0.00172850316373681,0,0.973367920985239,0.0217700622983792,-3334.97938292922,0.983680396501137,0.0170688630240554,-3029.41903125059,TRUE,0.00216485939889465,1.42187001681692e-05,0.0241221506342,2022-09-23 13:45:30,2022-09-23 13:48:59,415.01624,TRUE,TRUE,TRUE,FALSE,FALSE,FALSE,FALSE,FALSE
"2022-09-23_PTR_UP_304_125",2022-09-23,"Sep","PTR","UP",304,125,2022-09-23 14:12:29.5,737.258385778951,0.00974404279549646,3.13495193859166e-238,0.70189103810418,0.363647049157339,-3375.62237431359,0.0076702516462239,1.42461158779435e-05,13.5738945642853,0.00246133004306525,0,0.996911790255166,0.0370122891411256,-4597.34396981528,0.999208892432721,0.0187540247397016,-3327.18924979822,TRUE,0.00758860095082433,1.09689196723251e-05,0.0285500757124054,2022-09-23 14:10:00,2022-09-23 14:14:59,396.4852,TRUE,TRUE,TRUE,FALSE,FALSE,FALSE,FALSE,FALSE
"2022-09-23_PTR_UP_305_122",2022-09-23,"Sep","PTR","UP",305,122,2022-09-23 13:56:59.5,NA,NA,NA,NA,NA,-3509.94576015708,0.00838223109213114,1.1342211787939e-05,13.3477994289522,0.00156671078984846,0,0.998687104585465,0.0210853516996957,-3810.58121546328,0.999140040394088,0.0170887588248182,-3509.44269507036,TRUE,0.00837706651028145,1.19834989395761e-05,0.0214665077379354,2022-09-23 13:55:00,2022-09-23 13:58:59,394.39151,TRUE,FALSE,TRUE,FALSE,FALSE,FALSE,FALSE,FALSE
"2022-09-23_PTR_UP_306_123",2022-09-23,"Sep","PTR","UP",306,123,2022-09-23 14:02:59.5,686.194386570498,0.00969782878301245,4.35696734896055e-169,0.657211054344913,0.388605534951306,-3588.4813178899,0.00956264686766148,1.07401895784578e-05,14.1091190378575,0.00148355287418287,0,0.999095103449394,0.0199661828589728,-3875.89523615177,0.999396298980048,0.0163309798764456,-3588.1879437656,TRUE,0.0095573769898435,1.11891507120115e-05,0.0220009426372836,2022-09-23 14:01:00,2022-09-23 14:04:59,416.89764,TRUE,TRUE,TRUE,FALSE,FALSE,FALSE,FALSE,FALSE
"2022-09-23_PTR_UP_307_124",2022-09-23,"Sep","PTR","UP",307,124,2022-09-23 14:07:29.5,-534.913728974685,0.00465174262303929,8.01437331557678e-119,0.63182599868296,0.146910857332015,-2930.11279867399,0.00464084513912234,1.32438287508796e-05,13.4294795723359,0.00137060297788257,0,0.995637689608535,0.0159913679533575,-2973.27895973255,0.996002548309965,0.015336550513884,-2929.82944108676,TRUE,0.00463599620569696,1.40971604091789e-05,0.0172809819730055,2022-09-23 14:06:00,2022-09-23 14:08:59,396.26859,TRUE,TRUE,TRUE,FALSE,FALSE,FALSE,FALSE,FALSE
"2022-09-23_PTR_UP_308_119",2022-09-23,"Sep","PTR","UP",308,119,2022-09-23 13:40:59.5,NA,NA,NA,NA,NA,-3644.91604718043,0.0042368690761209,1.03274144476759e-05,13.4770944323163,0.0014265358422963,0,0.995752153424791,0.0191988273406533,-3762.06212326231,0.996409994525829,0.0176743543603163,-3643.76662262367,TRUE,0.00422790868659595,9.73021133512461e-06,0.0180736309510381,2022-09-23 13:39:00,2022-09-23 13:42:59,397.70547,TRUE,FALSE,TRUE,FALSE,FALSE,FALSE,FALSE,FALSE
"2022-09-30_OWC_TR_120_102",2022-09-30,"Sep","OWC","TR",120,102,2022-09-30 15:03:14.5,1288.44669626413,0.0215254829263705,1.19094356586463e-150,0.663472725240851,0.670632576198076,-2320.55386825924,0.0190292888470755,2.51331514525529e-05,13.7794115742808,0.00303634752803215,0,0.998905708769708,0.0382420328938748,-3150.52018065374,0.999708772105588,0.0197598503753823,-2318.48918620075,TRUE,0.0189974115291417,2.53483063610796e-05,0.0437338667372819,2022-09-30 15:01:30,2022-09-30 15:04:59,401.76276,TRUE,TRUE,TRUE,FALSE,FALSE,FALSE,FALSE,FALSE
"2022-09-30_OWC_TR_121_103",2022-09-30,"Sep","OWC","TR",121,103,2022-09-30 14:54:59.5,1313.36960046331,0.0173157129901152,6.98274392262629e-178,0.676000201856937,0.600704494021458,-1958.6921371249,0.0151851402105489,3.33077726528506e-05,13.4331503963009,0.0046008351613158,0,0.996557449222539,0.0619196779119988,-3083.39962188013,0.999282108318475,0.0283154639981736,-1943.70827933575,TRUE,0.0151063826963251,2.94457439302956e-05,0.0589238528854076,2022-09-30 14:53:00,2022-09-30 14:56:59,394.3403,TRUE,TRUE,TRUE,FALSE,FALSE,FALSE,FALSE,FALSE
"2022-09-30_OWC_TR_122_104",2022-09-30,"Sep","OWC","TR",122,104,2022-09-30 14:42:29.5,-44.1032159457603,0.0114907039031799,1.80767082295781e-142,0.699234263175902,0.23143062876555,-1879.68114696321,0.00806553863141269,3.50282048218011e-05,13.6085483870471,0.00362506664362092,0,0.989954615372469,0.0422950887230242,-2296.43619767778,0.995391339420073,0.0287013787906405,-1818.71156001383,TRUE,0.00783020969629252,1.87876007273012e-05,0.0180050214970555,2022-09-30 14:41:00,2022-09-30 14:43:59,395.92886,TRUE,TRUE,TRUE,FALSE,FALSE,FALSE,FALSE,FALSE
"2022-09-30_OWC_TR_123_105",2022-09-30,"Sep","OWC","TR",123,105,2022-09-30 14:48:59.5,708.157818516031,0.011934827954622,1.28016504851782e-178,0.677526640816349,0.394578127873571,-2769.73442107304,0.0100024287998635,1.89644651814582e-05,14.6951367435966,0.00261958009416564,0,0.997425604788207,0.0352552417133395,-3622.11864515984,0.999216361840273,0.0194782343230906,-2767.49895261433,TRUE,0.00997964552162748,2.00234705578766e-05,0.0361970326533212,2022-09-30 14:47:00,2022-09-30 14:50:59,429.93787,TRUE,TRUE,TRUE,FALSE,FALSE,FALSE,FALSE,FALSE
"2022-09-30_OWC_TR_124_106",2022-09-30,"Sep","OWC","TR",124,106,2022-09-30 14:38:09.5,598.206629457626,0.0155465215606685,3.83110410931593e-125,0.651196445670816,0.419478178718086,-2599.54152803763,0.0136375036860276,1.79864050787858e-05,13.9009944019069,0.00186141189425669,0,0.999065035730691,0.0217178300311303,-2941.12967621166,0.999506989603655,0.0157999497089098,-2596.56291635136,TRUE,0.013621284808067,1.74928172553393e-05,0.0203196543995343,2022-09-30 14:36:40,2022-09-30 14:39:39,407.01526,TRUE,TRUE,TRUE,FALSE,FALSE,FALSE,FALSE,FALSE
"2022-09-30_OWC_TR_126_107",2022-09-30,"Sep","OWC","TR",126,107,2022-09-30 14:33:29.5,-312.436972788482,0.00659355863304611,1.54534653546105e-127,0.658265494756254,0.180516644460207,-2259.22764565763,0.00590425810721389,2.46486380090805e-05,16.5509548738546,0.00255088594782318,0,0.990710671925282,0.0297621969723929,-2716.53696173278,0.996046545668083,0.0194522544652588,-2257.07972746163,TRUE,0.0059380593344997,2.58849130026357e-05,0.0310711100847803,2022-09-30 14:32:00,2022-09-30 14:34:59,486.67947,TRUE,TRUE,TRUE,FALSE,FALSE,FALSE,FALSE,FALSE
"2022-09-30_OWC_TR_127_108",2022-09-30,"Sep","OWC","TR",127,108,2022-09-30 15:15:29.5,583.824831016034,0.0140701505716289,4.95187862146154e-123,0.644841451769167,0.413929234128187,-2388.6315058152,0.0133327601581727,2.18653514145065e-05,16.6159450089375,0.00226284379879053,0,0.998555135518701,0.0264014951020577,-2457.18386783817,0.998736785949765,0.0247321675862652,-2388.61169913656,TRUE,0.013331518277877,2.33857992490497e-05,0.0267479014834722,2022-09-30 15:14:00,2022-09-30 15:16:59,487.87094,TRUE,TRUE,TRUE,FALSE,FALSE,FALSE,FALSE,FALSE
"2022-09-30_OWC_TR_128_109",2022-09-30,"Sep","OWC","TR",128,109,2022-09-30 15:08:59.5,NA,NA,NA,NA,NA,-1724.98590778618,0.0187822338299222,3.3353234125982e-05,15.4935442418575,0.00229633242383408,0,0.998872349709582,0.0219212212427006,-1818.11217987075,0.999138998576678,0.0192086116480201,-1723.89936594583,TRUE,0.018808814798518,3.47776147488713e-05,0.0200674991032033,2022-09-30 15:08:00,2022-09-30 15:09:59,456.67764,TRUE,FALSE,TRUE,FALSE,FALSE,FALSE,FALSE,FALSE
"2022-09-30_OWC_UP_102_95",2022-09-30,"Sep","OWC","UP",102,95,2022-09-30 16:17:29.5,1249.01456309996,0.0260497392895936,6.52570131909003e-122,0.641424142826659,0.766328896014405,-2296.72785722674,0.0245772996034089,2.38074659689948e-05,17.4968107386383,0.00246383310798814,0,0.999495430371374,0.0287465170011313,-2738.9863813813,0.999779190316245,0.0190520836678869,-2295.27668263791,TRUE,0.0246023498442118,2.45605040968642e-05,0.0310768025378767,2022-09-30 16:16:00,2022-09-30 16:18:59,513.86768,TRUE,TRUE,TRUE,FALSE,FALSE,FALSE,FALSE,FALSE
"2022-09-30_OWC_UP_103_96",2022-09-30,"Sep","OWC","UP",103,96,2022-09-30 16:07:44.5,NA,NA,NA,NA,NA,-2407.00619313325,0.0215082626975637,1.80816510457286e-05,14.3807666314953,0.00155808514440746,0,0.999683476448065,0.0166086879441539,-2466.36970504607,0.99972504983907,0.0155142532616836,-2405.80574312899,TRUE,0.0215279874735335,1.67233968410603e-05,0.0166351478410623,2022-09-30 16:06:30,2022-09-30 16:08:59,422.9957,TRUE,FALSE,TRUE,FALSE,FALSE,FALSE,FALSE,FALSE
"2022-09-30_OWC_UP_104_97",2022-09-30,"Sep","OWC","UP",104,97,2022-09-30 15:52:44.5,117.92854598397,0.010054583469529,1.63620419856597e-96,0.621312177899767,0.274625670454003,-2368.52483021443,0.0102757697523623,1.88715357073327e-05,14.0369269154885,0.00162614903713098,0,0.998491282080606,0.0173342272117394,-2430.49517390613,0.998697012810687,0.0161451509984208,-2368.11515687991,TRUE,0.0102667505170229,2.0297834160008e-05,0.0187799735953444,2022-09-30 15:51:30,2022-09-30 15:53:59,413.72052,TRUE,TRUE,TRUE,FALSE,FALSE,FALSE,FALSE,FALSE
"2022-09-30_OWC_UP_105_98",2022-09-30,"Sep","OWC","UP",105,98,2022-09-30 15:57:14.5,1135.6527756743,0.0334012217315208,6.77497058420105e-99,0.630463507112909,0.850831129959199,-1951.01469900266,0.032245730711919,3.00107270293866e-05,14.9820076984823,0.00258600654548083,0,0.99961210149415,0.0275660004137736,-2344.39129182038,0.999839597765298,0.0177660749470461,-1949.68809928779,TRUE,0.0322745675639866,3.17060249850292e-05,0.0264649249033004,2022-09-30 15:56:00,2022-09-30 15:58:29,440.33707,TRUE,TRUE,TRUE,FALSE,FALSE,FALSE,FALSE,FALSE
"2022-09-30_OWC_UP_106_99",2022-09-30,"Sep","OWC","UP",106,99,2022-09-30 16:00:59.5,-112.657552796999,0.00795500719856092,6.48854119494303e-124,0.647511897395659,0.217196816517345,-2880.54518412362,0.00702012778180121,1.38658312263275e-05,13.5173794720101,0.00143497397369771,0,0.997905533149367,0.0167424098642645,-2903.28475848412,0.998006720436459,0.0163634198650627,-2880.47619206597,TRUE,0.00701719135924788,1.42660154008871e-05,0.0152076672001634,2022-09-30 15:59:30,2022-09-30 16:02:29,396.43536,TRUE,TRUE,TRUE,FALSE,FALSE,FALSE,FALSE,FALSE
"2022-09-30_OWC_UP_107_100",2022-09-30,"Sep","OWC","UP",107,100,2022-09-30 16:12:59.5,620.518902838613,0.0152136283526031,1.15501186083803e-123,0.646756216987332,0.428234532909123,-2700.24225494201,0.0138356547291152,1.63851393252228e-05,13.8736080020305,0.0016956970053452,0,0.999246027419924,0.0197843687686812,-2941.8225366251,0.999521537565037,0.0157898167006393,-2697.90328518127,TRUE,0.0138147703703275,1.6538410462322e-05,0.0189155143803534,2022-09-30 16:11:30,2022-09-30 16:14:29,407.15283,TRUE,TRUE,TRUE,FALSE,FALSE,FALSE,FALSE,FALSE
"2022-09-30_OWC_UP_108_101",2022-09-30,"Sep","OWC","UP",108,101,2022-09-30 15:43:14.5,-8.64663564491329,0.00522506557991634,1.328232439599e-190,0.658315389862912,0.240089484812778,-4448.99841687137,0.00525950006104164,6.98196361486337e-06,16.2303781077,0.00108535666779418,0,0.998578130806143,0.0154878185909831,-4461.58379136105,0.998606948633661,0.0153490731347603,-4448.59453075158,TRUE,0.00525719583744483,7.58962384852785e-06,0.0150506856526057,2022-09-30 15:41:00,2022-09-30 15:45:29,477.6658,TRUE,TRUE,TRUE,FALSE,FALSE,FALSE,FALSE,FALSE
