"Plot_clean","Date","Month","Site","Zone","Replicate","Row_ID","TIMESTAMP","HM81_AIC","HM81_flux.estimate","HM81_p.value","HM81_r.squared","HM81_RMSE","lin_AIC","lin_flux.estimate","lin_flux.std.error","lin_int.estimate","lin_int.std.error","lin_p.value","lin_r.squared","lin_RMSE","poly_AIC","poly_r.squared","poly_RMSE","rob_AIC","rob_converged","rob_flux.estimate","rob_flux.std.error","rob_RMSE","TIMESTAMP_min","TIMESTAMP_max","CO2_initial","CO2_lin_pass","CO2_HM81_pass","CO2_poly_pass","CO2_neg_flux","CO2_rejected_model","CO2_rejected_negflux","CO2_flux_rejected","CO2_rejected_manual"
"2022-10-14_CRC_TR_309_71",2022-10-14,"Oct","CRC","TR",309,71,2022-10-14 10:44:29.5,NA,NA,NA,NA,NA,1832.05107924689,0.503235838416285,0.00108892112051697,1179.57457209182,0.112692376089556,0,0.997487307334113,1.31482659870641,1783.35101585918,0.997720941900383,1.25454208989091,1832.29796362535,TRUE,0.503771858698055,0.00114213967912217,1.35037500037369,2022-10-14 10:43:00,2022-10-14 10:45:59,435.61884,TRUE,FALSE,TRUE,FALSE,FALSE,FALSE,FALSE,FALSE
"2022-10-14_CRC_TR_311_72",2022-10-14,"Oct","CRC","TR",311,72,2022-10-14 10:33:24.5,4635.26681221139,0.411453865764866,6.61714464846191e-124,0.627513602753014,14.0634509309944,2208.34455135982,0.418281450105871,0.0012777239424645,1137.07799324233,0.13960851729628,0,0.994727829341946,1.67313669177129,2126.38588331382,0.995465850672717,1.55435621944688,2208.46547573848,TRUE,0.417895137962744,0.00129335424931635,1.74866917533509,2022-10-14 10:31:50,2022-10-14 10:34:59,420.31625,TRUE,FALSE,TRUE,FALSE,FALSE,FALSE,FALSE,FALSE
"2022-10-14_CRC_TR_312_73",2022-10-14,"Oct","CRC","TR",312,73,2022-10-14 10:26:29.5,4678.33922580793,0.769760114504726,8.97589122692601e-129,0.661858403909976,18.3413262786715,2599.52169736404,0.60371482157068,0.00221623176625884,1181.37328474534,0.229357681653093,0,0.992802004090373,2.67600693959521,2210.56560022931,0.996523221435463,1.86328246222019,2611.82854710858,TRUE,0.609902260478202,0.00205498394607984,2.46645190325084,2022-10-14 10:25:00,2022-10-14 10:27:59,430.10779,TRUE,FALSE,TRUE,FALSE,FALSE,FALSE,FALSE,FALSE
"2022-10-14_CRC_TR_313_74",2022-10-14,"Oct","CRC","TR",313,74,2022-10-14 11:19:44.5,7521.16189275348,0.66934520928116,5.37034578539946e-201,0.677955978766354,25.0603366730226,3221.55854963567,0.565426006942568,0.000794920337405846,1131.34720128157,0.12357155324212,0,0.998405538641946,1.76334089650878,2762.13111327798,0.999100212509159,1.32628670401267,3222.45976234865,TRUE,0.565182807756237,0.000792402976519519,1.71845618246655,2022-10-14 11:17:30,2022-10-14 11:21:59,414.76917,TRUE,FALSE,TRUE,FALSE,FALSE,FALSE,FALSE,FALSE
"2022-10-14_CRC_TR_314_75",2022-10-14,"Oct","CRC","TR",314,75,2022-10-14 10:06:29.5,7285.21243440685,0.350744942234078,2.76975031385663e-234,0.695799645431682,13.8208831810937,3664.44826233163,0.288243241795011,0.000711684470148366,1404.09760049504,0.12295915480171,0,0.994555449266328,1.84900021957302,2847.01083809858,0.997814363710974,1.17281374775565,3665.30678555514,TRUE,0.287720483577154,0.000727778668264544,1.94632724076885,2022-10-14 10:04:00,2022-10-14 10:08:59,511.54135,TRUE,FALSE,TRUE,FALSE,FALSE,FALSE,FALSE,FALSE
"2022-10-14_CRC_TR_315_76",2022-10-14,"Oct","CRC","TR",315,76,2022-10-14 10:13:19.5,4427.69920323717,0.300470097469262,3.78882248865497e-135,0.641011905179426,9.65504187941203,1924.28556486002,0.277875402344002,0.000847674239400595,1169.55786659716,0.0975138595904879,0,0.994465876698051,1.19877742083589,1895.8936795959,0.99475672298986,1.16880753381255,1924.30288482947,TRUE,0.277771110690873,0.000904935918352851,1.2173428659491,2022-10-14 10:11:40,2022-10-14 10:14:59,426.98724,TRUE,FALSE,TRUE,FALSE,FALSE,FALSE,FALSE,FALSE
"2022-10-14_CRC_TR_316_77",2022-10-14,"Oct","CRC","TR",316,77,2022-10-14 11:30:59.5,NA,NA,NA,NA,NA,3812.66737966988,0.972391715960167,0.00183294517256088,1163.07665564735,0.253186506542352,0,0.997455313179355,3.40747416220907,3355.03076389289,0.998659764132022,2.47634831098471,3812.67851859455,TRUE,0.972567288968524,0.00188969525996699,4.39980690390314,2022-10-14 11:29:00,2022-10-14 11:32:59,427.48441,TRUE,FALSE,TRUE,FALSE,FALSE,FALSE,FALSE,FALSE
"2022-10-14_CRC_TR_327_78",2022-10-14,"Oct","CRC","TR",327,78,2022-10-14 11:00:59.5,5696.97645776578,0.309880298247297,1.01052814678911e-163,0.64521845543092,12.6103672445996,2775.70517836057,0.304221440778617,0.00089208970733089,1179.6024675177,0.123225222392186,0,0.993863951235866,1.65840892221325,2740.3851030846,0.994190062603998,1.61598997315854,2788.80647843775,TRUE,0.301728348750406,0.000725895095810818,1.26138964004349,2022-10-14 10:59:00,2022-10-14 11:02:59,434.74463,TRUE,FALSE,TRUE,FALSE,FALSE,FALSE,FALSE,FALSE
"2022-10-14_CRC_UP_301_63",2022-10-14,"Oct","CRC","UP",301,63,2022-10-14 13:14:29.5,4761.20857471908,0.903894565370498,1.75016645560935e-132,0.672418406945564,19.8040737009625,2517.7185402406,0.6629713632609,0.00205456611021721,1108.78157616267,0.212626913401708,0,0.99485962523554,2.48080243795056,2185.71320124878,0.997240929413659,1.82089514202548,2523.12429825309,TRUE,0.65896934965718,0.00191646986592839,2.21957653179595,2022-10-14 13:13:00,2022-10-14 13:15:59,410.56839,TRUE,FALSE,TRUE,FALSE,FALSE,FALSE,FALSE,FALSE
"2022-10-14_CRC_UP_302_64",2022-10-14,"Oct","CRC","UP",302,64,2022-10-14 13:20:29.5,7342.88509924012,0.616984124098115,5.14700839003786e-285,0.765458694915077,14.2708799178001,5866.08129281784,0.332068605396631,0.00241816463148338,1096.80171501805,0.417791158484318,0,0.954544283185289,6.28254110089596,3846.96078550181,0.995198987081111,2.0440507949773,5905.68564050159,TRUE,0.319248199567909,0.00216030980050501,6.12774905470013,2022-10-14 13:18:00,2022-10-14 13:22:59,404.8353,TRUE,FALSE,TRUE,FALSE,FALSE,FALSE,FALSE,FALSE
"2022-10-14_CRC_UP_303_65",2022-10-14,"Oct","CRC","UP",303,65,2022-10-14 13:25:29.5,4209.65151707978,0.630994317805596,3.81201238282413e-142,0.698399545428275,11.8839253938518,2880.05651880217,0.410305239745404,0.00287359200061818,1083.53463109277,0.297387849643196,0,0.974289738726397,3.4697418619716,2264.62452431774,0.991835512982218,1.95892187148757,2881.74450839399,TRUE,0.406861733329055,0.00307055835575442,3.63717151171811,2022-10-14 13:24:00,2022-10-14 13:26:59,402.14539,TRUE,FALSE,TRUE,FALSE,FALSE,FALSE,FALSE,FALSE
"2022-10-14_CRC_UP_305_67",2022-10-14,"Oct","CRC","UP",305,67,2022-10-14 13:00:59.5,5217.9870357021,1.07075080793788,8.73029339981843e-124,0.647123208957327,30.2298751397357,2084.24202870786,0.977040393180456,0.00137533528738883,1110.22897966208,0.142333359630381,0,0.998935093003946,1.66065969694834,1762.67246039997,0.999417262901483,1.23075010722741,2085.15605737146,TRUE,0.977699042910589,0.00135759129193065,1.52691886635752,2022-10-14 12:59:30,2022-10-14 13:02:29,413.18341,TRUE,FALSE,TRUE,FALSE,FALSE,FALSE,FALSE,FALSE
"2022-10-14_CRC_UP_306_68",2022-10-14,"Oct","CRC","UP",306,68,2022-10-14 12:55:44.5,2225.15470204365,0.160262399291561,2.6841795650669e-93,0.608606133507809,2.8548408255603,1545.18714878051,0.100508111738483,0.00146004656080379,1090.02903148031,0.125811346031311,2.20943036063598e-240,0.913626978413075,1.34110859959625,1493.72895575172,0.923641836505553,1.26378793762151,1545.25430280194,TRUE,0.100135490511096,0.00155104382525519,1.40561587275518,2022-10-14 12:54:30,2022-10-14 12:56:59,406.3812,TRUE,TRUE,TRUE,FALSE,FALSE,FALSE,FALSE,FALSE
"2022-10-14_CRC_UP_307_69",2022-10-14,"Oct","CRC","UP",307,69,2022-10-14 12:31:14.5,NA,NA,NA,NA,NA,972.36322458892,-0.0511452285850459,0.00340617571008426,1092.74259564962,0.175514475762304,2.13579118128497e-37,0.456900001947428,1.45403213949018,939.262431610889,0.526627257581529,1.36258093379104,972.408736251793,TRUE,-0.0512355582567392,0.00335701540295592,1.62349815779513,2022-10-14 12:30:30,2022-10-14 12:31:59,407.04578,TRUE,FALSE,TRUE,TRUE,FALSE,TRUE,TRUE,FALSE
"2022-10-14_CRC_UP_308_70",2022-10-14,"Oct","CRC","UP",308,70,2022-10-14 13:06:59.5,2982.90849328343,0.632722580707963,3.11720293414184e-179,0.678792224511708,1.91506172225627,2485.28163375685,0.0446137994269446,0.000729153067565602,1112.30613312956,0.100718625235061,4.89513757834454e-287,0.83907478187342,1.35550712330036,2311.82984176252,0.874226967759519,1.20002205403607,2485.57513613945,TRUE,0.04483797467475,0.000773175765588127,1.45075460770457,2022-10-14 13:05:00,2022-10-14 13:08:59,413.43304,TRUE,TRUE,TRUE,FALSE,FALSE,FALSE,FALSE,FALSE
"2022-10-21_OWC_TR_120_55",2022-10-21,"Oct","OWC","TR",120,55,2022-10-21 12:32:59.5,10905.3578884738,0.720729055697966,4.15765785882644e-278,0.692230453107647,37.6369873714718,5212.18119507594,0.651697127703365,0.000789786671013616,1142.25076434105,0.163812049635474,0,0.998419262710305,2.69731631935554,3645.42648020643,0.999630834836131,1.30471492861208,5213.50397065857,TRUE,0.651738475224129,0.000817146768556451,3.05968182575882,2022-10-21 12:30:00,2022-10-21 12:35:59,426.13788,TRUE,FALSE,TRUE,FALSE,FALSE,FALSE,FALSE,FALSE
"2022-10-21_OWC_TR_121_56",2022-10-21,"Oct","OWC","TR",121,56,2022-10-21 13:47:59.5,10442.6800486289,0.749521259930548,4.12060059875991e-302,0.722215142195604,30.3800022105107,6846.81131133849,0.551378581057567,0.00168334148182277,1226.31928534781,0.34914696397687,0,0.990052325241895,5.7490264353808,4045.0932667067,0.999259587819485,1.56990560143815,6846.94218146902,TRUE,0.55174912616094,0.00175274672262717,7.62016910176775,2022-10-21 13:45:00,2022-10-21 13:50:59,456.24051,TRUE,FALSE,TRUE,FALSE,FALSE,FALSE,FALSE,FALSE
"2022-10-21_OWC_TR_122_57",2022-10-21,"Oct","OWC","TR",122,57,2022-10-21 13:12:29.5,23884.6740073342,0.48816318044874,0,0.75108054781835,39.7961339545961,15079.8754546123,0.353072120930929,0.000556752189881749,1128.18610196728,0.250482907165444,0,0.994220050563257,6.06419957130056,7703.59045867723,0.999753297719706,1.25338323635857,15087.0208562689,TRUE,0.352313911462546,0.000562524438957835,7.02519933456731,2022-10-21 13:06:00,2022-10-21 13:18:59,414.94882,TRUE,FALSE,TRUE,FALSE,FALSE,FALSE,FALSE,FALSE
"2022-10-21_OWC_TR_123_58",2022-10-21,"Oct","OWC","TR",123,58,2022-10-21 13:00:29.5,8394.54558304621,0.550337140625367,1.06003913581236e-221,0.675533621669095,25.5970450220959,3221.81012709306,0.518046502321249,0.000556531948154871,1183.42260894383,0.0961531420673068,0,0.998964692918164,1.44590438249022,2920.68952363473,0.999262378761132,1.22181612308806,3222.16452083892,TRUE,0.51771774924344,0.000580528101200704,1.52282232906812,2022-10-21 12:58:00,2022-10-21 13:02:59,442.03397,TRUE,FALSE,TRUE,FALSE,FALSE,FALSE,FALSE,FALSE
"2022-10-21_OWC_TR_124_59",2022-10-21,"Oct","OWC","TR",124,59,2022-10-21 13:26:59.5,14800.5274516294,0.683756059760377,0,0.71863279020409,41.2126435856078,8697.06717471534,0.559189330473116,0.000941494780851423,1193.21703745553,0.260506972636217,0,0.995940147952469,4.95049737745694,5182.3016954405,0.999647406910156,1.45993275577454,8704.54603421092,TRUE,0.560963700429535,0.00101129888474746,5.41235254776772,2022-10-21 13:23:00,2022-10-21 13:30:59,443.35062,TRUE,FALSE,TRUE,FALSE,FALSE,FALSE,FALSE,FALSE
"2022-10-21_OWC_TR_126_60",2022-10-21,"Oct","OWC","TR",126,60,2022-10-21 12:10:59.5,5961.6150886254,0.453483354882576,4.12236189568723e-176,0.672301150792732,15.1544785149944,2816.09927389982,0.380784649887598,0.000917468412474625,1142.31359036094,0.126730807715795,0,0.995849108713247,1.70558833780197,2297.38115047043,0.997991625506025,1.18804146269661,2818.06811540877,TRUE,0.381988453262208,0.000920483572490407,1.63692294085334,2022-10-21 12:09:00,2022-10-21 12:12:59,424.75146,TRUE,FALSE,TRUE,FALSE,FALSE,FALSE,FALSE,FALSE
"2022-10-21_OWC_TR_127_61",2022-10-21,"Oct","OWC","TR",127,61,2022-10-21 13:38:59.5,6834.92003520723,0.683825113988315,6.58182908284769e-167,0.652389838515186,27.7922684381806,2523.61131480712,0.67915270034749,0.00074882215589204,1176.24136736379,0.103435535612302,0,0.999127896484863,1.39207227062165,2365.92137362252,0.999303311243191,1.24595648846469,2523.63445190882,TRUE,0.679086300335042,0.000773996648304427,1.40247881133522,2022-10-21 13:37:00,2022-10-21 13:40:59,442.24741,TRUE,FALSE,TRUE,FALSE,FALSE,FALSE,FALSE,FALSE
"2022-10-21_OWC_TR_128_62",2022-10-21,"Oct","OWC","TR",128,62,2022-10-21 12:19:59.5,11726.3213444069,1.08799505938918,4.76327059098945e-280,0.694770778764892,55.0401515792441,5992.51988974595,0.957030474969638,0.00113346068699624,1156.57979968714,0.235094519992077,0,0.998490184257737,3.87104786721603,3515.13105386702,0.999848261196918,1.22833871073316,5995.39174981189,TRUE,0.956634752124659,0.00118197106368429,4.19095618610357,2022-10-21 12:17:00,2022-10-21 12:22:59,428.19778,TRUE,FALSE,TRUE,FALSE,FALSE,FALSE,FALSE,FALSE
"2022-10-21_OWC_UP_102_48",2022-10-21,"Oct","OWC","UP",102,48,2022-10-21 14:04:59.5,7726.55119074768,1.42904154018253,2.35170568589252e-174,0.668591526781134,51.6219087596108,3685.73831256848,1.29171987997991,0.00167829579632837,1238.51465427374,0.231824637189458,0,0.998789405496646,3.11997851771154,2303.20364893317,0.999823534700325,1.19285491638417,3691.59741608813,TRUE,1.29483514061002,0.00179109850762594,3.19781601057006,2022-10-21 14:03:00,2022-10-21 14:06:59,463.13663,TRUE,FALSE,TRUE,FALSE,FALSE,FALSE,FALSE,FALSE
"2022-10-21_OWC_UP_103_49",2022-10-21,"Oct","OWC","UP",103,49,2022-10-21 14:24:14.5,6455.66390348937,1.19148438633898,4.92411475574517e-147,0.654436275918896,40.5052732377999,2421.35028840035,1.13451184353626,0.00108312292751032,1176.55026215655,0.130852576514707,0,0.999427930812944,1.64805526677206,2126.7302132183,0.999643882824585,1.30237667205935,2423.25035617392,TRUE,1.13373277608365,0.0010968777232843,1.57164804789313,2022-10-21 14:22:30,2022-10-21 14:25:59,440.26224,TRUE,FALSE,TRUE,FALSE,FALSE,FALSE,FALSE,FALSE
"2022-10-21_OWC_UP_104_50",2022-10-21,"Oct","OWC","UP",104,50,2022-10-21 14:46:29.5,4822.84174922207,0.703311403789513,7.62480023695973e-122,0.64121680609943,20.9671182545824,1839.03008385352,0.67194109045932,0.00109598055839679,1125.07843279732,0.113422956857569,0,0.998570762434287,1.32335057397093,1778.42989718559,0.998731910856556,1.2488386582097,1839.44345595175,TRUE,0.672039347624193,0.00110653140549715,1.27676934496956,2022-10-21 14:45:00,2022-10-21 14:47:59,421.86285,TRUE,FALSE,TRUE,FALSE,FALSE,FALSE,FALSE,FALSE
"2022-10-21_OWC_UP_105_51",2022-10-21,"Oct","OWC","UP",105,51,2022-10-21 14:39:14.5,6820.89184199718,1.97617175390205,3.89084067895121e-157,0.679091871186919,54.1249689310002,4181.7955756208,1.56976286734756,0.00437990601953877,1147.88501088827,0.529138450486234,0,0.99513477391434,6.66436560442834,2622.2912757001,0.999593283814855,1.92994833889089,4181.79727554845,TRUE,1.56990815619786,0.00444882670660575,8.46911836303214,2022-10-21 14:37:30,2022-10-21 14:40:59,426.60873,TRUE,FALSE,TRUE,FALSE,FALSE,FALSE,FALSE,FALSE
"2022-10-21_OWC_UP_106_52",2022-10-21,"Oct","OWC","UP",106,52,2022-10-21 14:52:29.096345,8501.68572309957,0.747138582259548,8.83035365105949e-237,0.698461682356998,26.7441306244774,4009.5188966929,0.560275757009605,0.000852939462820139,1093.54486753054,0.147125508912191,0,0.997916221140775,2.22322309289066,3266.10610648594,0.999089277148316,1.47140727051498,4027.04009708102,TRUE,0.557558618600732,0.000724497554052935,1.8607523472988,2022-10-21 14:50:00,2022-10-21 14:54:59,404.64587,TRUE,FALSE,TRUE,FALSE,FALSE,FALSE,FALSE,FALSE
"2022-10-21_OWC_UP_107_53",2022-10-21,"Oct","OWC","UP",107,53,2022-10-21 14:14:29.5,9166.15006003571,1.09117833681778,2.87095136191614e-239,0.703473264065871,39.2969170754857,5586.69056467605,0.830052024741384,0.00207050339663599,1173.94413411978,0.35772502891816,0,0.994443545810668,5.37929573510085,4137.82868372303,0.998894089264805,2.40254069324482,5587.40519376965,TRUE,0.828365778487634,0.00219327378924607,6.14466448550013,2022-10-21 14:12:00,2022-10-21 14:16:59,435.72589,TRUE,FALSE,TRUE,FALSE,FALSE,FALSE,FALSE,FALSE
"2022-10-21_OWC_UP_108_54",2022-10-21,"Oct","OWC","UP",108,54,2022-10-21 14:31:59.5,5987.89055460966,0.400029063445407,7.93992888440333e-170,0.658831621332681,15.4335382704635,2280.67375240432,0.380478137192008,0.000632572521608971,1083.76081916786,0.0873778601119299,0,0.998019273078873,1.17596235576131,2172.75951661509,0.998304415582289,1.08954842379488,2281.15092889137,TRUE,0.380401005103865,0.000644318322496193,1.20130107354207,2022-10-21 14:30:00,2022-10-21 14:33:59,407.24164,TRUE,FALSE,TRUE,FALSE,FALSE,FALSE,FALSE,FALSE
"2022-10-07_PTR_TR_1_87",2022-10-07,"Oct","PTR","TR",1,87,2022-10-07 12:57:59.5,NA,NA,NA,NA,NA,2502.78429969091,0.0764778928058533,0.000738069732275459,1092.15386879428,0.101950292838487,0,0.937319147082104,1.37208334449167,2336.84793454667,0.950496998924487,1.22105301135958,2503.00941629877,TRUE,0.0761688473398952,0.000766018634468023,1.4641413905914,2022-10-07 12:56:00,2022-10-07 12:59:59,398.54031,TRUE,FALSE,TRUE,FALSE,FALSE,FALSE,FALSE,FALSE
"2022-10-07_PTR_TR_2_88",2022-10-07,"Oct","PTR","TR",2,88,2022-10-07 11:45:59.5,NA,NA,NA,NA,NA,2798.84836953307,0.488313971633369,0.000906542902597569,1306.61668756722,0.125221656367803,0,0.997531520668656,1.68527764156712,2763.34388194085,0.997663311019314,1.641961151969,2800.26270073399,TRUE,0.487385398462395,0.000881944375847262,1.54185970454255,2022-10-07 11:44:00,2022-10-07 11:47:59,477.1391,TRUE,FALSE,TRUE,FALSE,FALSE,FALSE,FALSE,FALSE
"2022-10-07_PTR_TR_3_89",2022-10-07,"Oct","PTR","TR",3,89,2022-10-07 11:39:59.5,6091.80220526404,0.42713031532532,1.25793162306875e-169,0.658394361674125,16.5884027171636,2472.91962419993,0.408633303757348,0.00072292027786707,1087.30371241031,0.0998576839077333,0,0.997757859117862,1.34392026834465,2417.34456404961,0.997935912951719,1.29125426918446,2473.00143498482,TRUE,0.408775775487831,0.000729827485769758,1.42026164851234,2022-10-07 11:38:00,2022-10-07 11:41:59,395.8288,TRUE,FALSE,TRUE,FALSE,FALSE,FALSE,FALSE,FALSE
"2022-10-07_PTR_TR_4_90",2022-10-07,"Oct","PTR","TR",4,90,2022-10-07 11:32:59.5,NA,NA,NA,NA,NA,3525.65431224549,0.272212640099188,0.00150171746072179,1082.44928248434,0.207433699264768,0,0.978615629158429,2.79171658975401,3046.01351849425,0.989076275364006,1.99808597632975,3526.54845673107,TRUE,0.273133747472592,0.00160508108285533,2.93526010302572,2022-10-07 11:31:00,2022-10-07 11:34:59,396.14044,TRUE,FALSE,TRUE,FALSE,FALSE,FALSE,FALSE,FALSE
"2022-10-07_PTR_TR_5_91",2022-10-07,"Oct","PTR","TR",5,91,2022-10-07 11:25:59.5,NA,NA,NA,NA,NA,2947.5320530172,0.219793633159442,0.00100514884579112,1110.54462733323,0.138842191589054,0,0.985206120189045,1.86858765470997,2745.33015061089,0.988890261813106,1.62154892036805,2947.74512761718,TRUE,0.220231879458638,0.00104744697940368,2.03976384082959,2022-10-07 11:24:00,2022-10-07 11:27:59,404.57703,TRUE,FALSE,TRUE,FALSE,FALSE,FALSE,FALSE,FALSE
"2022-10-07_PTR_TR_6_92",2022-10-07,"Oct","PTR","TR",6,92,2022-10-07 12:12:29.5,7895.42320407316,0.635999925900775,5.27095501621819e-252,0.722213604622062,19.3983246764858,5475.76397767453,0.420491767944356,0.00194675889150963,1154.11085328847,0.336345442317766,0,0.981115486307398,5.05779986614942,3245.44341623403,0.998422622270738,1.46339226021009,5477.75706449016,TRUE,0.422467449142354,0.00200761614251717,6.09344101088939,2022-10-07 12:10:00,2022-10-07 12:14:59,417.79251,TRUE,FALSE,TRUE,FALSE,FALSE,FALSE,FALSE,FALSE
"2022-10-07_PTR_TR_7_93",2022-10-07,"Oct","PTR","TR",7,93,2022-10-07 12:04:44.5,5926.80717575969,0.342873388578392,5.55923866175722e-226,0.720678770586401,9.36628749287167,4527.60553338137,0.221386341843773,0.00178013368950792,1125.20986383999,0.276724439720572,0,0.950352251383112,3.948801393365,3109.60806535753,0.991420285698721,1.64357711023072,4527.61917317595,TRUE,0.221468207173579,0.00178668352335987,5.24415279329416,2022-10-07 12:02:30,2022-10-07 12:06:59,409.08621,TRUE,FALSE,TRUE,FALSE,FALSE,FALSE,FALSE,FALSE
"2022-10-07_PTR_TR_8_94",2022-10-07,"Oct","PTR","TR",8,94,2022-10-07 11:57:44.5,4600.23758963218,0.0877091578662461,3.64526912866019e-186,0.649567375799197,4.12987314403262,2771.95617200736,0.0877433886753634,0.00060227224255612,1086.51746555936,0.0936241192798642,0,0.963327362392746,1.33599711336741,2743.69293288537,0.964759367534184,1.31127702780671,2772.02971533142,TRUE,0.0876063007800601,0.000619931266315504,1.1758981406953,2022-10-07 11:55:30,2022-10-07 11:59:59,395.96259,TRUE,TRUE,TRUE,FALSE,FALSE,FALSE,FALSE,FALSE
"2022-10-07_PTR_UP_1_79",2022-10-07,"Oct","PTR","UP",1,79,2022-10-07 12:44:29.5,956.815530727812,0.687601770137823,1.71848287302114e-42,0.650498768140163,3.41371919210459,587.0613685328,0.324058137648409,0.00526053113833443,1089.18732034137,0.179950665436719,5.67444452796219e-122,0.955195109503559,1.22226717475394,561.403413652025,0.962001340593575,1.13198648849894,588.039766963977,TRUE,0.318917684824579,0.00489264789388081,1.30078268717613,2022-10-07 12:44:00,2022-10-07 12:44:59,395.04901,TRUE,TRUE,TRUE,FALSE,FALSE,FALSE,FALSE,FALSE
"2022-10-07_PTR_UP_2_80",2022-10-07,"Oct","PTR","UP",2,80,2022-10-07 13:05:59.5,9461.1796807026,0.354253533992715,6.48852937275442e-270,0.681272044589288,19.2861312871354,3749.35790270991,0.328150196884863,0.000401228008946304,1092.67886181927,0.0832199186551241,0,0.998390998072315,1.37029263221731,3715.00741304823,0.99844713074272,1.34742850683068,3750.99627182148,TRUE,0.327994651080059,0.000391445685655723,1.22078896092654,2022-10-07 13:03:00,2022-10-07 13:08:59,396.62311,TRUE,FALSE,TRUE,FALSE,FALSE,FALSE,FALSE,FALSE
"2022-10-07_PTR_UP_3_81",2022-10-07,"Oct","PTR","UP",3,81,2022-10-07 13:16:59.5,16671.9632735055,0.40946785903603,0,0.750582589477676,24.805156969242,11340.0373858742,0.284746592384962,0.000767566940162549,1141.18412696373,0.265560598369823,0,0.987103618195456,5.64043420653018,7064.01160262582,0.998803794229129,1.71879159299806,11341.6840215535,TRUE,0.28480474716602,0.000795376395641117,6.70199699511377,2022-10-07 13:12:00,2022-10-07 13:21:59,412.01709,TRUE,FALSE,TRUE,FALSE,FALSE,FALSE,FALSE,FALSE
"2022-10-07_PTR_UP_4_82",2022-10-07,"Oct","PTR","UP",4,82,2022-10-07 12:52:44.5,NA,NA,NA,NA,NA,2578.0671188983,0.0140024628501239,0.0012265764381528,1080.11642292409,0.148183260780432,1.46933948905248e-27,0.171856373323212,1.86633087311964,2508.21921391549,0.263456936461252,1.76289942259076,2578.07757782192,TRUE,0.0138931161219001,0.00129933176194089,1.80661530020591,2022-10-07 12:51:00,2022-10-07 12:54:29,392.96002,TRUE,FALSE,TRUE,FALSE,FALSE,FALSE,FALSE,FALSE
"2022-10-07_PTR_UP_5_83",2022-10-07,"Oct","PTR","UP",5,83,2022-10-07 12:28:29.5,8315.57824134122,0.752257296706264,1.74571766122596e-251,0.721472042249621,24.4983598547833,5017.91700764466,0.533501596996408,0.00150954224374661,1123.96509812087,0.260806644256077,0,0.992861873094399,3.92188400508493,3291.74323975082,0.998956025455893,1.50152210566498,5055.64358273329,TRUE,0.525589707690256,0.00130641854598975,3.41419163772534,2022-10-07 12:26:00,2022-10-07 12:30:59,403.633,TRUE,FALSE,TRUE,FALSE,FALSE,FALSE,FALSE,FALSE
"2022-10-07_PTR_UP_6_84",2022-10-07,"Oct","PTR","UP",6,84,2022-10-07 12:22:29.5,NA,NA,NA,NA,NA,3106.45520019417,0.392049660237708,0.00354377032550219,1109.44154446445,0.366744560989782,0,0.957893562281993,4.27895409124277,2485.48343851905,0.986765255512142,2.40342126890807,3106.45870636397,TRUE,0.392257176157167,0.00393249938009732,4.86993816497518,2022-10-07 12:21:00,2022-10-07 12:23:59,401.04587,TRUE,FALSE,TRUE,FALSE,FALSE,FALSE,FALSE,FALSE
"2022-10-07_PTR_UP_7_85",2022-10-07,"Oct","PTR","UP",7,85,2022-10-07 12:34:14.5,5190.948519991,0.522883903301538,4.07588291560416e-155,0.674306164228069,14.8453962623935,2654.76716113312,0.427175799223043,0.00130356126588103,1104.33902204298,0.157483833046902,0,0.99418597507373,1.98346923994444,2148.88466442224,0.997411869519051,1.32547873336791,2654.80825041981,TRUE,0.427061783451374,0.00134569546374957,2.20541238451878,2022-10-07 12:32:30,2022-10-07 12:35:59,400.52408,TRUE,FALSE,TRUE,FALSE,FALSE,FALSE,FALSE,FALSE
"2022-10-07_PTR_UP_8_86",2022-10-07,"Oct","PTR","UP",8,86,2022-10-07 12:39:59.5,6495.77468135234,0.671916883791441,1.35970825352823e-179,0.679533208753657,21.960387483145,2945.50272761877,0.558501846944011,0.00100373333365413,1090.49422529245,0.138646665515336,0,0.997686305988472,1.86595619518501,2417.77248036535,0.998894463039366,1.29163804062648,2952.03744791987,TRUE,0.556395332913987,0.000943324085610407,1.85131495297587,2022-10-07 12:38:00,2022-10-07 12:41:59,394.60687,TRUE,FALSE,TRUE,FALSE,FALSE,FALSE,FALSE,FALSE
"2022-11-04_OWC_TR_120_40",2022-11-04,"Nov","OWC","TR",120,40,2022-11-04 12:52:59.5,10436.0333704552,0.576717697994524,1.48511240219768e-276,0.690182781524305,30.2866615919957,6342.34215080324,0.521268089836557,0.00133273105014718,1153.06663395912,0.276425790596413,0,0.99300267682216,4.55160531673732,5337.9319381317,0.997249412533973,2.85637092868914,6344.06390623799,TRUE,0.519857561793135,0.00125949229433276,5.42701114579944,2022-11-04 12:50:00,2022-11-04 12:55:59,440.4834,TRUE,FALSE,TRUE,FALSE,FALSE,FALSE,FALSE,FALSE
"2022-11-04_OWC_TR_121_41",2022-11-04,"Nov","OWC","TR",121,41,2022-11-04 13:19:59.5,6130.77527499303,0.507125717362694,7.66442380546403e-184,0.688143316171763,17.0434923661357,3157.6695465231,0.438800972794242,0.00116307161649722,1185.7229637716,0.160656218117029,0,0.994981002443567,2.16216859147836,2570.85128382113,0.997790758368681,1.43650910310185,3173.36768858153,TRUE,0.434584287505707,0.00103656415937866,1.6658807113197,2022-11-04 13:18:00,2022-11-04 13:21:59,449.97485,TRUE,FALSE,TRUE,FALSE,FALSE,FALSE,FALSE,FALSE
"2022-11-04_OWC_TR_122_42",2022-11-04,"Nov","OWC","TR",122,42,2022-11-04 12:19:14.5,5023.0558757196,0.402439175526177,3.72635883344527e-150,0.662248968382281,12.9934017485842,2119.19607902412,0.367602705895908,0.000852180892092495,1186.79178008094,0.10295236353571,0,0.996636413664107,1.29665910653725,2017.86178627159,0.997154296034427,1.19457119834714,2119.36048424751,TRUE,0.367561864120083,0.000873917386595425,1.31360777316585,2022-11-04 12:17:30,2022-11-04 12:20:59,449.96762,TRUE,FALSE,TRUE,FALSE,FALSE,FALSE,FALSE,FALSE
"2022-11-04_OWC_TR_123_43",2022-11-04,"Nov","OWC","TR",123,43,2022-11-04 12:23:59.494444,NA,NA,NA,NA,NA,5811.98199480593,0.577978998635307,0.0433864032201481,1174.61816811731,4.49003159807619,3.40846468962072e-35,0.248043247264266,52.3957777580236,5121.25887025946,0.792287583938029,27.5892459728996,5811.98218824709,TRUE,0.577691341682784,0.0467028912138758,66.9679754172807,2022-11-04 12:22:30,2022-11-04 12:25:29,416.13766,FALSE,FALSE,FALSE,FALSE,TRUE,FALSE,TRUE,TRUE
"2022-11-04_OWC_TR_124_44",2022-11-04,"Nov","OWC","TR",124,44,2022-11-04 12:09:29.5,NA,NA,NA,NA,NA,10533.9491050466,0.404665105061731,0.00366979776853472,1179.81978805025,0.888289439429786,0,0.906240191319214,15.7937347961732,10106.0789642612,0.933448092617958,13.3168724251827,10670.9756375304,TRUE,0.442473844629989,0.00094137131304842,4.48986286624959,2022-11-04 12:06:00,2022-11-04 12:12:59,470.84381,TRUE,FALSE,TRUE,FALSE,FALSE,FALSE,FALSE,FALSE
"2022-11-04_OWC_TR_126_45",2022-11-04,"Nov","OWC","TR",126,45,2022-11-04 13:34:59.5,13018.4810292058,0.36453574263376,0,0.723677979343927,22.1974845416857,7552.10839945167,0.303593718160497,0.000632647676728024,1169.10841384755,0.175050498804371,0,0.993794259051101,3.32654065449414,5290.09071990342,0.99871359509225,1.5156086713995,7553.01686833866,TRUE,0.303960326296444,0.000667181408362198,3.76992678503437,2022-11-04 13:31:00,2022-11-04 13:38:59,444.36578,TRUE,FALSE,TRUE,FALSE,FALSE,FALSE,FALSE,FALSE
"2022-11-04_OWC_TR_127_46",2022-11-04,"Nov","OWC","TR",127,46,2022-11-04 13:51:29.5,12359.0342340781,0.478411005578051,4.85666529861945e-321,0.688650303698003,32.5850456284592,5881.69285510608,0.480834505319379,0.000579264041051318,1113.07503290913,0.140213211397956,0,0.998177572179,2.49298277953257,4908.81441683226,0.999160652746262,1.69320853124833,5882.89889575279,TRUE,0.480250020355505,0.000617983366724573,2.73675941965352,2022-11-04 13:48:00,2022-11-04 13:54:59,426.79819,TRUE,FALSE,TRUE,FALSE,FALSE,FALSE,FALSE,FALSE
"2022-11-04_OWC_TR_128_47",2022-11-04,"Nov","OWC","TR",128,47,2022-11-04 12:40:29.5,15051.5883587933,0.339377617941003,0,0.725646327759742,25.1631152777534,8267.19534177037,0.307349313847831,0.000494099307672257,1661.39034100777,0.153830951069367,0,0.99583581272483,3.10008887611262,7137.10363562761,0.997932242853335,2.1858852728625,8288.62922783687,TRUE,0.305418617695967,0.000407753512258469,2.77275971528006,2022-11-04 12:36:00,2022-11-04 12:44:59,632.26398,TRUE,FALSE,TRUE,FALSE,FALSE,FALSE,FALSE,FALSE
"2022-11-04_OWC_UP_102_33",2022-11-04,"Nov","OWC","UP",102,33,2022-11-04 15:27:29.5,9382.79399489436,1.07893700888278,7.29552841285272e-228,0.685621798198475,44.3230036252243,4978.6414955464,0.910708514292141,0.0014769611886989,1299.51962388343,0.255177549960427,0,0.997643696804248,3.83723641129301,3238.01693091581,0.999660872043519,1.45736699771629,4981.38007958235,TRUE,0.912978091630599,0.00154390594536548,4.24971399235078,2022-11-04 15:25:00,2022-11-04 15:29:59,492.90616,TRUE,FALSE,TRUE,FALSE,FALSE,FALSE,FALSE,FALSE
"2022-11-04_OWC_UP_103_34",2022-11-04,"Nov","OWC","UP",103,34,2022-11-04 14:30:29.5,5383.38827965616,1.3380131679737,1.33562864525204e-127,0.658450548302978,35.232888486747,2444.59920684098,1.15722859609424,0.00192006991721678,1131.72848319251,0.198707911117114,0,0.998521111948053,2.31840392381598,2060.13025251184,0.99927970646555,1.62100723877212,2458.45691308377,TRUE,1.15115510788541,0.00169177101735517,2.05387914070753,2022-11-04 14:29:00,2022-11-04 14:31:59,428.7605,TRUE,FALSE,TRUE,FALSE,FALSE,FALSE,FALSE,FALSE
"2022-11-04_OWC_UP_104_35",2022-11-04,"Nov","OWC","UP",104,35,2022-11-04 14:52:29.5,8731.50919640694,0.706328910095284,6.66232613158172e-225,0.680814812281907,30.8667305742315,3673.84117853542,0.629805571906224,0.000715407950455068,1181.16621914917,0.123602467970167,0,0.99884264141221,1.85867405143734,2844.56910435566,0.999541464484946,1.17122388250598,3675.10599916132,TRUE,0.629701280139884,0.000734085622793495,1.99640991925135,2022-11-04 14:50:00,2022-11-04 14:54:59,448.20602,TRUE,FALSE,TRUE,FALSE,FALSE,FALSE,FALSE,FALSE
"2022-11-04_OWC_UP_105_36",2022-11-04,"Nov","OWC","UP",105,36,2022-11-04 15:02:29.5,9045.43214288905,0.874072257241346,5.14117427266152e-228,0.685866625259878,36.7478808612161,5080.36820439428,0.754795975244376,0.0015628351323538,1136.40093191088,0.270014163620264,0,0.9961649170753,4.06034222199086,4840.86630930161,0.997074008503229,3.55055261741051,5081.7474351426,TRUE,0.755038032373636,0.00144407328169384,3.32882548712117,2022-11-04 15:00:00,2022-11-04 15:04:59,430.38818,TRUE,FALSE,TRUE,FALSE,FALSE,FALSE,FALSE,FALSE
"2022-11-04_OWC_UP_106_37",2022-11-04,"Nov","OWC","UP",106,37,2022-11-04 15:12:29.5,7946.4571839374,0.467464722935231,3.55825351205935e-227,0.684510914652417,19.9561809317951,3470.40920474051,0.409354331016272,0.000638955733189509,1150.07796811775,0.110393664895217,0,0.997816918429622,1.66004646795025,2858.25827165485,0.99889910300756,1.18016510531116,3471.20762715222,TRUE,0.40910307958785,0.00066434949998404,1.58139545622954,2022-11-04 15:10:00,2022-11-04 15:14:59,437.3703,TRUE,FALSE,TRUE,FALSE,FALSE,FALSE,FALSE,FALSE
"2022-11-04_OWC_UP_107_38",2022-11-04,"Nov","OWC","UP",107,38,2022-11-04 14:20:59.5,13081.4093050942,0.547555142652424,0,0.767760070561665,22.6878393461615,9833.74555729257,0.335367282301159,0.00139709281883507,1177.006261439,0.386568707685656,0,0.975652018062085,7.34608887523767,6412.47092647953,0.997743565233453,2.23788779216054,9838.11215418694,TRUE,0.332777171407146,0.00148630165761149,8.26874122149137,2022-11-04 14:17:00,2022-11-04 14:24:59,442.56335,TRUE,FALSE,TRUE,FALSE,FALSE,FALSE,FALSE,FALSE
"2022-11-04_OWC_UP_108_39",2022-11-04,"Nov","OWC","UP",108,39,2022-11-04 14:40:24.5,4340.73393070862,0.333574010397155,6.59819097122509e-126,0.63350251396746,10.8614206697003,1730.87457529545,0.325920880083817,0.000840504487405678,1157.61029510669,0.0918364142423799,0,0.996236719545324,1.10061246466463,1721.15323834368,0.996326229505342,1.08936419715533,1731.36494257772,TRUE,0.325977753699259,0.000855508465333445,1.19290990463061,2022-11-04 14:38:50,2022-11-04 14:41:59,441.71838,TRUE,FALSE,TRUE,FALSE,FALSE,FALSE,FALSE,FALSE
"2022-11-08_PTR_TR_1_25",2022-11-08,"Nov","PTR","TR",1,25,2022-11-08 12:27:29.5,3359.03773816963,0.259876342753562,1.77264971201629e-144,0.704356937811703,5.4063886027531,2217.66815815695,0.18756237422452,0.00155618958441774,1120.130387262,0.161049959092165,0,0.964287331517298,1.87903367807846,1800.22047007027,0.983636605398085,1.2742917096406,2220.25731576264,TRUE,0.18522887126782,0.00155844393782902,1.66880765880953,2022-11-08 12:26:00,2022-11-08 12:28:59,409.48364,TRUE,FALSE,TRUE,FALSE,FALSE,FALSE,FALSE,FALSE
"2022-11-08_PTR_TR_2_26",2022-11-08,"Nov","PTR","TR",2,26,2022-11-08 12:35:59.5,5784.73700041546,0.511859599424568,1.70952204977416e-190,0.701160363775477,13.402806081759,3120.74230423145,0.352083301133636,0.001133625079014,1128.09384923212,0.156588739140161,0,0.992611575917448,2.10742701101941,2260.80095391343,0.997774468151434,1.1582418482662,3135.19789073903,TRUE,0.348057879540819,0.00110144177789239,1.84031751882775,2022-11-08 12:34:00,2022-11-08 12:37:59,411.37714,TRUE,FALSE,TRUE,FALSE,FALSE,FALSE,FALSE,FALSE
"2022-11-08_PTR_TR_3_27",2022-11-08,"Nov","PTR","TR",3,27,2022-11-08 12:43:59.5,9729.70277690731,0.382646764564042,2.40108658133488e-270,0.68185910105193,21.8391121960881,3727.2174553165,0.372002541743505,0.000397136344776991,1125.81001071367,0.082371254175721,0,0.998772919729337,1.35631858967865,3533.31571298552,0.998978374251161,1.238723530387,3727.42523483826,TRUE,0.372016096916629,0.000415423795026193,1.3653744687095,2022-11-08 12:41:00,2022-11-08 12:46:59,412.59109,TRUE,FALSE,TRUE,FALSE,FALSE,FALSE,FALSE,FALSE
"2022-11-08_PTR_TR_4_28",2022-11-08,"Nov","PTR","TR",4,28,2022-11-08 12:53:24.5,NA,NA,NA,NA,NA,1964.97379971878,0.136331947406044,0.00103210170100206,1119.46547245581,0.112770985489982,0,0.968472794889189,1.3515025962927,1919.63231783476,0.971087130017513,1.29653934987461,1965.2274739726,TRUE,0.13625499350699,0.0010313080657299,1.41635941307164,2022-11-08 12:51:50,2022-11-08 12:54:59,411.49863,TRUE,FALSE,TRUE,FALSE,FALSE,FALSE,FALSE,FALSE
"2022-11-08_PTR_TR_5_29",2022-11-08,"Nov","PTR","TR",5,29,2022-11-08 13:01:29.5,NA,NA,NA,NA,NA,2547.80982041293,0.131089567703771,0.00211261598636626,1187.22086369847,0.218634491316842,2.32930310039673e-247,0.87740141265078,2.55089522959018,2272.51393139735,0.926909317831892,1.97328420319535,2548.15816264901,TRUE,0.13133998707937,0.00213278687557524,2.89867058333432,2022-11-08 13:00:00,2022-11-08 13:02:59,435.09937,TRUE,FALSE,TRUE,FALSE,FALSE,FALSE,FALSE,FALSE
"2022-11-08_PTR_TR_6_30",2022-11-08,"Nov","PTR","TR",6,30,2022-11-08 12:12:29.5,3586.05780836909,0.391475853988757,5.14834363051363e-138,0.687554342466783,6.671102226178,2395.97993492232,0.225272660649918,0.00183554925129209,1117.62581496566,0.189960872886096,0,0.965512993001242,2.21634876334173,2125.14111879313,0.979269171875651,1.72158082825946,2407.13584397754,TRUE,0.230071806369587,0.00162927463230881,1.91362892736317,2022-11-08 12:11:00,2022-11-08 12:13:59,407.63589,TRUE,FALSE,TRUE,FALSE,FALSE,FALSE,FALSE,FALSE
"2022-11-08_PTR_TR_7_31",2022-11-08,"Nov","PTR","TR",7,31,2022-11-08 12:04:29.5,3986.71436769161,0.370194351934819,2.09039352569781e-127,0.657881858156651,9.66743859944469,1770.35833111926,0.316601633222537,0.00102846201133972,1138.85760625991,0.106435466804695,0,0.994354870766938,1.2418247591952,1624.74929937713,0.995720914458566,1.08319737110628,1770.49182935093,TRUE,0.316445869900369,0.00109634585420953,1.27480492042479,2022-11-08 12:03:00,2022-11-08 12:05:59,416.60397,TRUE,FALSE,TRUE,FALSE,FALSE,FALSE,FALSE,FALSE
"2022-11-08_PTR_TR_8_32",2022-11-08,"Nov","PTR","TR",8,32,2022-11-08 12:21:29.5,3352.83188153087,0.193143924612371,1.75039371276424e-123,0.646210420973439,5.3754116940289,1799.85672010711,0.171863719094128,0.00105693986865575,1107.47028249461,0.109382638410073,0,0.980058112913203,1.27621057793615,1754.17585951282,0.981810931084303,1.22110550946824,1800.37709230724,TRUE,0.171545795117056,0.00100566515629855,1.31417021268528,2022-11-08 12:20:00,2022-11-08 12:22:59,405.50854,TRUE,FALSE,TRUE,FALSE,FALSE,FALSE,FALSE,FALSE
"2022-11-08_PTR_UP_1_17",2022-11-08,"Nov","PTR","UP",1,17,2022-11-08 11:43:29.5,6935.36728921143,0.272351116403407,9.32386788180374e-224,0.678934480066989,11.3796003370318,2979.42810602907,0.23118376638181,0.000486417787550187,1119.38589632878,0.0840393777669757,0,0.996040343682741,1.26374346175773,2836.75865763066,0.996635796683645,1.16615279157668,2979.6970332608,TRUE,0.23115986768053,0.000497864611091935,1.19593024906491,2022-11-08 11:41:00,2022-11-08 11:45:59,408.9483,TRUE,FALSE,TRUE,FALSE,FALSE,FALSE,FALSE,FALSE
"2022-11-08_PTR_UP_2_18",2022-11-08,"Nov","PTR","UP",2,18,2022-11-08 10:40:59.5,5284.11008173461,0.323037568155975,6.24394271203864e-182,0.684299881634314,9.46694740676082,2512.57663148346,0.24203994444559,0.00074310588059189,1124.98882269068,0.102645940923195,0,0.993277630098637,1.38144562412894,2295.32250920912,0.995056155021367,1.18634423785601,2515.11289960391,TRUE,0.241073101271552,0.000751223631841917,1.36655496878672,2022-11-08 10:39:00,2022-11-08 10:42:59,409.79724,TRUE,FALSE,TRUE,FALSE,FALSE,FALSE,FALSE,FALSE
"2022-11-08_PTR_UP_3_19",2022-11-08,"Nov","PTR","UP",3,19,2022-11-08 10:32:59.5,5685.17468017954,0.134185683135005,0,0.75599334812944,3.35763141117619,5014.46629460807,0.0609112543522628,0.000720703772319461,1138.48615968969,0.149483356020873,0,0.868872621759964,2.46138117778499,3747.08806071674,0.959594450664177,1.36759007010241,5017.79872212636,TRUE,0.059962991156937,0.000749941235138828,2.49459501361472,2022-11-08 10:30:00,2022-11-08 10:35:59,413.22754,TRUE,TRUE,TRUE,FALSE,FALSE,FALSE,FALSE,FALSE
"2022-11-08_PTR_UP_4_20",2022-11-08,"Nov","PTR","UP",4,20,2022-11-08 11:16:44.5,1821.32849148541,0.0755569145802746,1.77573984881507e-71,0.510381311106243,1.82270251701788,1449.19941103094,0.0532106531872398,0.0013123445681828,1127.90846136172,0.113083952945352,5.11273549876793e-152,0.785850709681804,1.2054386711164,1427.22777256385,0.797860381778819,1.17377295372507,1449.51792952163,TRUE,0.0533462763490042,0.00143918179316283,1.22979043900286,2022-11-08 11:15:30,2022-11-08 11:17:59,412.84341,TRUE,TRUE,TRUE,FALSE,FALSE,FALSE,FALSE,FALSE
"2022-11-08_PTR_UP_5_21",2022-11-08,"Nov","PTR","UP",5,21,2022-11-08 11:30:29.5,NA,NA,NA,NA,NA,3976.40859998982,0.388519734120598,0.000846360974139364,1107.98331785168,0.146227484794817,0,0.995756593655879,2.19889809692696,3492.66448008496,0.997531949867739,1.67883859528326,3984.6078685895,TRUE,0.390776783112088,0.000837865421349355,2.04901878646823,2022-11-08 11:28:00,2022-11-08 11:32:59,407.07498,TRUE,FALSE,TRUE,FALSE,FALSE,FALSE,FALSE,FALSE
"2022-11-08_PTR_UP_6_22",2022-11-08,"Nov","PTR","UP",6,22,2022-11-08 11:23:59.5,5879.57869805189,0.674681612786297,9.86889354894277e-208,0.732424662486941,14.3152640511357,4164.97200805789,0.393929003673722,0.00234100435548899,1127.7378103863,0.323365217596,0,0.975270348686424,4.35196424550047,2528.9361577342,0.997465046200556,1.39529827548391,4167.91259335256,TRUE,0.392711191795179,0.00232764414440006,4.78623502288798,2022-11-08 11:22:00,2022-11-08 11:25:59,408.61768,TRUE,FALSE,TRUE,FALSE,FALSE,FALSE,FALSE,FALSE
"2022-11-08_PTR_UP_7_23",2022-11-08,"Nov","PTR","UP",7,23,2022-11-08 11:53:29.5,7371.37585437214,0.327915532461023,4.76454900029738e-227,0.684305826699312,14.4985593447734,3336.48887704758,0.29710122090872,0.00059314269047097,1112.86195682071,0.102478453522975,0,0.996433566109347,1.54102135274965,3013.02440962252,0.9975213432556,1.28612720505152,3337.04705091722,TRUE,0.296824672510241,0.000574046814162406,1.46109391157675,2022-11-08 11:51:00,2022-11-08 11:55:59,407.16406,TRUE,FALSE,TRUE,FALSE,FALSE,FALSE,FALSE,FALSE
"2022-11-08_PTR_UP_8_24",2022-11-08,"Nov","PTR","UP",8,24,2022-11-08 11:36:29.5,8225.58223572168,0.548087916187844,2.90342896588659e-225,0.681404400569739,23.3036124588719,3531.31190113264,0.475790852542695,0.000660944589583046,1128.31151929927,0.114192723762754,0,0.998270094716047,1.71717487527847,2882.40721717776,0.999162541016149,1.19610498202728,3531.50595775647,TRUE,0.475901529615434,0.000718133814970302,1.76514946427874,2022-11-08 11:34:00,2022-11-08 11:38:59,412.28897,TRUE,FALSE,TRUE,FALSE,FALSE,FALSE,FALSE,FALSE
"2022-12-20_OWC_TR_NA_1",2022-12-20,"Dec","OWC","TR",NA,1,2022-12-20 12:18:39.5,NA,NA,NA,NA,NA,1957.47308257026,-0.0168424585238176,0.000723752384662104,1355.88763455181,0.116686976814309,3.12197202729745e-84,0.492515291790928,1.38435878087409,1943.1695916693,0.508834187881877,1.36436618819714,1957.48487621046,TRUE,-0.0167806267155757,0.00072919678078113,1.44188493608509,2022-12-20 12:16:20,2022-12-20 12:20:59,476.25931,TRUE,FALSE,TRUE,TRUE,FALSE,TRUE,TRUE,FALSE
"2022-12-20_OWC_TR_NA_2",2022-12-20,"Dec","OWC","TR",NA,2,2022-12-20 12:10:45.5,3540.80314981941,0.168380582790652,1.54379353971695e-130,0.669656248219487,6.55561297753735,1774.06825110276,0.146253074794921,0.0007042721157922,1196.35235731686,0.108666928112742,0,0.987768842552315,1.26143255844078,1757.01486851338,0.988239953619299,1.23922334863866,1774.21148852675,TRUE,0.146508545807548,0.000717146552446644,1.25918212806913,2022-12-20 12:08:32,2022-12-20 12:12:59,419.8479,TRUE,FALSE,TRUE,FALSE,FALSE,FALSE,FALSE,FALSE
"2022-12-20_OWC_TR_NA_3",2022-12-20,"Dec","OWC","TR",NA,3,2022-12-20 12:03:39.5,3293.41224832695,0.109491438751149,2.77001386926753e-138,0.674963496505686,4.56327188514069,1963.76378141317,0.0973415260198381,0.00072782891895723,1206.93929757041,0.117344216048139,0,0.969747911236671,1.39215617977265,1926.41016227067,0.971901407569278,1.34410210952232,1963.94410482324,TRUE,0.0970421363836905,0.000725823949533609,1.44127601040413,2022-12-20 12:01:20,2022-12-20 12:05:59,423.94827,TRUE,TRUE,TRUE,FALSE,FALSE,FALSE,FALSE,FALSE
"2022-12-20_OWC_TR_NA_4",2022-12-20,"Dec","OWC","TR",NA,4,2022-12-20 11:57:55,NA,NA,NA,NA,NA,1379.35374462313,0.228742427574756,0.00140684268601141,1239.41430645605,0.152904234070161,0,0.985976639683942,1.49230137479785,1310.08480492165,0.988447621352745,1.35807677284381,1379.60460333607,TRUE,0.228374950688858,0.00139916655494865,1.40419843449497,2022-12-20 11:56:21,2022-12-20 11:59:29,435.69846,TRUE,FALSE,TRUE,FALSE,FALSE,FALSE,FALSE,FALSE
"2022-12-20_OWC_TR_NA_5",2022-12-20,"Dec","OWC","TR",NA,5,2022-12-20 11:52:29.5,2251.23112108325,-0.277924437497467,1.39316201504712e-90,0.679941287316634,5.4861325097021,1306.84602556772,-0.183934799585554,0.00149899180178702,1621.61087015335,0.155130564279941,1.36314058270067e-294,0.976775389261395,1.47783411542736,1188.29008969795,0.983476570078352,1.25002322427769,1306.86692677846,TRUE,-0.18414579810991,0.00155748944495037,1.40170804348044,2022-12-20 11:51:00,2022-12-20 11:53:59,571.22369,TRUE,FALSE,TRUE,TRUE,FALSE,TRUE,TRUE,FALSE
"2022-12-20_OWC_TR_NA_6",2022-12-20,"Dec","OWC","TR",NA,6,2022-12-20 11:44:59.5,2209.16258510306,0.07544751060655,2.32592467116888e-102,0.619513153263953,2.40634783914102,1650.27717170177,0.0527487404873557,0.000885700149155369,1304.69925325702,0.122342626482048,2.72740024058294e-223,0.881239721247606,1.34438663156048,1600.73822291872,0.893774146536961,1.27413125002037,1650.33356473993,TRUE,0.0527045755579411,0.000917921570679587,1.31297867505753,2022-12-20 11:43:00,2022-12-20 11:46:59,458.70792,TRUE,TRUE,TRUE,FALSE,FALSE,FALSE,FALSE,FALSE
"2022-12-20_OWC_TR_NA_7",2022-12-20,"Dec","OWC","TR",NA,7,2022-12-20 11:38:44.5,NA,NA,NA,NA,NA,1780.11900420711,-0.0106236270537009,0.000691860088554012,1497.6339889257,0.107550683692222,2.16140842884988e-44,0.304712964350001,1.25309881829937,1781.76824341563,0.307733151494242,1.25270486735256,1780.13107823452,TRUE,-0.0105556565723261,0.000714057099936601,1.39650158572223,2022-12-20 11:36:30,2022-12-20 11:40:59,527.5495,TRUE,FALSE,TRUE,TRUE,FALSE,TRUE,TRUE,FALSE
"2022-12-20_OWC_TR_NA_8",2022-12-20,"Dec","OWC","TR",NA,8,2022-12-20 11:32:14.5,4185.75008067211,0.106297730560837,7.05892745241154e-145,0.631760904014089,5.74917434592223,2251.35798155728,0.0983222519900209,0.000542595222212039,1205.42387684864,0.103143293853425,0,0.980354754992602,1.32791187883011,2145.93614499239,0.983356085348659,1.22413495211641,2252.09388328254,TRUE,0.09875082686288,0.000573040608449378,1.34067599359206,2022-12-20 11:29:30,2022-12-20 11:34:59,422.30908,TRUE,FALSE,TRUE,FALSE,FALSE,FALSE,FALSE,FALSE
"2022-12-20_OWC_UP_101_9",2022-12-20,"Dec","OWC","UP",101,9,2022-12-20 12:23:59.5,3688.26969941437,0.262738210911916,8.02506396983218e-97,0.598690234438771,11.2328975712082,2903.68706305103,0.245205309673038,0.00326826245946311,1126.11500189606,0.451448284958178,1.41643208777858e-266,0.921728272962424,4.96083055097512,2902.05572019254,0.92264118845183,4.94216568793036,2903.82385010798,TRUE,0.245454735059876,0.00135992868203443,1.96166541800711,2022-12-20 12:22:00,2022-12-20 12:25:59,395.63177,TRUE,FALSE,TRUE,FALSE,FALSE,FALSE,FALSE,FALSE
"2022-12-20_OWC_UP_102_10",2022-12-20,"Dec","OWC","UP",102,10,2022-12-20 12:15:59.5,4511.99929510645,0.298357863171292,3.50513398660097e-155,0.692296108151587,10.3577013004593,2124.25074455332,0.214630277445476,0.00066758185195142,1148.92542362896,0.115339456908192,0,0.994247945974478,1.41614709598634,1884.86558260756,0.996165975340971,1.15811530458815,2124.32023006197,TRUE,0.214542545655151,0.00068527996717851,1.34615648321895,2022-12-20 12:13:30,2022-12-20 12:18:29,402.50867,TRUE,FALSE,TRUE,FALSE,FALSE,FALSE,FALSE,FALSE
"2022-12-20_OWC_UP_104_12",2022-12-20,"Dec","OWC","UP",104,12,2022-12-20 11:22:29.5,4246.42787666835,0.206683246246419,7.67550067317439e-145,0.666812140208928,8.30137210214904,1997.57505356927,0.165135533082726,0.00060070197614213,1105.47353926487,0.10378448648564,0,0.992149176459343,1.27427424304643,1946.62413984533,0.992836250051298,1.21927864677843,1997.67882896695,TRUE,0.164999498600637,0.000617528619850037,1.33017124851556,2022-12-20 11:20:00,2022-12-20 11:24:59,386.94687,TRUE,FALSE,TRUE,FALSE,FALSE,FALSE,FALSE,FALSE
"2022-12-20_OWC_UP_105_13",2022-12-20,"Dec","OWC","UP",105,13,2022-12-20 11:33:29.5,4392.10470953287,0.218361212558004,9.61107292920362e-149,0.67666815161154,9.37285902746398,2141.21925800654,0.189295172568254,0.000677088802747034,1231.11271206818,0.11698199188486,0,0.992407177162131,1.4363142720735,2036.23286573265,0.993668358960276,1.31381267495325,2141.41739786958,TRUE,0.189265166950726,0.000683770833174522,1.43309273470556,2022-12-20 11:31:00,2022-12-20 11:35:59,432.78427,TRUE,FALSE,TRUE,FALSE,FALSE,FALSE,FALSE,FALSE
"2022-12-20_OWC_UP_106_14",2022-12-20,"Dec","OWC","UP",106,14,2022-12-20 11:14:29.5,NA,NA,NA,NA,NA,1988.29466139747,0.0421909697651409,0.000596074268834145,1180.34874237366,0.102984948202697,7.54610551097176e-293,0.893366737629628,1.26445744792817,1919.34602012209,0.905574192151898,1.19187493675108,1988.56218369307,TRUE,0.0424749028245491,0.000592938347673855,1.21818821263667,2022-12-20 11:12:00,2022-12-20 11:16:59,414.63968,TRUE,FALSE,TRUE,FALSE,FALSE,FALSE,FALSE,FALSE
"2022-12-20_OWC_UP_107_15",2022-12-20,"Dec","OWC","UP",107,15,2022-12-20 12:03:59.5,3651.24756492725,0.291853950579365,4.15897946795396e-114,0.660183964111258,10.807950628901,1580.8987164939,0.266444999351995,0.000823949496227121,1117.55337404259,0.113812948494043,0,0.995449770675446,1.25065654427751,1562.4388088598,0.995657778174581,1.2243001209141,1580.95339469684,TRUE,0.266637233023279,0.000855075894334512,1.26402176893197,2022-12-20 12:02:00,2022-12-20 12:05:59,392.2345,TRUE,FALSE,TRUE,FALSE,FALSE,FALSE,FALSE,FALSE
"2022-12-20_OWC_UP_108_16",2022-12-20,"Dec","OWC","UP",108,16,2022-12-20 11:47:26,NA,NA,NA,NA,NA,350.030811907799,0.101800688596744,0.00785969331435221,1170.09011926538,0.237097129645346,2.00747768239992e-23,0.617310377103561,1.23784555507085,351.30252492151,0.627034575332806,1.23393984657056,350.045166670135,TRUE,0.10217763061441,0.00804249966839359,1.49539594935816,2022-12-20 11:47:00,2022-12-20 11:47:52,412.0202,TRUE,FALSE,TRUE,FALSE,FALSE,FALSE,FALSE,FALSE
"2022-12-20_OWC_UP_3_11",2022-12-20,"Dec","OWC","UP",3,11,2022-12-20 11:52:29.5,NA,NA,NA,NA,NA,2229.0240312075,0.379576112133969,0.000728489403301133,1103.67528279481,0.125862576842846,0,0.997802168675306,1.54535080593652,2175.46204187277,0.998003222834087,1.47544208338023,2235.8730765622,TRUE,0.381208259906994,0.000699005123572021,1.38439219428148,2022-12-20 11:50:00,2022-12-20 11:54:59,389.73172,TRUE,FALSE,TRUE,FALSE,FALSE,FALSE,FALSE,FALSE
"2022-08-16_CRC_TR_309_156",2022-08-16,"Aug","CRC","TR",309,156,2022-08-16 09:21:59.5,NA,NA,NA,NA,NA,6775.91515952756,0.406653771187794,0.0006442493837862,1058.35888937786,0.133625719333758,0,0.996403727064057,2.5406536231801,5041.36450818017,0.998924730667146,1.39020866365935,6836.06075521468,TRUE,0.410966347336959,0.000555670496702919,2.05966169122502,2022-08-16 09:19:00,2022-08-16 09:24:59,408.09839,TRUE,FALSE,TRUE,FALSE,FALSE,FALSE,FALSE,FALSE
"2022-08-16_CRC_TR_311_152",2022-08-16,"Aug","CRC","TR",311,152,2022-08-16 09:32:29.5,NA,NA,NA,NA,NA,5502.7881894797,0.253440734071331,0.000797412773319654,1134.75641287053,0.13777060586278,0,0.988279393147604,2.39222502970915,3774.3401280736,0.997233337156725,1.16323622609584,5509.80982546368,TRUE,0.255278179721863,0.000832960780407065,2.59410349599157,2022-08-16 09:30:00,2022-08-16 09:34:59,437.72037,TRUE,FALSE,TRUE,FALSE,FALSE,FALSE,FALSE,FALSE
"2022-08-16_CRC_TR_312_153",2022-08-16,"Aug","CRC","TR",312,153,2022-08-16 10:35:29.5,22847.4463504885,0.627344911345858,0,0.700991795640186,47.8895101003395,12545.4748961903,0.560846042916064,0.000608894840947494,1066.98908051322,0.189570944605156,0,0.997462854110984,4.4113504637809,9290.27581147298,0.999438895817219,2.07549617279306,12559.7785868333,TRUE,0.562872594568618,0.000615261736125449,4.94134538816823,2022-08-16 10:31:00,2022-08-16 10:39:59,412.20764,TRUE,FALSE,TRUE,FALSE,FALSE,FALSE,FALSE,FALSE
"2022-08-16_CRC_TR_313_154",2022-08-16,"Aug","CRC","TR",313,154,2022-08-16 09:11:29.5,NA,NA,NA,NA,NA,4342.7954983486,0.325322348863199,0.000491785263815392,1148.6714233945,0.0849667274179386,0,0.99726981099018,1.47534759500234,4121.07442885992,0.997737953465133,1.34403810834147,4342.96944494223,TRUE,0.32532298984514,0.000496341764865782,1.44208071157564,2022-08-16 09:09:00,2022-08-16 09:13:59,439.61398,TRUE,FALSE,TRUE,FALSE,FALSE,FALSE,FALSE,FALSE
"2022-08-16_CRC_TR_314_151",2022-08-16,"Aug","CRC","TR",314,151,2022-08-16 11:11:59.5,NA,NA,NA,NA,NA,5576.6772432001,0.44331465111748,0.000424827769591491,1218.8416412993,0.0881148166118509,0,0.998681174380821,1.6753453541499,4721.84922877064,0.999273608886362,1.24422276305537,5576.70317804354,TRUE,0.443267898097807,0.000454653883549261,1.72408198364936,2022-08-16 11:09:00,2022-08-16 11:14:59,468.41226,TRUE,FALSE,TRUE,FALSE,FALSE,FALSE,FALSE,FALSE
"2022-08-16_CRC_TR_315_150",2022-08-16,"Aug","CRC","TR",315,150,2022-08-16 10:54:59.5,NA,NA,NA,NA,NA,5961.65241858492,0.493838658931436,0.000485585691968649,1132.9567703419,0.100716801630694,0,0.998611592077773,1.91494951910421,5472.94955059298,0.999013899555065,1.61495932584319,5974.56692891918,TRUE,0.495390057749813,0.000470264849162256,1.67866465946717,2022-08-16 10:52:00,2022-08-16 10:57:59,437.98047,TRUE,FALSE,TRUE,FALSE,FALSE,FALSE,FALSE,FALSE
"2022-08-16_CRC_TR_316_157",2022-08-16,"Aug","CRC","TR",316,157,2022-08-16 08:44:59.5,12105.2721722143,0.302397243714222,0,0.685684492068867,16.165713759836,5093.87510587629,0.276933249888092,0.000359259226662544,1146.05997568553,0.0745150461890132,0,0.997585791371722,1.41677008756593,4661.58300441574,0.99821683314199,1.21845696557894,5097.99448113342,TRUE,0.27760255519544,0.000361061164868171,1.39644209607346,2022-08-16 08:42:00,2022-08-16 08:47:59,437.73462,TRUE,FALSE,TRUE,FALSE,FALSE,FALSE,FALSE,FALSE
"2022-08-16_CRC_TR_327_155",2022-08-16,"Aug","CRC","TR",327,155,2022-08-16 08:55:29.5,NA,NA,NA,NA,NA,5609.07148655518,0.529983316581061,0.000833519552850138,1098.35819678359,0.144008846656139,0,0.997045533993343,2.50054476651928,4820.03222551097,0.998474302205987,1.79842451357075,5625.57401386047,TRUE,0.532906025475081,0.000798746983317601,2.54437809611375,2022-08-16 08:53:00,2022-08-16 08:57:59,423.63596,TRUE,FALSE,TRUE,FALSE,FALSE,FALSE,FALSE,FALSE
"2022-08-17_OWC_TR_1_136",2022-08-17,"Aug","OWC","TR",1,136,2022-08-17 11:31:44.5,8243.14956686322,1.00359354996225,5.14879255412428e-198,0.659080254688231,32.6328216458813,3485.54642950339,0.920301622161416,0.00109398108785761,1381.02588914169,0.132164355835009,0,0.998817259929971,1.92208772384048,2626.94574384402,0.999576444930174,1.15160187287501,3487.23156119582,TRUE,0.920607047867446,0.00119639188212015,2.05980902611493,2022-08-17 11:30:00,2022-08-17 11:33:29,529.53015,TRUE,FALSE,TRUE,FALSE,FALSE,FALSE,FALSE,FALSE
"2022-08-17_OWC_TR_2_137",2022-08-17,"Aug","OWC","TR",2,137,2022-08-17 11:41:14.5,11067.2545939614,0.996812304024012,2.01726747162496e-265,0.675098589800793,40.5663721822403,5655.3470924674,0.911269938426019,0.00129286678085167,1079.48863146295,0.200978071294979,0,0.997834835546254,3.31158431488345,5225.21912941224,0.998551503701869,2.71114229499058,5662.52064652995,TRUE,0.909933075174822,0.000923347740357966,2.24491870800562,2022-08-17 11:39:00,2022-08-17 11:43:29,413.64508,TRUE,FALSE,TRUE,FALSE,FALSE,FALSE,FALSE,FALSE
"2022-08-17_OWC_TR_4_138",2022-08-17,"Aug","OWC","TR",4,138,2022-08-17 12:04:02,7966.67294133441,2.94649084468624,2.75450462110044e-170,0.670191049288065,71.4277922660333,4752.16964292991,2.45441270833601,0.0053790514363643,1026.97954730246,0.541149684530528,0,0.996658679859895,7.18943981099129,3375.12825394188,0.999535386912457,2.68475598410916,4903.71127308279,TRUE,2.39550751943731,0.00263321474865224,3.73647611170251,2022-08-17 12:02:35,2022-08-17 12:05:29,387.76974,TRUE,FALSE,TRUE,FALSE,FALSE,FALSE,FALSE,FALSE
"2022-08-17_OWC_TR_5_139",2022-08-17,"Aug","OWC","TR",5,139,2022-08-17 12:12:59.5,5057.07553353231,2.35048747107421,9.18744990900525e-102,0.617322716013734,46.7440122162929,1832.5182523662,2.17634093462085,0.00214176630468589,1290.01857886323,0.147458186248099,0,0.99953728114579,1.62542989578857,1565.12105163926,0.999737117067772,1.22772560217047,1833.53427945394,TRUE,2.1783954477705,0.00203991999099098,1.84463522464108,2022-08-17 12:12:00,2022-08-17 12:13:59,495.14127,TRUE,FALSE,TRUE,FALSE,FALSE,FALSE,FALSE,FALSE
"2022-08-17_OWC_TR_6_140",2022-08-17,"Aug","OWC","TR",6,140,2022-08-17 12:18:29.5,7982.14651592487,2.13937918781079,1.02879809121392e-160,0.638313114447603,61.6481317080968,4185.56965439461,1.96820895082922,0.00316632875170629,1780.95318265023,0.327683157014215,0,0.998145239714238,4.41466173955838,3928.72584855992,0.998708928623567,3.68836910782632,4185.96063173938,TRUE,1.96956910848902,0.0025090668259524,3.57575216630852,2022-08-17 12:17:00,2022-08-17 12:19:59,683.70435,TRUE,FALSE,TRUE,FALSE,FALSE,FALSE,FALSE,FALSE
"2022-08-17_OWC_TR_8_141",2022-08-17,"Aug","OWC","TR",8,141,2022-08-17 11:48:29.5,7081.37192566107,1.14805664448846,1.30193694268858e-162,0.642685460222631,32.9801219371244,2730.78570200848,1.05989611769468,0.00115292957618277,1299.68111079306,0.119316607012156,0,0.999151142888123,1.60747492995997,2355.15045579902,0.999498993189312,1.23667174540097,2732.19768144826,TRUE,1.06040296670019,0.00118950549151056,1.66576494053417,2022-08-17 11:47:00,2022-08-17 11:49:59,499.22003,TRUE,FALSE,TRUE,FALSE,FALSE,FALSE,FALSE,FALSE
"2022-08-17_OWC_UP_6_147",2022-08-17,"Aug","OWC","UP",6,147,2022-08-17 10:45:45.5,6617.09587097165,2.55416071045189,1.13090748881254e-129,0.630525619500623,64.4860778203508,2305.2617932537,2.47869256979937,0.00162574055479761,1604.79953723717,0.138211853039328,0,0.999746254150971,1.6899477274056,1945.61300404032,0.999862714655232,1.2451544652908,2308.7179989774,TRUE,2.47759589552408,0.00163484381290343,1.55224321406066,2022-08-17 10:44:32,2022-08-17 10:46:59,614.66003,TRUE,FALSE,TRUE,FALSE,FALSE,FALSE,TRUE,TRUE
"2022-08-17_OWC_UP_7_148",2022-08-17,"Aug","OWC","UP",7,148,2022-08-17 10:55:49.683398,NA,NA,NA,NA,NA,16463.9165447314,-0.573676087802521,0.281986091720852,1589.47800298189,42.2640982016486,0.042164779407985,0.00398678376820928,682.005393439852,16453.2924494016,0.0179476616209065,677.864665445629,16490.3667386587,TRUE,-0.543273164234363,0.106446748355192,277.083393852325,2022-08-17 10:53:40,2022-08-17 10:57:59,620.13531,FALSE,FALSE,FALSE,TRUE,TRUE,TRUE,TRUE,TRUE
"2022-08-17_OWC_UP_8_149",2022-08-17,"Aug","OWC","UP",8,149,2022-08-17 10:34:59.5,11989.629927304,2.53592983844686,1.14606623676999e-159,0.53095670599343,124.409449808597,11165.5329980643,2.34449731056814,0.0377306480116694,1059.39792644886,5.21177125353237,0,0.80120765763116,80.9928589654753,11159.8133752355,0.803210197424183,80.6681333032913,11176.1323774384,TRUE,2.24925323721696,0.00272991338997924,6.4625771716582,2022-08-17 10:33:00,2022-08-17 10:36:59,408.46707,FALSE,FALSE,FALSE,FALSE,TRUE,FALSE,TRUE,FALSE
"2022-09-16_CRC_TR_309_129",2022-09-16,"Sep","CRC","TR",309,129,2022-09-16 12:17:24.5,NA,NA,NA,NA,NA,5704.53607262879,0.79923032898489,0.0025943083961661,1225.81447174064,0.433245618447128,0,0.990937143096804,6.40598651857665,5200.98217860653,0.994942920608301,4.7907583077672,5704.53739495962,TRUE,0.799160727459975,0.00265209484623818,8.4484963845965,2022-09-16 12:15:00,2022-09-16 12:19:49,475.50479,TRUE,FALSE,TRUE,FALSE,FALSE,FALSE,FALSE,FALSE
"2022-09-16_CRC_TR_311_130",2022-09-16,"Sep","CRC","TR",311,130,2022-09-16 12:07:29.5,10003.1324746748,1.43760435344353,5.31538072573203e-225,0.680975250737583,62.5606383654825,4900.05150609501,1.27684657615029,0.00141386292409895,1069.91875990457,0.244275936099095,0,0.99890014459784,3.67330322180574,3543.09954276226,0.999757557359248,1.72654399771022,4900.85615223154,TRUE,1.27678195901006,0.0015163287518279,3.5701597294995,2022-09-16 12:05:00,2022-09-16 12:09:59,410.09988,TRUE,FALSE,TRUE,FALSE,FALSE,FALSE,FALSE,FALSE
"2022-09-16_CRC_TR_312_131",2022-09-16,"Sep","CRC","TR",312,131,2022-09-16 11:59:29.5,9049.11772676165,0.972059024405424,2.7523728060023e-234,0.695803907421999,36.8232009439544,4550.95972776642,0.769284476931709,0.00116460939086753,1016.43301759049,0.20121190272053,0,0.997946143587845,3.02572714419627,3508.47851581835,0.999357916999609,1.69365314021996,4567.70801823226,TRUE,0.765357136673731,0.00099395999079379,2.63669133876508,2022-09-16 11:57:00,2022-09-16 12:01:59,386.61185,TRUE,FALSE,TRUE,FALSE,FALSE,FALSE,FALSE,FALSE
"2022-09-16_CRC_TR_313_128",2022-09-16,"Sep","CRC","TR",313,128,2022-09-16 12:22:59.5,9169.25489615727,3.95373072992556,7.72427034120352e-175,0.669617022018385,140.58661053535,4881.58289058108,3.52393734098221,0.00385059043094587,1086.27619329359,0.531885816297767,0,0.99914345419798,7.15830871491153,2800.15999284578,0.999952701097095,1.68448199548387,4883.76447863214,TRUE,3.52026664405345,0.00393898915136228,8.23547528969775,2022-09-16 12:21:00,2022-09-16 12:24:59,412.69208,TRUE,FALSE,TRUE,FALSE,FALSE,FALSE,FALSE,FALSE
"2022-09-16_CRC_TR_314_132",2022-09-16,"Sep","CRC","TR",314,132,2022-09-16 11:42:51.5,3293.93770449516,9.1888286036474,1.06172345977702e-83,0.717114871534537,58.2242616685318,3105.98274796185,3.48228666076492,0.0851352405346369,1218.42947760398,4.87840528712548,2.80481491605326e-124,0.848811955934099,42.5654918330929,2726.66241937721,0.957868741036759,22.5456845679085,3108.01375549564,TRUE,3.37738983436475,0.0864712730246348,47.3486570293637,2022-09-16 11:42:02,2022-09-16 11:43:41,442.70526,FALSE,FALSE,TRUE,FALSE,FALSE,FALSE,FALSE,FALSE
"2022-09-16_CRC_TR_315_133",2022-09-16,"Sep","CRC","TR",315,133,2022-09-16 11:52:29.5,NA,NA,NA,NA,NA,6073.49581720672,1.5817514290852,0.00271349949118773,988.56558207525,0.468816755158021,0,0.997364195906297,7.04983931147384,5730.05094536559,0.998208347395361,5.8188038858629,6074.39634934859,TRUE,1.57978522233173,0.00226450364359319,7.04749926601769,2022-09-16 11:50:00,2022-09-16 11:54:59,396.28998,TRUE,FALSE,TRUE,FALSE,FALSE,FALSE,FALSE,FALSE
"2022-09-16_CRC_TR_316_134",2022-09-16,"Sep","CRC","TR",316,134,2022-09-16 12:30:59.5,11834.3869212354,1.29334515496741,3.68292028480134e-293,0.711391173063907,57.8638771953932,7860.76631829607,1.03169744649034,0.00269178464281059,1077.98933076542,0.558311219598301,0,0.992715171519415,9.19310860985452,5413.45119344066,0.999247189943146,2.95800345182839,7865.44793013667,TRUE,1.03668378887051,0.00269360544036999,10.7523810803806,2022-09-16 12:28:00,2022-09-16 12:33:59,412.14993,TRUE,FALSE,TRUE,FALSE,FALSE,FALSE,FALSE,FALSE
"2022-09-16_CRC_TR_327_135",2022-09-16,"Sep","CRC","TR",327,135,2022-09-16 12:13:09.5,5908.7264969487,1.28965723893391,8.2180243042564e-149,0.676837301476017,33.1707898510016,3634.26453488208,1.0053007659061,0.00352444721798008,1027.97694723227,0.405441660455813,0,0.992703564288447,4.98425875113296,2751.77406170255,0.998334872248261,2.38504425316943,3634.32140550467,TRUE,1.00478059517555,0.00380980591687982,5.75876887147639,2022-09-16 12:11:30,2022-09-16 12:14:49,393.54504,TRUE,FALSE,TRUE,FALSE,FALSE,FALSE,FALSE,FALSE
"2022-09-16_CRC_UP_301_126",2022-09-16,"Sep","CRC","UP",301,126,2022-09-16 12:46:29.5,11006.6652845602,2.643778322367,3.40576972448485e-227,0.684541672617149,109.251714580252,6774.07291708099,2.24039102861953,0.00400461972896522,1132.57176678676,0.691886190903059,0,0.997139071619907,10.4042494514732,5579.3712990946,0.999244778734718,5.35153699339583,6774.31934484687,TRUE,2.24100360243922,0.00418619209292918,12.2529271942091,2022-09-16 12:44:00,2022-09-16 12:48:59,432.68036,TRUE,FALSE,TRUE,FALSE,FALSE,FALSE,FALSE,FALSE
"2022-09-16_CRC_UP_308_127",2022-09-16,"Sep","CRC","UP",308,127,2022-09-16 12:37:59.5,8367.8212367154,2.37022765948361,2.07063317515791e-177,0.675018348075136,80.581781787548,4400.35789690617,2.0361086912484,0.00275672249380036,1200.44770866328,0.380788769986437,0,0.998685570179022,5.12479086151897,2441.02198068338,0.999914003825288,1.31266142464667,4406.04037286991,TRUE,2.03075493686482,0.00276489603997532,5.87604730846477,2022-09-16 12:36:00,2022-09-16 12:39:59,458.98688,TRUE,FALSE,TRUE,FALSE,FALSE,FALSE,FALSE,FALSE
"2022-09-23_PTR_TR_1_110",2022-09-23,"Sep","PTR","TR",1,110,2022-09-23 13:11:59.5,5862.41919522705,0.507369163091775,1.14998421848152e-188,0.697638439576778,14.1456911130946,3353.83285151296,0.369076383417625,0.00133280929720221,1101.18850608873,0.184102249700318,0,0.990723578839383,2.4777136334217,2410.99806080346,0.997509639445021,1.28557585450631,3354.24733615704,TRUE,0.368366983614762,0.0014303747760898,2.74596454728698,2022-09-23 13:10:00,2022-09-23 13:13:59,408.97794,TRUE,FALSE,TRUE,FALSE,FALSE,FALSE,FALSE,FALSE
"2022-09-23_PTR_TR_2_111",2022-09-23,"Sep","PTR","TR",2,111,2022-09-23 13:06:29.5,NA,NA,NA,NA,NA,2273.57324243552,0.778170803895101,0.00163886548686107,1156.55409352437,0.169606082870225,0,0.997619413746501,1.97886136399288,1852.14283065856,0.998917240704168,1.33705142747018,2287.16999660164,TRUE,0.783563937282497,0.00149929437384053,1.74915312929201,2022-09-23 13:05:00,2022-09-23 13:07:59,432.05161,TRUE,FALSE,TRUE,FALSE,FALSE,FALSE,FALSE,FALSE
"2022-09-23_PTR_TR_3_112",2022-09-23,"Sep","PTR","TR",3,112,2022-09-23 13:00:59.5,6403.40200438432,0.545370762848253,8.72327660719802e-172,0.663088802643525,20.5959111678892,2732.41543694991,0.51092280803787,0.000865670521368766,1085.85857911717,0.119575914437111,0,0.99794304459351,1.60929523627208,2525.71354514205,0.998464915520346,1.39217919345522,2732.7836906099,TRUE,0.510915398810046,0.00075586320383347,1.39838242431122,2022-09-23 12:59:00,2022-09-23 13:02:59,405.30038,TRUE,FALSE,TRUE,FALSE,FALSE,FALSE,FALSE,FALSE
"2022-09-23_PTR_TR_4_113",2022-09-23,"Sep","PTR","TR",4,113,2022-09-23 12:55:29.5,7555.97526188302,0.374350048794785,1.89943435970336e-227,0.684951443469734,16.0643818754279,3559.42982370696,0.32950041940409,0.000671350312682144,1081.20939905502,0.115990541434817,0,0.996285958145536,1.74420958673008,3041.88726602398,0.997919456824925,1.30691638314876,3562.33817214139,TRUE,0.330271419183286,0.000677990030947843,1.74146219809532,2022-09-23 12:53:00,2022-09-23 12:57:59,402.9747,TRUE,FALSE,TRUE,FALSE,FALSE,FALSE,FALSE,FALSE
"2022-09-23_PTR_TR_5_114",2022-09-23,"Sep","PTR","TR",5,114,2022-09-23 12:47:59.5,6582.3109664026,0.660036351319461,6.97778561992775e-177,0.673917466310315,23.3205490140957,2906.61867547681,0.588063483281628,0.000976992374556772,1148.22332598681,0.134952910722882,0,0.998022126380055,1.81624432787933,2290.03377531172,0.9991646472048,1.18199510504917,2908.67580021534,TRUE,0.587796668180006,0.000989946747854346,1.66041716856479,2022-09-23 12:46:00,2022-09-23 12:49:59,427.07126,TRUE,FALSE,TRUE,FALSE,FALSE,FALSE,FALSE,FALSE
"2022-09-23_PTR_TR_6_115",2022-09-23,"Sep","PTR","TR",6,115,2022-09-23 13:25:59.5,6436.63663389282,1.05960926926893,3.17495243592749e-205,0.728088799818694,21.0767844754805,5287.65947801539,0.566312589061708,0.00510501875465466,1066.47026660225,0.705161225591035,0,0.94487110782156,9.49031087480645,3543.35506008494,0.995137885832418,2.82233845602448,5287.65947801539,TRUE,0.566312589061708,0.00510501875465466,14.1100321104931,2022-09-23 13:24:00,2022-09-23 13:27:59,394.49414,TRUE,FALSE,TRUE,FALSE,FALSE,FALSE,FALSE,FALSE
"2022-09-23_PTR_TR_7_116",2022-09-23,"Sep","PTR","TR",7,116,2022-09-23 13:21:29.5,4718.42288716097,0.668175728062586,3.58709449357431e-122,0.642220108758812,19.0348456611945,1776.87472477804,0.610837278191301,0.00103468619889865,1089.80874148124,0.107079607571209,0,0.998458730301059,1.24934020471612,1686.3584340062,0.998706209362114,1.14678536257094,1776.96291447753,TRUE,0.610584428592846,0.00105516709544836,1.28582405350321,2022-09-23 13:20:00,2022-09-23 13:22:59,406.6814,TRUE,FALSE,TRUE,FALSE,FALSE,FALSE,FALSE,FALSE
"2022-09-23_PTR_TR_8_117",2022-09-23,"Sep","PTR","TR",8,117,2022-09-23 13:16:29.5,3813.41261592526,0.276275013323445,1.36243883287433e-124,0.64954910775885,8.23422137347729,1837.80979136419,0.265985522833137,0.00109474290880938,1064.97760856755,0.113294872582093,0,0.990968695320761,1.32185616398407,1723.46624413548,0.992746079200248,1.18687259313701,1837.99894382385,TRUE,0.266058271009323,0.00120669152534954,1.36890701230812,2022-09-23 13:15:00,2022-09-23 13:17:59,397.65448,TRUE,FALSE,TRUE,FALSE,FALSE,FALSE,FALSE,FALSE
"2022-09-23_PTR_UP_301_118",2022-09-23,"Sep","PTR","UP",301,118,2022-09-23 13:34:59.5,5284.40919198821,0.281110938787765,4.10621858481036e-175,0.670197611009379,9.46891404228159,2418.43348369229,0.236924939279405,0.000696077742269925,1070.26349488452,0.0961498982541751,0,0.993840646401214,1.29401956871398,2281.42456758079,0.994936154778218,1.17494949213025,2418.48867800694,TRUE,0.236861218850244,0.000723305694573592,1.45016339316237,2022-09-23 13:33:00,2022-09-23 13:36:59,399.24741,TRUE,FALSE,TRUE,FALSE,FALSE,FALSE,FALSE,FALSE
"2022-09-23_PTR_UP_302_121",2022-09-23,"Sep","PTR","UP",302,121,2022-09-23 13:51:29.5,3551.29590929369,0.162633357352546,4.82475961351996e-107,0.59281446933864,6.45979868494522,2442.75532502503,0.18931467768521,0.00191679458251177,1076.02680527992,0.198368946941067,0,0.94773034475558,2.314449094482,1923.57386937199,0.980162750671481,1.42847381608683,2444.4896720284,TRUE,0.191814722642076,0.00190791505901711,2.16462415681809,2022-09-23 13:50:00,2022-09-23 13:52:59,402.99908,TRUE,FALSE,TRUE,FALSE,FALSE,FALSE,FALSE,FALSE
"2022-09-23_PTR_UP_303_120",2022-09-23,"Sep","PTR","UP",303,120,2022-09-23 13:47:14.5,3987.75858661774,0.25077628753762,6.21080355309879e-169,0.705668046331824,5.71318782314252,2474.12577950486,0.171113434924443,0.00112945337692478,1115.82254544827,0.136449779309502,0,0.973367920985242,1.71855062720629,2169.58364909387,0.983680396501138,1.34743322520823,2475.14400077251,TRUE,0.170896179661416,0.00112243850096311,1.90422684757569,2022-09-23 13:45:30,2022-09-23 13:48:59,415.01624,TRUE,FALSE,TRUE,FALSE,FALSE,FALSE,FALSE,FALSE
"2022-09-23_PTR_UP_304_125",2022-09-23,"Sep","PTR","UP",304,125,2022-09-23 14:12:29.5,8600.91986009773,0.769204544672932,3.13495193863445e-238,0.701891038104171,28.7066640345641,4488.039100005,0.605497384287692,0.00112460272468375,1071.53689766071,0.194299870680031,0,0.996911790255167,2.92178735393675,3266.31750450329,0.999208892432721,1.48046158698656,4536.47222452065,TRUE,0.59905179621966,0.000865897558044855,2.25377170950944,2022-09-23 14:10:00,2022-09-23 14:14:59,396.4852,TRUE,FALSE,TRUE,FALSE,FALSE,FALSE,FALSE,FALSE
"2022-09-23_PTR_UP_305_122",2022-09-23,"Sep","PTR","UP",305,122,2022-09-23 13:56:59.5,NA,NA,NA,NA,NA,2780.98341929795,0.661701758283122,0.000895365613332298,1053.68872013556,0.123677726487056,0,0.998687104585465,1.66449888345417,2480.34796399166,0.999140040394088,1.34900381974355,2781.4864843846,TRUE,0.661294060994279,0.000945989466473291,1.69458772470785,2022-09-23 13:55:00,2022-09-23 13:58:59,394.39151,TRUE,FALSE,TRUE,FALSE,FALSE,FALSE,FALSE,FALSE
"2022-09-23_PTR_UP_306_123",2022-09-23,"Sep","PTR","UP",306,123,2022-09-23 14:02:59.5,6977.12356602551,0.765556364017693,4.35696734898757e-169,0.657211054344907,30.6769120213387,2702.44786156516,0.754884967572926,0.000847841374241215,1113.78805625396,0.11711315693436,0,0.999095103449394,1.57615056883695,2415.03394330339,0.999396298980048,1.28918398693112,2702.74123568941,TRUE,0.754468958114377,0.000883282817958096,1.73677655351758,2022-09-23 14:01:00,2022-09-23 14:04:59,416.89764,TRUE,FALSE,TRUE,FALSE,FALSE,FALSE,FALSE,FALSE
"2022-09-23_PTR_UP_307_124",2022-09-23,"Sep","PTR","UP",307,124,2022-09-23 14:07:29.5,4183.28315561666,0.367213244172563,8.01437331581986e-119,0.631825998682919,11.597290928753,1788.08408591729,0.36635298582494,0.00104548117017254,1060.1366328571,0.108196778447733,0,0.995637689608534,1.26237467993728,1744.91792485871,0.996002548309965,1.2106827322575,1788.36744350452,TRUE,0.365970206140386,0.00111284403007094,1.36417810851487,2022-09-23 14:06:00,2022-09-23 14:08:59,396.26859,TRUE,FALSE,TRUE,FALSE,FALSE,FALSE,FALSE,FALSE
"2022-09-23_PTR_UP_308_119",2022-09-23,"Sep","PTR","UP",308,119,2022-09-23 13:40:59.5,NA,NA,NA,NA,NA,2646.01313227455,0.334462708850444,0.000815256490000708,1063.8953978235,0.112612175055336,0,0.995752153424791,1.51557475195479,2528.8670561927,0.996409994525829,1.39523132065869,2647.1625568313,TRUE,0.333755366683614,0.000768112675271208,1.42675061656186,2022-09-23 13:39:00,2022-09-23 13:42:59,397.70547,TRUE,FALSE,TRUE,FALSE,FALSE,FALSE,FALSE,FALSE
"2022-09-30_OWC_TR_120_102",2022-09-30,"Sep","OWC","TR",120,102,2022-09-30 15:03:14.5,6793.00972828724,1.69924328543553,1.1909435658624e-150,0.663472725240853,52.9404104891341,3184.00916376392,1.50219121264836,0.00198403626964699,1087.76061726189,0.239692329640454,0,0.998905708769708,3.01886456339219,2354.04285136945,0.999708772105588,1.55986247492949,3186.07384582239,TRUE,1.49967478508937,0.00200102081465775,3.45239545396759,2022-09-30 15:01:30,2022-09-30 15:04:59,401.76276,TRUE,FALSE,TRUE,FALSE,FALSE,FALSE,FALSE,FALSE
"2022-09-30_OWC_TR_121_103",2022-09-30,"Sep","OWC","TR",121,103,2022-09-30 14:54:59.5,7604.2987799183,1.36691980995862,6.98274392263304e-178,0.676000201856936,47.4202173065493,4332.2370423301,1.19873025053301,0.00262934909413029,1060.42641139521,0.363194557910889,0,0.996557449222539,4.88800169028473,3207.52955757488,0.999282108318475,2.2352512246749,4347.22090011925,TRUE,1.19251305309869,0.00232447666002934,4.6515082476898,2022-09-30 14:53:00,2022-09-30 14:56:59,394.3403,TRUE,FALSE,TRUE,FALSE,FALSE,FALSE,FALSE,FALSE
"2022-09-30_OWC_TR_122_104",2022-09-30,"Sep","OWC","TR",122,104,2022-09-30 14:42:29.5,4674.09366864551,0.907087730351726,1.80767082297169e-142,0.699234263175893,18.2693667463422,2838.51573762798,0.636701736714982,0.00276516174098859,1074.2725053051,0.286166409111429,0,0.98995461537247,3.33881686953693,2421.76068691342,0.995391339420073,2.26571572677645,2899.48532457746,TRUE,0.618124633741755,0.00148311210923873,1.42133451721608,2022-09-30 14:41:00,2022-09-30 14:43:59,395.92886,TRUE,FALSE,TRUE,FALSE,FALSE,FALSE,FALSE,FALSE
"2022-09-30_OWC_TR_123_105",2022-09-30,"Sep","OWC","TR",123,105,2022-09-30 14:48:59.5,6999.08699797102,0.942147329938635,1.28016504851789e-178,0.677526640816349,31.1483945174343,3521.19475838195,0.789601795897125,0.00149707396724605,1160.04888371272,0.20679228897663,0,0.997425604788207,2.7830842616965,2668.81053429516,0.999216361840273,1.53763142034334,3523.43022684067,TRUE,0.787803260984097,0.00158067291744264,2.85743018631625,2022-09-30 14:47:00,2022-09-30 14:50:59,429.93787,TRUE,FALSE,TRUE,FALSE,FALSE,FALSE,FALSE,FALSE
"2022-09-30_OWC_TR_124_106",2022-09-30,"Sep","OWC","TR",124,106,2022-09-30 14:38:09.5,5316.40351404887,1.22725805800533,3.83110410931048e-125,0.651196445670818,33.1140295904903,2118.65535655366,1.07655826574722,0.00141986491842229,1097.35848803556,0.146941728255988,0,0.999065035730691,1.7144273594633,1777.06720837962,0.999506989603655,1.24726393107743,2121.63396823978,TRUE,1.07527793119834,0.00138090059889293,1.60405396798209,2022-09-30 14:36:40,2022-09-30 14:39:39,407.01526,TRUE,FALSE,TRUE,FALSE,FALSE,FALSE,FALSE,FALSE
"2022-09-30_OWC_TR_126_107",2022-09-30,"Sep","OWC","TR",126,107,2022-09-30 14:33:29.5,4405.75991180277,0.520502154244505,1.54534653546387e-127,0.658265494756252,14.2501655854873,2458.96923893361,0.466088077023837,0.00194578829080529,1306.54903460909,0.201369503930625,0,0.990710671925282,2.34945778165059,2001.65992285847,0.996046545668083,1.53558054422,2461.1171571296,TRUE,0.468756379923305,0.00204338108298276,2.45278470003179,2022-09-30 14:32:00,2022-09-30 14:34:59,486.67947,TRUE,FALSE,TRUE,FALSE,FALSE,FALSE,FALSE,FALSE
"2022-09-30_OWC_TR_127_108",2022-09-30,"Sep","OWC","TR",127,108,2022-09-30 15:15:29.5,5302.0217156073,1.11071184631203,4.95187862149507e-123,0.644841451769158,32.6759903201113,2329.56537877599,1.05250150496471,0.00172607284593224,1311.67942127855,0.178631166800601,0,0.998555135518702,2.08416059379868,2261.01301675306,0.998736785949765,1.9523821996923,2329.58518545468,TRUE,1.05240346968435,0.00184609852816858,2.11150626217072,2022-09-30 15:14:00,2022-09-30 15:16:59,487.87094,TRUE,FALSE,TRUE,FALSE,FALSE,FALSE,FALSE,FALSE
"2022-09-30_OWC_TR_128_109",2022-09-30,"Sep","OWC","TR",128,109,2022-09-30 15:08:59.5,NA,NA,NA,NA,NA,1420.47868194132,1.48268844095832,0.00263293786857166,1223.07597514207,0.181274792564473,0,0.998872349709582,1.73048326639733,1327.35240985674,0.999138998576678,1.51634713502523,1421.56522378164,TRUE,1.48478676937033,0.00274537990843816,1.58414857512111,2022-09-30 15:08:00,2022-09-30 15:09:59,456.67764,TRUE,FALSE,TRUE,FALSE,FALSE,FALSE,FALSE,FALSE
"2022-09-30_OWC_UP_102_95",2022-09-30,"Sep","OWC","UP",102,95,2022-09-30 16:17:29.5,5967.21144769121,2.05639263595615,6.52570131908965e-122,0.641424142826659,60.4947742841308,2421.46902736451,1.94015676526666,0.0018793853234061,1381.21584848366,0.194497465144143,0,0.999495430371374,2.26927898253974,1979.21050320994,0.999779190316245,1.50399065874391,2422.92020195335,TRUE,1.94213425648619,0.00193883091107699,2.4532340680078,2022-09-30 16:16:00,2022-09-30 16:18:59,513.86768,TRUE,FALSE,TRUE,FALSE,FALSE,FALSE,FALSE,FALSE
"2022-09-30_OWC_UP_103_96",2022-09-30,"Sep","OWC","UP",103,96,2022-09-30 16:07:44.5,NA,NA,NA,NA,NA,1524.82454402613,1.69788390324309,0.00142738373090818,1135.23219068163,0.122996809355099,0,0.999683476448065,1.31110654128104,1465.46103211332,0.99972504983907,1.2247107660087,1526.0249940304,TRUE,1.69944099690914,0.00132016177704575,1.31319531217219,2022-09-30 16:06:30,2022-09-30 16:08:59,422.9957,TRUE,FALSE,TRUE,FALSE,FALSE,FALSE,FALSE,FALSE
"2022-09-30_OWC_UP_104_97",2022-09-30,"Sep","OWC","UP",104,97,2022-09-30 15:52:44.5,4049.75928314334,0.793718938008927,1.63620419856611e-96,0.621312177899766,21.6792268086818,1563.30590694494,0.811179605777481,0.00148973802103443,1108.08913746005,0.128369841546136,0,0.998491282080606,1.36838134124633,1501.33556325324,0.998697012810687,1.27451446828166,1563.71558027948,TRUE,0.810467618262835,0.00160233145631423,1.48251001576614,2022-09-30 15:51:30,2022-09-30 15:53:59,413.72052,TRUE,FALSE,TRUE,FALSE,FALSE,FALSE,FALSE,FALSE
"2022-09-30_OWC_UP_105_98",2022-09-30,"Sep","OWC","UP",105,98,2022-09-30 15:57:14.5,5067.48351283367,2.6367260584476,6.77497058419045e-99,0.630463507112912,67.1654656747093,1980.81603815673,2.54551043447504,0.00236907699447016,1182.69476559808,0.204141959255064,0,0.99961210149415,2.17608781506287,1587.43944533896,0.999839597765298,1.40247183608258,1982.14263787158,TRUE,2.54778684459864,0.0025029055212352,2.08916780614498,2022-09-30 15:56:00,2022-09-30 15:58:29,440.33707,TRUE,FALSE,TRUE,FALSE,FALSE,FALSE,FALSE,FALSE
"2022-09-30_OWC_UP_106_99",2022-09-30,"Sep","OWC","UP",106,99,2022-09-30 16:00:59.5,4605.53933179428,0.627976274166928,6.48854119501244e-124,0.647511897395645,17.1457352825724,1837.65170046748,0.554175952146055,0.00109458267156697,1067.07553939977,0.113278289640276,0,0.997905533149367,1.321662684232,1814.91212610701,0.998006720436459,1.29174483227984,1837.72069252529,TRUE,0.553944147994482,0.00112617361305187,1.20050855376432,2022-09-30 15:59:30,2022-09-30 16:02:29,396.43536,TRUE,FALSE,TRUE,FALSE,FALSE,FALSE,FALSE,FALSE
"2022-09-30_OWC_UP_107_100",2022-09-30,"Sep","OWC","UP",107,100,2022-09-30 16:12:59.5,5338.71578742985,1.20097913313721,1.15501186083632e-123,0.646756216987333,33.8052650027183,2017.95462964925,1.09220050850759,0.00129345938832349,1095.19657806766,0.133860028149986,0,0.999246027419924,1.56179798157174,1776.37434796615,0.999521537565037,1.24646402120666,2020.29359940995,TRUE,1.09055187620689,0.00130555876613807,1.49320974174289,2022-09-30 16:11:30,2022-09-30 16:14:29,407.15283,TRUE,FALSE,TRUE,FALSE,FALSE,FALSE,FALSE,FALSE
"2022-09-30_OWC_UP_108_101",2022-09-30,"Sep","OWC","UP",108,101,2022-09-30 15:43:14.5,7068.64869124192,0.412471935380177,1.32823243958382e-190,0.658315389862922,18.952905556975,2628.29691001546,0.415190227975047,0.000551163234399589,1281.24238206065,0.0856791476577049,0,0.998578130806143,1.22262398649973,2615.71153552577,0.998606948633661,1.21167128055218,2628.7007961353,TRUE,0.415008330245346,0.000599132544793902,1.18811627241437,2022-09-30 15:41:00,2022-09-30 15:45:29,477.6658,TRUE,FALSE,TRUE,FALSE,FALSE,FALSE,FALSE,FALSE
