"Month","Year","Site","Plot","Depth","Time_24hr","Time_Zone","Topography","Notes","Avg_mV","Std_dv","Std_err","Day","Region","Project"
1,2025,"CRC","TR",5,NA,NA,NA,NA,654.416666666667,72.2355983339701,29.4900595304776,31,"LE","COMPASS: Synoptic"
1,2025,"CRC","TR",10,NA,NA,NA,NA,666.5,55.5845662032186,22.6923041286394,31,"LE","COMPASS: Synoptic"
1,2025,"CRC","TR",20,NA,NA,NA,NA,616.183333333333,128.632490711588,52.5139944311144,31,"LE","COMPASS: Synoptic"
1,2025,"CRC","UP",5,NA,NA,NA,NA,742.05,24.7271308485234,10.0948088969859,31,"LE","COMPASS: Synoptic"
1,2025,"CRC","UP",10,NA,NA,NA,NA,795.633333333333,35.1078148945027,14.3327054126025,31,"LE","COMPASS: Synoptic"
1,2025,"CRC","UP",20,NA,NA,NA,NA,799.2,56.8776933428211,23.2202210727346,31,"LE","COMPASS: Synoptic"
1,2025,"CRC","WC",5,NA,NA,NA,NA,656.366666666667,143.102881405885,58.4215066944053,31,"LE","COMPASS: Synoptic"
1,2025,"CRC","WC",10,NA,NA,NA,NA,378.983333333333,27.3278185493586,11.1565352048823,31,"LE","COMPASS: Synoptic"
1,2025,"CRC","WC",20,NA,NA,NA,NA,389.3,35.5883688864775,14.5288907583018,31,"LE","COMPASS: Synoptic"
