Date,Time_start,Stop time,Plot,Area,Chambers,Volume,Light,Site,Zone,Rep,Dead_band,Msmt_stop,Notes,SN,checked
1/5/2023,13:28:00,13:33:00,OWC_Up101,0.00202683,NA,0.000128704,Dark,OWC,Up,101,,300,,TG10-01448,Y
1/5/2023,13:21:00,13:25:00,OWC_Up102,0.00202683,NA,0.000128704,Dark,OWC,Up,102,,300,,TG10-01448,Y
1/5/2023,13:04:20,13:09:00,OWC_Up103,0.00202683,NA,0.000128704,Dark,OWC,Up,103,,300,,TG10-01448,Y
1/5/2023,11:58:00,12:04:00,OWC_Up104,0.00202683,NA,0.000128704,Dark,OWC,Up,104,,300,,TG10-01448,Y
1/5/2023,12:06:00,12:10:00,OWC_Up105,0.00202683,NA,0.000128704,Dark,OWC,Up,105,,300,,TG10-01448,Y
1/5/2023,11:45:50,11:51:00,OWC_Up106,0.00202683,NA,0.000128704,Dark,OWC,Up,106,,300,,TG10-01448,Y
1/5/2023,13:14:30,13:18:00,OWC_Up107,0.00202683,NA,0.000128704,Dark,OWC,Up,107,,300,,TG10-01448,Y
1/5/2023,12:54:30,12:59:00,OWC_Up108,0.00202683,NA,0.000128704,Dark,OWC,Up,108,,300,,TG10-01448,Y
1/5/2023,11:55:00,12:00:00,OWC_Tr128,0.00202683,NA,0.000128704,Dark,OWC,Tr,128,,300,missing field notes,TG10-01028,Y
1/5/2023,13:20:00,13:25:00,OWC_Tr120,0.00202683,NA,0.000128704,Dark,OWC,Tr,120,,300,,TG10-01028,Y
1/5/2023,13:31:00,13:36:00,OWC_Tr121,0.00202683,NA,0.000128704,Dark,OWC,Tr,121,,300,,TG10-01028,Y
1/5/2023,13:41:00,13:46:00,OWC_Tr123,0.00202683,NA,0.000128704,Dark,OWC,Tr,123,,300,,TG10-01028,Y
1/5/2023,13:54:00,13:58:00,OWC_Tr122,0.00202683,NA,0.000128704,Dark,OWC,Tr,122,,300,,TG10-01028,Y
1/5/2023,13:05:00,13:10:00,OWC_Tr124,0.00202683,NA,0.000128704,Dark,OWC,Tr,124,,300,,TG10-01028,Y
1/5/2023,14:05:25,14:10:00,OWC_Tr126,0.00202683,NA,0.000128704,Dark,OWC,Tr,126,,300,,TG10-01028,Y
1/5/2023,15:24:58,15:30:00,OWC_Tr127,0.00202683,NA,0.000128704,Dark,OWC,Tr,127,,300,,TG10-01028,Y
1/5/2023,14:30:00,14:34:00,OWC_Tr124,0.00202683,NA,0.000128704,Dark,OWC,Tr,124,,300,,TG10-01028,Y
1/12/2023,12:31:35,12:36:00,PTR_Up301,0.00202683,NA,0.000128704,Dark,PTR,Up,301,,300,,TG10-01448,Y no flux
1/12/2023,13:07:00,13:12:00,PTR_Up308,0.00202683,NA,0.000128704,Dark,PTR,Up,308,,300,,TG10-01448,Y
1/12/2023,13:18:40,13:23:00,PTR_Up303,0.00202683,NA,0.000128704,Dark,PTR,Up,303,,300,start time 1hour less in the strument - manually edited here ,TG10-01448,Y
1/12/2023,12:58:30,13:03:00,PTR_Up302,0.00202683,NA,0.000128704,Dark,PTR,Up,302,,300,start time 1hour less in the strument - manually edited here ,TG10-01448,Y
1/12/2023,12:52:30,12:57:00,PTR_Up305,0.00202683,NA,0.000128704,Dark,PTR,Up,305,,300,start time 1hour less in the strument - manually edited here ,TG10-01448,Y
1/12/2023,12:41:35,12:46:00,PTR_Up306,0.00202683,NA,0.000128704,Dark,PTR,Up,306,,300,start time 1hour less in the strument - manually edited here ,TG10-01448,Y
1/12/2023,13:27:20,13:32:00,PTR_Up307,0.00202683,NA,0.000128704,Dark,PTR,Up,307,,300,,TG10-01448,Y
1/12/2023,11:22:30,11:25:00,PTR_Up304,0.00202683,NA,0.000128704,Dark,PTR,Up,304,,300,,TG10-01448,Y no flux
1/12/2023,11:23:00,11:28:00,PTR_Tr1,0.00202683,NA,0.000128704,Dark,PTR,Tr,1,,300,,TG10-01028,Y
1/12/2023,11:38:40,11:45:00,PTR_Tr2,0.00202683,NA,0.000128704,Dark,PTR,Tr,2,,300,,TG10-01028,Y
1/12/2023,11:53:00,11:58:00,PTR_Tr3,0.00202683,NA,0.000128704,Dark,PTR,Tr,3,,300,,TG10-01028,Y
1/12/2023,12:05:00,12:10:00,PTR_Tr4,0.00202683,NA,0.000128704,Dark,PTR,Tr,4,,300,,TG10-01028,Y
1/12/2023,12:16:00,12:21:00,PTR_Tr4b,0.00202683,NA,0.000128704,Dark,PTR,Tr,4,,300,,TG10-01028,Y
1/12/2023,12:24:00,12:29:00,PTR_Tr5,0.00202683,NA,0.000128704,Dark,PTR,Tr,5,,300,,TG10-01028,Y
1/12/2023,12:37:30,12:42:00,PTR_Tr6,0.00202683,NA,0.000128704,Dark,PTR,Tr,6,,300,,TG10-01028,Y
1/12/2023,11:02:25,11:07:30,PTR_Tr7,0.00202683,NA,0.000128704,Dark,PTR,Tr,7,,300,,TG10-01028,Y
1/12/2023,11:16:50,11:21:00,PTR_Tr8,0.00202683,NA,0.000128704,Dark,PTR,Tr,8,,300,,TG10-01028,Y
1/20/2023,14:00:50,14:05:00,CRC_Up301,0.00202683,NA,0.000128704,Dark,CRC,Up,301,,300,,TG10-01448,Y
1/20/2023,14:08:00,14:12:00,CRC_Up302,0.00202683,NA,0.000128704,Dark,CRC,Up,302,,300,,TG10-01448,Y
1/20/2023,14:16:30,14:21:00,CRC_Up303,0.00202683,NA,0.000128704,Dark,CRC,Up,303,,300,,TG10-01448,Y
1/20/2023,14:24:00,14:28:00,CRC_Up304,0.00202683,NA,0.000128704,Dark,CRC,Up,304,,300,,TG10-01448,Y
1/20/2023,14:32:00,14:37:00,CRC_Up305,0.00202683,NA,0.000128704,Dark,CRC,Up,305,,300,,TG10-01448,Y
1/20/2023,14:29:00,14:35:00,CRC_Up306,0.00202683,NA,0.000128704,Dark,CRC,Up,306,,300,,TG10-01028,Y
1/20/2023,14:14:00,14:17:00,CRC_Up307,0.00202683,NA,0.000128704,Dark,CRC,Up,307,,300,,TG10-01028,Y
1/20/2023,14:00:00,14:05:00,CRC_Up308,0.00202683,NA,0.000128704,Dark,CRC,Up,308,,300,,TG10-01028,Y
1/20/2023,12:13:00,12:16:00,CRC_Tr311,0.00202683,NA,0.000128704,Dark,CRC,Tr,311,,300,,TG10-01448,Y
1/20/2023,12:02:00,12:07:00,CRC_Tr312,0.00202683,NA,0.000128704,Dark,CRC,Tr,312,,300,,TG10-01448,Y
1/20/2023,12:20:00,12:25:00,CRC_Tr313,0.00202683,NA,0.000128704,Dark,CRC,Tr,313,,300,,TG10-01448,Y
1/20/2023,11:45:00,11:50:00,CRC_Tr314,0.00202683,NA,0.000128704,Dark,CRC,Tr,314,,300,,TG10-01448,Y
1/20/2023,11:53:00,11:58:00,CRC_Tr315,0.00202683,NA,0.000128704,Dark,CRC,Tr,315,,300,,TG10-01448,Y
1/20/2023,11:29:00,11:34:00,CRC_Tr316,0.00202683,NA,0.000128704,Dark,CRC,Tr,316,,300,,TG10-01448,Y
2/10/2023,12:31:00,12:36:00,OWC_UP101,0.00202683,NA,0.000128704,Dark,OWC,UP,101,,300,,TG10-01448,Y
2/10/2023,12:24:00,12:29:00,OWC_UP102,0.00202683,NA,0.000128704,Dark,OWC,UP,102,,300,,TG10-01448,Y
2/10/2023,12:03:00,12:08:00,OWC_UP103,0.00202683,NA,0.000128704,Dark,OWC,UP,103,,300,,TG10-01448,Y
2/10/2023,11:42:00,11:47:00,OWC_UP104,0.00202683,NA,0.000128704,Dark,OWC,UP,104,,300,,TG10-01448,Y
2/10/2023,11:49:00,11:54:00,OWC_UP105,0.00202683,NA,0.000128704,Dark,OWC,UP,105,,300,,TG10-01448,Y
2/10/2023,11:33:00,11:40:00,OWC_UP106,0.00202683,NA,0.000128704,Dark,OWC,UP,106,,300,,TG10-01448,Y
2/10/2023,12:18:00,12:22:00,OWC_UP107,0.00202683,NA,0.000128704,Dark,OWC,UP,107,,300,,TG10-01448,Y
2/10/2023,11:56:00,12:00:00,OWC_UP108,0.00202683,NA,0.000128704,Dark,OWC,UP,108,,300,,TG10-01448,Y
2/10/2023,12:20:00,12:28:00,OWC_TR120,0.00202683,NA,0.000128704,Dark,OWC,TR,120,,300,,TG10-01028,Y
2/10/2023,12:09:00,12:15:00,OWC_TR121,0.00202683,NA,0.000128704,Dark,OWC,TR,121,,300,,TG10-01028,Y
2/10/2023,11:51:30,11:56:00,OWC_TR122,0.00202683,NA,0.000128704,Dark,OWC,TR,122,,300,,TG10-01028,Y
2/10/2023,11:59:00,12:05:00,OWC_TR123,0.00202683,NA,0.000128704,Dark,OWC,TR,123,,300,,TG10-01028,Y
2/10/2023,11:44:00,11:48:00,OWC_TR124,0.00202683,NA,0.000128704,Dark,OWC,TR,124,,300,,TG10-01028,Y
2/10/2023,11:32:30,11:40:00,OWC_TR126,0.00202683,NA,0.000128704,Dark,OWC,TR,126,,300,,TG10-01028,Y
2/10/2023,12:57:30,13:00:00,OWC_TR127,0.00202683,NA,0.000128704,Dark,OWC,TR,127,,300,,TG10-01028,Y
2/10/2023,12:41:00,12:45:00,OWC_TR128,0.00202683,NA,0.000128704,Dark,OWC,TR,128,,300,,TG10-01028,Y
2/21/2023,11:53:00,11:56:00,CRC_UP301,0.00202683,NA,0.000128704,Dark,CRC,UP,301,,300,,TG10-01028,Y
2/21/2023,11:57:00,11:59:30,CRC_UP302,0.00202683,NA,0.000128704,Dark,CRC,UP,302,,300,,TG10-01028,Y
2/21/2023,12:08:30,12:13:00,CRC_UP303,0.00202683,NA,0.000128704,Dark,CRC,UP,303,,300,,TG10-01028,Y
2/21/2023,11:13:00,11:19:00,CRC_UP304,0.00202683,NA,0.000128704,Dark,CRC,UP,304,,300,,TG10-01028,Y
2/21/2023,11:24:00,11:27:00,CRC_UP305,0.00202683,NA,0.000128704,Dark,CRC,UP,305,,300,,TG10-01028,Y
2/21/2023,11:30:00,11:34:00,CRC_UP306,0.00202683,NA,0.000128704,Dark,CRC,UP,306,,300,,TG10-01028,Y
2/21/2023,11:38:00,11:40:00,CRC_UP307,0.00202683,NA,0.000128704,Dark,CRC,UP,307,,300,,TG10-01028,Y
2/21/2023,11:46:00,11:50:00,CRC_UP308,0.00202683,NA,0.000128704,Dark,CRC,UP,308,,300,,TG10-01028,Y
2/21/2023,14:16:00,14:21:00,CRC_TR309,0.00202683,NA,0.000128704,Dark,CRC,TR,309,,300,,TG10-01028,Y
2/21/2023,13:56:00,14:04:00,CRC_TR327,0.00202683,NA,0.000128704,Dark,CRC,TR,327,,300,,TG10-01028,Y
2/21/2023,13:43:00,13:47:00,CRC_TR311,0.00202683,NA,0.000128704,Dark,CRC,TR,311,,300,,TG10-01028,Y
2/21/2023,13:30:00,13:34:00,CRC_TR312,0.00202683,NA,0.000128704,Dark,CRC,TR,312,,300,,TG10-01028,Y
2/21/2023,13:49:30,13:53:00,CRC_TR313,0.00202683,NA,0.000128704,Dark,CRC,TR,313,,300,,TG10-01028,Y
2/21/2023,13:05:30,13:09:00,CRC_TR314,0.00202683,NA,0.000128704,Dark,CRC,TR,314,,300,,TG10-01028,Y
2/21/2023,13:13:00,13:18:00,CRC_TR315,0.00202683,NA,0.000128704,Dark,CRC,TR,315,,300,,TG10-01028,Y
2/21/2023,14:25:00,14:30:00,CRC_TR316,0.00202683,NA,0.000128704,Dark,CRC,TR,316,,300,,TG10-01028,Y
2/21/2023,12:00:00,12:05:00,CRC_UP302B,0.00202683,NA,0.000128704,Dark,CRC,UP,302B,,300,,TG10-01028,Y
2/21/2023,14:07:00,14:12:00,CRC_TR327B,0.00202683,NA,0.000128704,Dark,CRC,TR,327B,,300,,TG10-01028,Y
2/21/2023,14:32:00,14:36:00,CRC_TR316B,0.00202683,NA,0.000128704,Dark,CRC,TR,316B,,300,,TG10-01028,Y
2/24/2023,12:03:00,12:06:00,PTR_UP1,0.00202683,NA,0.000128704,Dark,PTR,UP,1,,300,,TG10-01448,Y
2/24/2023,12:09:30,12:13:00,PTR_UP2,0.00202683,NA,0.000128704,Dark,PTR,UP,2,,300,,TG10-01448,Y
2/24/2023,12:17:00,12:22:00,PTR_UP3,0.00202683,NA,0.000128704,Dark,PTR,UP,3,,300,,TG10-01448,Y
2/24/2023,12:26:00,12:29:00,PTR_UP3b,0.00202683,NA,0.000128704,Dark,PTR,UP,3b,,300,,TG10-01448,Y
2/24/2023,12:32:30,12:38:00,PTR_UP4,0.00202683,NA,0.000128704,Dark,PTR,UP,4,,300,,TG10-01448,Y
2/24/2023,11:46:00,11:51:00,PTR_UP7,0.00202683,NA,0.000128704,Dark,PTR,UP,7,,300,,TG10-01448,Y
2/24/2023,11:55:30,11:59:00,PTR_UP550,0.00202683,NA,0.000128704,Dark,PTR,UP,550,,300,,TG10-01448,Y
2/24/2023,10:34:00,10:38:00,PTR_TR012,0.00202683,NA,0.000128704,Dark,PTR,TR,12,,300,,TG10-01448,"Y decreasing CO2, leak?"
2/24/2023,10:42:50,10:48:00,PTR_TR551,0.00202683,NA,0.000128704,Dark,PTR,TR,551,,300,,TG10-01448,Y
2/24/2023,10:51:00,10:58:00,PTR_TR552,0.00202683,NA,0.000128704,Dark,PTR,TR,552,,300,,TG10-01448,Y
2/24/2023,11:02:30,11:07:00,PTR_TR553,0.00202683,NA,0.000128704,Dark,PTR,TR,553,,300,,TG10-01448,Y
2/24/2023,11:10:00,11:14:00,PTR_TR554,0.00202683,NA,0.000128704,Dark,PTR,TR,554,,300,,TG10-01448,Y
2/24/2023,11:16:00,11:19:00,PTR_TR555,0.00202683,NA,0.000128704,Dark,PTR,TR,555,,300,,TG10-01448,Y
2/24/2023,11:22:00,11:26:00,PTR_TR556,0.00202683,NA,0.000128704,Dark,PTR,TR,556,,300,,TG10-01448,Y
2/24/2023,11:31:00,11:36:00,PTR_TR557,0.00202683,NA,0.000128704,Dark,PTR,TR,557,,300,,TG10-01448,Y
2/24/2023,11:38:40,11:43:00,PTR_TR12b,0.00202683,NA,0.000128704,Dark,PTR,TR,12,,300,,TG10-01448,Y
2/24/2023,12:21:00,12:26:00,PTR_UP4,0.00202683,NA,0.000128704,Dark,PTR,UP,4,,300,,TG10-01028,Y
2/24/2023,11:40:00,11:45:00,PTR_UP6,0.00202683,NA,0.000128704,Dark,PTR,UP,6,,300,,TG10-01028,Y
3/24/2023,10:34:30,10:39:00,CRC_UP1,0.00202683,NA,0.000128704,Dark,CRC,UP,1,,300,,TG10-01028,Y
3/24/2023,10:44:00,10:49:00,CRC_UP2,0.00202683,NA,0.000128704,Dark,CRC,UP,2,,300,,TG10-01028,Y
3/24/2023,10:53:00,10:57:00,CRC_UP3,0.00202683,NA,0.000128704,Dark,CRC,UP,3,,300,,TG10-01028,Y
3/24/2023,11:01:00,11:04:00,CRC_UP4,0.00202683,NA,0.000128704,Dark,CRC,UP,4,,300,,TG10-01028,Y
3/24/2023,11:12:30,11:16:00,CRC_UP6,0.00202683,NA,0.000128704,Dark,CRC,UP,6,,300,,TG10-01028,Y
3/24/2023,11:19:00,11:23:00,CRC_UP5,0.00202683,NA,0.000128704,Dark,CRC,UP,5,,300,,TG10-01028,Y
3/24/2023,11:29:00,11:33:00,CRC_UP7,0.00202683,NA,0.000128704,Dark,CRC,UP,7,,300,,TG10-01028,Y
3/24/2023,11:41:00,11:45:00,CRC_UP8,0.00202683,NA,0.000128704,Dark,CRC,UP,8,,300,,TG10-01028,Y
3/24/2023,13:43:00,13:46:00,CRC_TR1,0.00202683,NA,0.000128704,Dark,CRC,TR,1,,300,,TG10-01028,Y
3/24/2023,13:37:00,13:39:00,CRC_TR327,0.00202683,NA,0.000128704,Dark,CRC,TR,327,,300,,TG10-01028,Y
3/24/2023,13:27:00,13:31:00,CRC_TR3,0.00202683,NA,0.000128704,Dark,CRC,TR,3,,300,,TG10-01028,Y
3/24/2023,13:20:00,13:23:00,CRC_TR4,0.00202683,NA,0.000128704,Dark,CRC,TR,4,,300,,TG10-01028,Y
3/24/2023,13:52:00,13:57:00,CRC_TR5,0.00202683,NA,0.000128704,Dark,CRC,TR,5,,300,,TG10-01028,Y
3/24/2023,13:01:00,13:05:00,CRC_TR6,0.00202683,NA,0.000128704,Dark,CRC,TR,6,,300,,TG10-01028,Y
3/24/2023,13:10:10,13:13:00,CRC_TR7,0.00202683,NA,0.000128704,Dark,CRC,TR,7,,300,,TG10-01028,Y
3/24/2023,14:02:00,14:05:00,CRC_TR8,0.00202683,NA,0.000128704,Dark,CRC,TR,8,,300,,TG10-01028,Y
3/28/2023,14:51:00,14:54:30,OWC_UP102,0.00202683,NA,0.000128704,Dark,OWC,UP,102,,300,,TG10-01448,Y
3/28/2023,13:10:00,13:14:00,OWC_UP103,0.00202683,NA,0.000128704,Dark,OWC,UP,103,,300,,TG10-01448,Y
3/28/2023,13:25:00,13:29:00,OWC_UP104,0.00202683,NA,0.000128704,Dark,OWC,UP,104,,300,,TG10-01448,Y
3/28/2023,13:36:00,13:39:00,OWC_UP106,0.00202683,NA,0.000128704,Dark,OWC,UP,106,,300,,TG10-01448,Y
3/28/2023,13:31:00,13:35:00,OWC_UP105,0.00202683,NA,0.000128704,Dark,OWC,UP,105,,300,,TG10-01448,Y
3/28/2023,12:59:00,13:03:00,OWC_UP107,0.00202683,NA,0.000128704,Dark,OWC,UP,107,,300,,TG10-01448,Y
3/28/2023,13:17:30,13:22:00,OWC_UP108,0.00202683,NA,0.000128704,Dark,OWC,UP,108,,300,,TG10-01448,Y
3/28/2023,14:08:00,14:12:00,OWC_TR120,0.00202683,NA,0.000128704,Dark,OWC,TR,120,,300,,TG10-01448,Y
3/28/2023,14:21:30,14:24:30,OWC_TR122,0.00202683,NA,0.000128704,Dark,OWC,TR,122,,300,,TG10-01448,Y
3/28/2023,14:15:00,14:19:00,OWC_TR123,0.00202683,NA,0.000128704,Dark,OWC,TR,123,,300,,TG10-01448,Y
3/28/2023,14:27:00,14:29:30,OWC_TR124,0.00202683,NA,0.000128704,Dark,OWC,TR,124,,300,,TG10-01448,Y
3/28/2023,14:38:30,14:43:00,OWC_TR121,0.00202683,NA,0.000128704,Dark,OWC,TR,121,,300,,TG10-01448,Y
3/28/2023,13:42:00,13:46:00,OWC_TR126,0.00202683,NA,0.000128704,Dark,OWC,TR,126,,300,,TG10-01448,Y
3/28/2023,13:58:00,14:03:00,OWC_TR127,0.00202683,NA,0.000128704,Dark,OWC,TR,127,22,300,,TG10-01448,Y
3/28/2023,13:52:00,13:56:00,OWC_TR128,0.00202683,NA,0.000128704,Dark,OWC,TR,128,,300,,TG10-01448,Y
4/14/2023,13:58:00,14:01:00,CRC_UP301,0.00202683,NA,0.000128704,Dark,CRC,UP,301,,300,,TG10-01028,Y
4/14/2023,14:06:00,14:10:00,CRC_UP302,0.00202683,NA,0.000128704,Dark,CRC,UP,302,,300,,TG10-01028,Y
4/14/2023,14:21:00,14:26:00,CRC_UP306,0.00202683,NA,0.000128704,Dark,CRC,UP,306,,300,,TG10-01028,Y
4/14/2023,14:32:00,14:36:00,CRC_UP307,0.00202683,NA,0.000128704,Dark,CRC,UP,307,,300,,TG10-01028,Y
4/14/2023,13:49:00,13:53:00,CRC_UP308,0.00202683,NA,0.000128704,Dark,CRC,UP,308,,300,,TG10-01028,Y
4/14/2023,10:44:40,10:48:00,CRC_TR309,0.00202683,NA,0.000128704,Dark,CRC,TR,309,,300,,TG10-01028,Y
4/14/2023,10:53:40,10:56:00,CRC_TR327,0.00202683,NA,0.000128704,Dark,CRC,TR,327,,300,,TG10-01028,Y
4/14/2023,10:31:00,10:34:00,CRC_TR311,0.00202683,NA,0.000128704,Dark,CRC,TR,311,,300,,TG10-01028,Y
4/14/2023,10:19:00,10:25:00,CRC_TR312,0.00202683,NA,0.000128704,Dark,CRC,TR,312,,300,,TG10-01028,Y
4/14/2023,11:01:00,11:06:00,CRC_TR313,0.00202683,NA,0.000128704,Dark,CRC,TR,313,,300,,TG10-01028,Y
4/14/2023,9:54:00,10:03:00,CRC_TR314,0.00202683,NA,0.000128704,Dark,CRC,TR,314,,300,,TG10-01028,Y
4/14/2023,10:09:00,10:15:00,CRC_TR315,0.00202683,NA,0.000128704,Dark,CRC,TR,315,,300,,TG10-01028,Y
4/14/2023,11:13:30,11:18:00,CRC_TR316,0.00202683,NA,0.000128704,Dark,CRC,TR,316,,300,,TG10-01028,Y
4/21/2023,13:02:00,13:05:00,OWC_UP101,0.00202683,NA,0.000128704,Dark,OWC,UP,101,,300,,TG10-01448,Y
4/21/2023,12:53:00,12:56:00,OWC_UP102,0.00202683,NA,0.000128704,Dark,OWC,UP,102,,300,,TG10-01448,Y
4/21/2023,12:05:00,12:09:00,OWC_UP103,0.00202683,NA,0.000128704,Dark,OWC,UP,103,,300,,TG10-01448,Y
4/21/2023,12:24:00,12:28:00,OWC_UP104,0.00202683,NA,0.000128704,Dark,OWC,UP,104,,300,,TG10-01448,Y
4/21/2023,12:32:30,12:35:00,OWC_UP105,0.00202683,NA,0.000128704,Dark,OWC,UP,105,,300,,TG10-01448,Y
4/21/2023,12:39:30,12:42:00,OWC_UP106,0.00202683,NA,0.000128704,Dark,OWC,UP,106,,300,,TG10-01448,Y
4/21/2023,11:57:00,12:02:00,OWC_UP107,0.00202683,NA,0.000128704,Dark,OWC,UP,107,,300,,TG10-01448,Y
4/21/2023,12:16:00,12:19:00,OWC_UP108,0.00202683,NA,0.000128704,Dark,OWC,UP,108,,300,,TG10-01448,Y
4/21/2023,10:57:00,11:01:00,OWC_TR120,0.00202683,NA,0.000128704,Dark,OWC,TR,120,,300,,TG10-01448,Y
4/21/2023,11:25:00,11:29:00,OWC_TR122,0.00202683,NA,0.000128704,Dark,OWC,TR,122,,300,,TG10-01448,Y
4/21/2023,10:47:00,10:52:00,OWC_TR121,0.00202683,NA,0.000128704,Dark,OWC,TR,121,,300,,TG10-01448,Y
4/21/2023,11:33:30,11:35:20,OWC_TR123,0.00202683,NA,0.000128704,Dark,OWC,TR,123,,300,,TG10-01448,Y
4/21/2023,11:17:00,11:20:00,OWC_TR124,0.00202683,NA,0.000128704,Dark,OWC,TR,124,,300,,TG10-01448,Y
4/21/2023,11:10:50,11:13:00,OWC_TR126,0.00202683,NA,0.000128704,Dark,OWC,TR,126,,300,,TG10-01448,Y
4/21/2023,11:38:00,11:41:00,OWC_TR127,0.00202683,NA,0.000128704,Dark,OWC,TR,127,,300,,TG10-01448,Y
4/21/2023,11:03:30,11:06:00,OWC_TR128,0.00202683,NA,0.000128704,Dark,OWC,TR,128,,300,,TG10-01448,Y
5/10/2023,11:34:00,11:37:00,OWC_TR120,0.00202683,NA,0.000128704,Dark,OWC,TR,120,,300,,TG10-01028,Y
5/10/2023,11:22:00,11:28:30,OWC_TR121,0.00202683,NA,0.000128704,Dark,OWC,TR,121,,300,,TG10-01028,Y
5/10/2023,12:12:00,12:15:00,OWC_TR122,0.00202683,NA,0.000128704,Dark,OWC,TR,122,,300,,TG10-01028,Y
5/10/2023,12:17:30,12:21:00,OWC_TR123,0.00202683,NA,0.000128704,Dark,OWC,TR,123,,300,,TG10-01028,Y
5/10/2023,12:04:00,12:07:00,OWC_TR124,0.00202683,NA,0.000128704,Dark,OWC,TR,124,,300,,TG10-01028,Y
5/10/2023,11:59:00,12:02:00,OWC_TR126,0.00202683,NA,0.000128704,Dark,OWC,TR,126,,300,,TG10-01028,Y
5/10/2023,11:41:00,11:47:00,OWC_TR127,0.00202683,NA,0.000128704,Dark,OWC,TR,127,,300,,TG10-01028,Y
5/10/2023,11:51:00,11:54:00,OWC_TR128,0.00202683,NA,0.000128704,Dark,OWC,TR,128,,300,,TG10-01028,Y
5/10/2023,12:36:00,12:40:00,OWC_UP101,0.00202683,NA,0.000128704,Dark,OWC,UP,101,,300,,TG10-01448,Y
5/10/2023,12:31:00,12:33:30,OWC_UP102,0.00202683,NA,0.000128704,Dark,OWC,UP,102,,300,,TG10-01448,Y
5/10/2023,11:27:50,11:30:50,OWC_UP103,0.00202683,NA,0.000128704,Dark,OWC,UP,103,16,300,,TG10-01448,Y
5/10/2023,11:46:00,11:49:00,OWC_UP104,0.00202683,NA,0.000128704,Dark,OWC,UP,104,,300,,TG10-01448,Y
5/10/2023,11:50:00,11:52:50,OWC_UP106,0.00202683,NA,0.000128704,Dark,OWC,UP,106,,300,,TG10-01448,Y
5/10/2023,11:40:30,11:43:30,OWC_UP105,0.00202683,NA,0.000128704,Dark,OWC,UP,105,,300,,TG10-01448,Y
5/10/2023,11:23:00,11:26:00,OWC_UP107,0.00202683,NA,0.000128704,Dark,OWC,UP,107,,300,,TG10-01448,Y
5/10/2023,11:34:00,11:37:00,OWC_UP108,0.00202683,NA,0.000128704,Dark,OWC,UP,108,,300,,TG10-01448,Y
5/30/2023,10:10:00,10:14:00,CRC_UP308,0.00202683,NA,0.000128704,Dark,CRC,UP,308,,300,,TG10-01028,Y
5/30/2023,10:17:30,10:21:00,CRC_UP307,0.00202683,NA,0.000128704,Dark,CRC,UP,307,,300,,TG10-01028,Y
5/30/2023,10:24:30,10:27:30,CRC_UP306,0.00202683,NA,0.000128704,Dark,CRC,UP,306,,300,,TG10-01028,Y
5/30/2023,10:34:00,10:38:00,CRC_UP305,0.00202683,NA,0.000128704,Dark,CRC,UP,305,,300,,TG10-01028,Y
5/30/2023,10:44:00,10:47:30,CRC_UP304,0.00202683,NA,0.000128704,Dark,CRC,UP,304,,300,,TG10-01028,Y
5/30/2023,10:55:00,10:58:00,CRC_UP302,0.00202683,NA,0.000128704,Dark,CRC,UP,302,,300,,TG10-01028,Y
5/30/2023,11:05:30,11:08:00,CRC_UP301,0.00202683,NA,0.000128704,Dark,CRC,UP,301,,300,,TG10-01028,Y
5/30/2023,11:53:00,11:56:00,CRC_TR314,0.00202683,NA,0.000128704,Dark,CRC,TR,314,,300,,TG10-01028,Y
5/30/2023,12:00:00,12:02:00,CRC_TR314b,0.00202683,NA,0.000128704,Dark,CRC,TR,314b,,300,,TG10-01028,Y
5/30/2023,12:09:30,12:12:00,CRC_TR315,0.00202683,NA,0.000128704,Dark,CRC,TR,315,,300,,TG10-01028,Y
5/30/2023,12:22:00,12:26:00,CRC_TR311,0.00202683,NA,0.000128704,Dark,CRC,TR,311,,300,,TG10-01028,Y
5/30/2023,12:31:00,12:34:00,CRC_TR309,0.00202683,NA,0.000128704,Dark,CRC,TR,309,,300,,TG10-01028,Y
5/30/2023,12:40:00,12:43:00,CRC_TR327,0.00202683,NA,0.000128704,Dark,CRC,TR,327,,300,,TG10-01028,Y
5/30/2023,12:47:00,12:50:00,CRC_TR313,0.00202683,NA,0.000128704,Dark,CRC,TR,313,,300,,TG10-01028,Y
5/30/2023,12:56:00,12:58:00,CRC_TR316,0.00202683,NA,0.000128704,Dark,CRC,TR,316,,300,,TG10-01028,Y
5/30/2023,13:06:30,13:09:00,CRC_TR316b,0.00202683,NA,0.000128704,Dark,CRC,TR,316b,,300,,TG10-01028,Y
6/22/2023,14:30:30,14:34:00,OWC_UP101,0.00202683,NA,0.000128704,Dark,OWC,UP,101,,300,,TG10-01448,Y
6/22/2023,14:20:30,14:25:00,OWC_UP102,0.00202683,NA,0.000128704,Dark,OWC,UP,102,,300,,TG10-01448,Y
6/22/2023,14:06:00,14:11:00,OWC_UP103,0.00202683,NA,0.000128704,Dark,OWC,UP,103,,300,,TG10-01448,Y
6/22/2023,12:57:30,13:02:00,OWC_UP104,0.00202683,NA,0.000128704,Dark,OWC,UP,104,,300,,TG10-01448,Y
6/22/2023,13:05:00,13:10:00,OWC_UP105,0.00202683,NA,0.000128704,Dark,OWC,UP,105,,300,,TG10-01448,Y
6/22/2023,13:18:00,13:23:00,OWC_UP106,0.00202683,NA,0.000128704,Dark,OWC,UP,106,,300,,TG10-01448,Y
6/22/2023,13:58:00,14:01:00,OWC_UP107,0.00202683,NA,0.000128704,Dark,OWC,UP,107,,300,,TG10-01448,Y
6/22/2023,13:27:00,13:32:00,OWC_UP108,0.00202683,NA,0.000128704,Dark,OWC,UP,108,,300,,TG10-01448,Y
6/22/2023,11:13:00,11:16:30,OWC_TR120,0.00202683,NA,0.000128704,Dark,OWC,TR,120,,300,,TG10-01448,Y
6/22/2023,10:49:00,10:54:00,OWC_TR121,0.00202683,NA,0.000128704,Dark,OWC,TR,121,,300,,TG10-01448,Y
6/22/2023,11:43:00,11:46:00,OWC_TR122,0.00202683,NA,0.000128704,Dark,OWC,TR,122,,300,,TG10-01448,Y
6/22/2023,11:51:00,11:56:00,OWC_TR123,0.00202683,NA,0.000128704,Dark,OWC,TR,123,,300,,TG10-01448,Y
6/22/2023,12:01:00,12:06:00,OWC_TR124,0.00202683,NA,0.000128704,Dark,OWC,TR,124,,300,,TG10-01448,Y
6/22/2023,11:21:00,11:25:00,OWC_TR126,0.00202683,NA,0.000128704,Dark,OWC,TR,126,,300,,TG10-01448,Y
6/22/2023,11:33:00,11:37:00,OWC_TR127,0.00202683,NA,0.000128704,Dark,OWC,TR,127,,300,,TG10-01448,Y
6/22/2023,11:04:00,11:08:00,OWC_TR128,0.00202683,NA,0.000128704,Dark,OWC,TR,128,,300,,TG10-01448,Y
6/29/2023,9:36:00,9:39:00,CRC_UP301,0.00202683,NA,0.000128704,Dark,CRC,UP,301,,300,,TG10-01448,Y
6/29/2023,9:43:00,9:46:00,CRC_UP302,0.00202683,NA,0.000128704,Dark,CRC,UP,302,,300,,TG10-01448,Y
6/29/2023,10:00:00,10:04:00,CRC_UP304,0.00202683,NA,0.000128704,Dark,CRC,UP,304,,300,,TG10-01448,Y
6/29/2023,10:10:00,10:15:00,CRC_UP305,0.00202683,NA,0.000128704,Dark,CRC,UP,305,,300,,TG10-01448,Y
6/29/2023,10:19:00,10:22:00,CRC_UP306,0.00202683,NA,0.000128704,Dark,CRC,UP,306,,300,,TG10-01448,Y
6/29/2023,10:26:00,10:31:00,CRC_UP307,0.00202683,NA,0.000128704,Dark,CRC,UP,307,,300,,TG10-01448,Y
6/29/2023,10:37:00,10:40:00,CRC_UP308,0.00202683,NA,0.000128704,Dark,CRC,UP,308,,300,,TG10-01448,Y
6/29/2023,11:47:00,11:50:00,CRC_TR309,0.00202683,NA,0.000128704,Dark,CRC,TR,309,,300,,TG10-01448,Y
6/29/2023,11:37:00,11:41:00,CRC_TR327,0.00202683,NA,0.000128704,Dark,CRC,TR,327,,300,,TG10-01448,Y
6/29/2023,12:08:00,12:12:00,CRC_TR311,0.00202683,NA,0.000128704,Dark,CRC,TR,311,34,300,,TG10-01448,Y
6/29/2023,11:30:00,11:34:00,CRC_TR313,0.00202683,NA,0.000128704,Dark,CRC,TR,313,,300,,TG10-01448,Y
6/29/2023,11:13:00,11:17:00,CRC_TR314,0.00202683,NA,0.000128704,Dark,CRC,TR,314,,300,,TG10-01448,Y
6/29/2023,11:20:00,11:24:00,CRC_TR315,0.00202683,NA,0.000128704,Dark,CRC,TR,315,,300,,TG10-01448,Y
6/29/2023,11:55:00,12:00:00,CRC_TR316,0.00202683,NA,0.000128704,Dark,CRC,TR,316,,300,,TG10-01448,Y
6/29/2023,12:02:00,12:06:00,CRC_TR316,0.00202683,NA,0.000128704,Dark,CRC,TR,316,,300,,TG10-01448,Y
7/13/2023,14:18:00,14:22:00,CRC_UP301,0.00202683,NA,0.000128704,Dark,CRC,UP,301,,300,,TG10-01028,Y
7/13/2023,14:25:00,14:28:00,CRC_UP302,0.00202683,NA,0.000128704,Dark,CRC,UP,302,,300,,TG10-01028,Y
7/13/2023,14:31:40,14:35:00,CRC_UP304,0.00202683,NA,0.000128704,Dark,CRC,UP,304,,300,,TG10-01028,Y
7/13/2023,14:38:40,14:41:00,CRC_UP305,0.00202683,NA,0.000128704,Dark,CRC,UP,305,,300,,TG10-01028,Y
7/13/2023,14:45:00,14:48:00,CRC_UP306,0.00202683,NA,0.000128704,Dark,CRC,UP,306,,300,,TG10-01028,Y
7/13/2023,14:53:00,14:57:00,CRC_UP307,0.00202683,NA,0.000128704,Dark,CRC,UP,307,,300,,TG10-01028,Y
7/13/2023,14:05:30,14:08:00,CRC_UP308,0.00202683,NA,0.000128704,Dark,CRC,UP,308,,300,,TG10-01028,Y
7/13/2023,10:41:00,10:45:00,CRC_TR309,0.00202683,NA,0.000128704,Dark,CRC,TR,309,,300,,TG10-01448,Y
7/13/2023,10:48:00,10:51:00,CRC_TR327,0.00202683,NA,0.000128704,Dark,CRC,TR,327,,300,,TG10-01448,Y
7/13/2023,10:33:00,10:37:00,CRC_TR311,0.00202683,NA,0.000128704,Dark,CRC,TR,311,,300,,TG10-01448,Y
7/13/2023,10:59:30,11:04:00,CRC_TR313,0.00202683,NA,0.000128704,Dark,CRC,TR,313,,300,,TG10-01448,Y
7/13/2023,10:14:00,10:18:00,CRC_TR314,0.00202683,NA,0.000128704,Dark,CRC,TR,314,8,300,,TG10-01448,Y
7/13/2023,10:21:00,10:25:00,CRC_TR315,0.00202683,NA,0.000128704,Dark,CRC,TR,315,8,300,,TG10-01448,Y
7/13/2023,11:06:00,11:11:00,CRC_TR316,0.00202683,NA,0.000128704,Dark,CRC,TR,316,3,300,,TG10-01448,Y
7/13/2023,10:53:00,10:56:00,CRC_TR327b,0.00202683,NA,0.000128704,Dark,CRC,TR,327b,,300,,TG10-01448,Y
7/13/2023,14:11:00,14:14:00,CRC_UP308b,0.00202683,NA,0.000128704,Dark,CRC,UP,308b,,300,,TG10-01028,Y
7/13/2023,15:02:00,15:05:00,CRC_UP307b,0.00202683,NA,0.000128704,Dark,CRC,UP,307b,,300,,TG10-01028,Y
7/25/2023,15:18:00,15:21:30,OWC_UP101,0.00202683,NA,0.000128704,Dark,OWC,UP,101,,300,,TG10-01448,Y
7/25/2023,15:25:00,15:28:00,OWC_UP102,0.00202683,NA,0.000128704,Dark,OWC,UP,102,,300,,TG10-01448,Y
7/25/2023,15:37:00,15:40:30,OWC_UP103,0.00202683,NA,0.000128704,Dark,OWC,UP,103,,300,,TG10-01448,Y
7/25/2023,15:51:00,15:54:30,OWC_UP104,0.00202683,NA,0.000128704,Dark,OWC,UP,104,,300,,TG10-01448,Y
7/25/2023,15:58:00,16:00:30,OWC_UP105,0.00202683,NA,0.000128704,Dark,OWC,UP,105,,300,,TG10-01448,Y
7/25/2023,16:04:23,16:05:13,OWC_UP106,0.00202683,NA,0.000128704,Dark,OWC,UP,106,,300,,TG10-01448,Y
7/25/2023,15:31:30,15:34:30,OWC_UP107,0.00202683,NA,0.000128704,Dark,OWC,UP,107,,300,,TG10-01448,Y
7/25/2023,15:45:00,15:48:30,OWC_UP108,0.00202683,NA,0.000128704,Dark,OWC,UP,108,,300,,TG10-01448,Y
7/25/2023,12:57:30,13:01:00,OWC_TR120,0.00202683,NA,0.000128704,Dark,OWC,TR,120,,300,,TG10-01426,Y
7/25/2023,13:03:50,13:06:30,OWC_TR121,0.00202683,NA,0.000128704,Dark,OWC,TR,121,,300,,TG10-01426,Y
7/25/2023,13:19:50,13:23:30,OWC_TR122,0.00202683,NA,0.000128704,Dark,OWC,TR,122,,300,,TG10-01426,Y
7/25/2023,13:53:00,13:55:00,OWC_TR123,0.00202683,NA,0.000128704,Dark,OWC,TR,123,,300,"REDO, NOTES BELLOW ON THE SPREADSHEET",TG10-01426,BADFLUX
7/25/2023,13:25:00,13:26:50,OWC_TR124,0.00202683,NA,0.000128704,Dark,OWC,TR,124,,300,,TG10-01426,Y
7/25/2023,13:36:50,13:39:50,OWC_TR126,0.00202683,NA,0.000128704,Dark,OWC,TR,126,,300,,TG10-01426,Y
7/25/2023,13:46:00,13:48:30,OWC_TR127,0.00202683,NA,0.000128704,Dark,OWC,TR,127,,300,,TG10-01426,Y
7/25/2023,12:44:50,12:48:30,OWC_TR128,0.00202683,NA,0.000128704,Dark,OWC,TR,128,,300,,TG10-01426,Y
7/27/2023,12:42:00,12:46:00,PTR_UP1,0.00202683,NA,0.000128704,Dark,PTR,UP,1,,300,,TG10-01448,Y
7/27/2023,12:54:00,12:57:50,PTR_UP2,0.00202683,NA,0.000128704,Dark,PTR,UP,2,,300,,TG10-01448,Y
7/27/2023,12:59:00,13:02:50,PTR_UP3,0.00202683,NA,0.000128704,Dark,PTR,UP,3,,300,,TG10-01448,Y
7/27/2023,13:04:30,13:08:00,PTR_UP4,0.00202683,NA,0.000128704,Dark,PTR,UP,4,,300,,TG10-01448,Y
7/27/2023,12:29:00,12:33:50,PTR_UP5,0.00202683,NA,0.000128704,Dark,PTR,UP,5,,300,,TG10-01448,Y
7/27/2023,10:17:00,10:20:00,PTR_TR6,0.00202683,NA,0.000128704,Dark,PTR,TR,6,,300,,TG10-01448,Y
7/27/2023,12:48:30,12:52:00,PTR_UP7,0.00202683,NA,0.000128704,Dark,PTR,UP,7,,300,,TG10-01448,Y
7/27/2023,12:36:00,12:40:00,PTR_UP8,0.00202683,NA,0.000128704,Dark,PTR,UP,8,9,300,,TG10-01448,Y
7/27/2023,10:35:50,10:38:50,PTR_TR1,0.00202683,NA,0.000128704,Dark,PTR,TR,1,,300,,TG10-01448,Y
7/27/2023,10:41:50,10:44:50,PTR_TR2,0.00202683,NA,0.000128704,Dark,PTR,TR,2,,300,,TG10-01448,Y
7/27/2023,10:46:00,10:49:00,PTR_TR3,0.00202683,NA,0.000128704,Dark,PTR,TR,3,,300,,TG10-01448,Y
7/27/2023,11:02:00,11:07:00,PTR_UP6,0.00202683,NA,0.000128704,Dark,PTR,UP,6,,300,,TG10-01448,Y
7/27/2023,10:22:30,10:25:30,PTR_TR7,0.00202683,NA,0.000128704,Dark,PTR,TR,7,,300,,TG10-01448,Y
7/27/2023,10:28:00,10:32:00,PTR_TR7,0.00202683,NA,0.000128704,Dark,PTR,TR,7,,300,,TG10-01448,Y
8/3/2023,13:19:00,13:22:40,CRC_TR309,0.00202683,NA,0.000128704,Dark,CRC,TR,309,,300,,TG10-01426,
8/3/2023,13:25:00,13:29:00,CRC_TR314,0.00202683,NA,0.000128704,Dark,CRC,TR,314,16,300,,TG10-01426,
8/3/2023,13:10:00,13:14:30,CRC_TR316,0.00202683,NA,0.000128704,Dark,CRC,TR,316,,300,,TG10-01426,
