"RepNumber","Month","Site","Zone","Replicate","Plot","TIMESTAMP","HM81_AIC","HM81_flux.estimate","HM81_p.value","HM81_r.squared","HM81_RMSE","lin_AIC","lin_flux.estimate","lin_flux.std.error","lin_int.estimate","lin_int.std.error","lin_p.value","lin_r.squared","lin_RMSE","poly_AIC","poly_r.squared","poly_RMSE","rob_AIC","rob_converged","rob_flux.estimate","rob_flux.std.error","rob_RMSE","TIMESTAMP_min","TIMESTAMP_max","soilp_c","soilp_m","soilp_t"
1,"Jan","OWC","TR",58,"2023_01_05_OWC_TR_58_1",2023-01-05 11:06:43.5,NA,NA,NA,NA,NA,317.920365922471,1.29623864550529,0.0386670261086199,3401.60765623111,1.35895023503534,6.89817832194805e-37,0.955774729272435,4.42859849464828,316.403078112741,0.960070141987989,4.29137642060478,318.208241090556,TRUE,1.27771145268339,0.0349446181235241,3.95026912316042,2023-01-05 11:06:17,2023-01-05 11:07:10,0.005,0.202,6.5
2,"Jan","OWC","TR",58,"2023_01_05_OWC_TR_58_2",2023-01-05 11:08:09.5,340.793595918066,1.59807239433176,3.45066406269728e-29,0.912618062164772,5.47324859789857,325.583856679893,1.12667764476966,0.0415104600992481,3426.57462023959,1.45888254632861,2.25232040821627e-32,0.934067811779236,4.75426169551494,316.588210841272,0.948170128418417,4.29873897204747,326.411354936362,TRUE,1.13221580722261,0.0336534012973791,3.97414354863152,2023-01-05 11:07:43,2023-01-05 11:08:36,0.005,0.202,6.5
1,"Jan","OWC","TR",60,"2023_01_05_OWC_TR_60_1",2023-01-05 11:21:08.5,271.957807211315,0.574758474340212,8.06237980983474e-21,0.85362944802999,3.94612900285511,258.273008629609,0.687584873979813,0.035652143183706,3419.79691693982,1.32545763012969,1.12213559385984e-23,0.889938261977678,3.42186291204143,261.745673046158,0.891140799889276,3.47960198871853,258.385701240956,TRUE,0.696956676299004,0.0412895513680812,3.52574736668144,2023-01-05 11:20:45,2023-01-05 11:21:32,0.00436666666666667,0.235266666666667,6.2
2,"Jan","OWC","TR",60,"2023_01_05_OWC_TR_60_2",2023-01-05 11:22:31.5,306.187161094768,1.2046899772668,1.54618229580052e-24,0.868198461635215,3.97268576732393,287.542034028096,0.65603576209349,0.0291865021549435,3425.10166229627,1.02575780852405,1.91181983445697e-28,0.906681612933958,3.34277839584403,288.591406786856,0.911643840100523,3.31710379134902,287.763452143972,TRUE,0.643295931489093,0.0289091239188115,3.25847776713797,2023-01-05 11:22:05,2023-01-05 11:22:58,0.005,0.234,6.2
1,"Jan","OWC","TR",61,"2023_01_05_OWC_TR_61_1",2023-01-05 11:27:46.5,NA,NA,NA,NA,NA,410.785787030912,1.30805405590649,0.0913640621992239,3444.93891398209,3.2109843009556,1.1164992443974e-19,0.797645569002394,10.4640772523811,414.070681004129,0.800307623571558,10.6008817523892,413.87099658225,TRUE,1.18548972413938,0.0544291670413701,5.87379806751259,2023-01-05 11:27:20,2023-01-05 11:28:13,0.004,0.246316666666667,6.2
2,"Jan","OWC","TR",61,"2023_01_05_OWC_TR_61_2",2023-01-05 11:29:11.5,329.290188552189,0.459329493250305,4.05737195156881e-20,0.805338064792226,4.92024980488686,310.306724116536,0.652284718344973,0.0360349937494754,3446.17400541083,1.26644762097259,4.21059040629346e-24,0.863035913280733,4.12714747250788,313.50227449871,0.865061173921111,4.17764726462735,310.344091500693,TRUE,0.646448490605201,0.0386423562426199,3.73011568839134,2023-01-05 11:28:45,2023-01-05 11:29:38,0.004,0.247,6.12666666666667
1,"Jan","OWC","TR",63,"2023_01_05_OWC_TR_63_1",2023-01-05 11:11:41,NA,NA,NA,NA,NA,269.463240764558,0.630674075745457,0.043851900365783,3504.09217240636,1.64605338141204,1.93054268421251e-18,0.821314645034257,4.07799096429749,270.432895728363,0.832471909895773,4.03940712642048,269.560752748387,TRUE,0.63781914769275,0.0479753402073921,3.76211653176854,2023-01-05 11:11:18,2023-01-05 11:12:04,0.005,0.241666666666667,6.48333333333333
2,"Jan","OWC","TR",63,"2023_01_05_OWC_TR_63_2",2023-01-05 11:13:02.5,298.415479847858,1.10171752451659,3.02087763256285e-22,0.838655495201532,3.6968546743937,284.398548593099,0.542212959662381,0.028349233727991,3428.33189547704,0.996332061573697,3.46878752835539e-25,0.875541906698318,3.24688465721509,284.77028642265,0.883629505549535,3.20179409085871,284.465224276522,TRUE,0.536409061356808,0.0293769084116963,3.67031595134599,2023-01-05 11:12:36,2023-01-05 11:13:29,0.005,0.240583333333333,6.4
1,"Jan","OWC","TR",64,"2023_01_05_OWC_TR_64_1",2023-01-05 11:34:21.5,NA,NA,NA,NA,NA,291.590562879358,0.712717197341404,0.030301363929775,3410.31598247149,1.0649395564734,2.22154798991961e-29,0.914083045170544,3.47046536002613,294.918911320775,0.915145061187681,3.51725218376679,291.661684960044,TRUE,0.707466626746241,0.0342085004073068,3.47760336392995,2023-01-05 11:33:55,2023-01-05 11:34:48,0.004,0.1212,6.19
2,"Jan","OWC","TR",64,"2023_01_05_OWC_TR_64_2",2023-01-05 11:35:46.5,NA,NA,NA,NA,NA,285.130253755625,0.608744542381921,0.0285419532464273,3396.8615314368,1.00310517709955,2.25348148651663e-27,0.897412874946741,3.26895714261489,288.157481910178,0.899244363505373,3.30380299368537,285.613507216277,TRUE,0.628147534803515,0.0263123259589972,2.67518750237768,2023-01-05 11:35:20,2023-01-05 11:36:13,0.004,0.122,6.1
1,"Jan","PTR","OWC",NA,"2023_01_12_PTR_OWC_TR_64_1",2023-01-12 10:14:36.5,NA,NA,NA,NA,NA,287.12255978567,0.820550553769431,0.0290733610380257,3545.89951072798,1.02178147098529,3.35241529015026e-33,0.938719939733286,3.32982015647341,289.466065866091,0.940571215557354,3.34407708062438,287.13580491745,TRUE,0.819792077462918,0.0306813051528049,3.5644920159824,2023-01-12 10:14:10,2023-01-12 10:15:03,0.001,0.003,8.15
2,"Jan","PTR","OWC",NA,"2023_01_12_PTR_OWC_TR_64_2",2023-01-12 10:16:01.5,349.83598027366,0.990586120499979,5.17030027354995e-19,0.78541873026307,5.95123115406081,300.826732547903,0.77307470371214,0.0330067740687065,3563.72384163206,1.16002102805697,2.71692427050469e-29,0.913416446432643,3.7803204607267,296.764763628098,0.925424341218122,3.5778829838873,300.875014645564,TRUE,0.779610330227291,0.0343728679165049,4.5540868188767,2023-01-12 10:15:35,2023-01-12 10:16:28,0.001,0.003,8.00833333333333
1,"Jan","PTR","TR",15,"2023_01_12_PTR_TR_15_1",2023-01-12 10:25:07.5,330.515912932575,1.02329158641605,2.04786907913899e-26,0.888345836957867,4.97640927764287,285.835514078512,0.914508564865558,0.0287289474612057,3535.50213574038,1.00967707718334,8.99849832769674e-36,0.951187253841023,3.2903738995113,285.382639625141,0.955050895772935,3.21999962517726,285.86271606601,TRUE,0.917781654627588,0.0321806364501282,3.54272154004132,2023-01-12 10:24:41,2023-01-12 10:25:34,0.00675,0.1502,6.46166666666667
2,"Jan","PTR","TR",15,"2023_01_12_PTR_TR_15_2",2023-01-12 10:26:28.5,275.824421644077,1.92754793483344,2.81165410441068e-21,0.872210428447768,4.64671954474084,279.476768402545,0.888888242799469,0.0536962828025572,3591.54966074783,1.63971602989736,1.62214966415269e-20,0.861650404644289,4.83490227968259,276.051846479424,0.882272523139164,4.56498511066845,279.680410446401,TRUE,0.871732534599736,0.0506682961223012,4.7289667298784,2023-01-12 10:26:06,2023-01-12 10:26:51,0.00903571428571429,0.210428571428571,6.27857142857143
1,"Jan","CRC","TR",34,"2023_01_20_CRC_TR_34_1",2023-01-20 11:29:32.5,291.189836429079,0.863305139791627,1.38282590780137e-21,0.828970738675209,3.45761230084483,293.361557978844,0.477244043289177,0.0308023451544519,3394.89686647061,1.08254651055129,3.95047916209479e-21,0.821952258241097,3.52784356881877,289.855939082558,0.845056771213418,3.35617080450068,293.375860149768,TRUE,0.474579323522763,0.0348984522756607,3.40757362145629,2023-01-20 11:29:06,2023-01-20 11:29:59,0.001,0.0511,2.87
2,"Jan","CRC","TR",34,"2023_01_20_CRC_TR_34_2",2023-01-20 11:30:58.5,306.678123128759,0.90170934812317,2.211411708935e-16,0.729478171947646,3.99078648863546,299.835865071163,0.421616607686982,0.0327053317918769,3393.07270387534,1.14942685792875,8.03517470582048e-18,0.761672850464209,3.74579577787054,301.701295035743,0.770909932759703,3.74521829264421,299.881294165144,TRUE,0.428226146435689,0.0340234132421749,3.6907816604528,2023-01-20 11:30:32,2023-01-20 11:31:25,0.001,0.052,2.9
1,"Jan","CRC","TR",36,"2023_01_20_CRC_TR_36_c_1",2023-01-20 11:41:30.5,328.850262200983,0.927178671621398,4.55620631334413e-25,0.874233201297082,4.90024846231273,295.571329220152,0.839925253770158,0.0314390790014888,3386.90939401004,1.10492448212467,4.85814292019358e-32,0.932092067668788,3.60076975012266,297.317586296173,0.934867941935133,3.59624414797327,295.60974917721,TRUE,0.845763305477171,0.0374252336072967,3.66943194437607,2023-01-20 11:41:04,2023-01-20 11:41:57,0.001,0.06,3.26666666666667
2,"Jan","CRC","TR",36,"2023_01_20_CRC_TR_36_c_2",2023-01-20 11:42:55.5,NA,NA,NA,NA,NA,305.45153364469,0.979029604066954,0.0344508974385907,3381.37268158452,1.21077465434857,2.39554868496163e-33,0.939505996017162,3.94571830032238,305.511109032784,0.94376308306232,3.87969274043216,305.531721921134,TRUE,0.986066405086923,0.0390316337083838,3.54584516537464,2023-01-20 11:42:29,2023-01-20 11:43:22,0.001,0.059,3.4
1,"Jan","CRC","TR",37,"2023_01_20_CRC_TR_37_1",2023-01-20 11:45:53.5,299.248391277869,0.709283357872047,4.52362631301649e-10,0.529668003045829,3.72547556816764,298.238702007133,0.25095755197246,0.0322252262408103,3375.47126157518,1.1325535781055,2.76084266211503e-10,0.538380539833709,3.69080849452599,300.890807787091,0.549760407747539,3.71721745637787,298.313776964719,TRUE,0.254057795059804,0.0319703616720203,3.92330490005963,2023-01-20 11:45:27,2023-01-20 11:46:20,0.001,0.0602,3.5
2,"Jan","CRC","TR",37,"2023_01_20_CRC_TR_37_2",2023-01-20 11:47:19.5,NA,NA,NA,NA,NA,300.328328111086,0.313834213936398,0.0328548034936333,3370.74068391158,1.15468003161897,4.93671570611869e-13,0.636982257979226,3.7629150192503,291.943625741897,0.71138160905703,3.42167813885123,300.464960700865,TRUE,0.310303533214496,0.0352108070760113,3.51976153831696,2023-01-20 11:46:53,2023-01-20 11:47:46,0.001,0.064,3.54833333333333
1,"Jan","CRC","TR",38,"2023_01_20_CRC_TR_38_1",2023-01-20 11:50:33.5,288.112902148012,0.927344244384094,3.70202449222615e-20,0.806020066578538,3.36049448787499,278.306432886027,0.439828581232203,0.0267943627982927,3401.2496322885,0.941686219159349,3.23390057836057e-22,0.838233581261715,3.06880271630525,280.525933844092,0.843480401740965,3.07840542934751,278.394601991977,TRUE,0.43206502525683,0.0235484444101151,2.72659637552266,2023-01-20 11:50:07,2023-01-20 11:51:00,0.001,0.0615666666666667,3.52833333333333
2,"Jan","CRC","TR",38,"2023_01_20_CRC_TR_38_2",2023-01-20 11:51:59.5,299.762286044082,1.11474108704994,1.2408001576824e-18,0.778108906763061,3.74324468393704,299.664832777865,0.441454789529038,0.0326535795596562,3402.68469825966,1.14760802893626,1.18363407283377e-18,0.778508990303666,3.73986850906369,299.299006080596,0.79571146989365,3.66283152167308,299.767159532513,TRUE,0.449610119197629,0.0347027368106351,3.8260832814545,2023-01-20 11:51:33,2023-01-20 11:52:26,0.001,0.0636,3.5
1,"Jan","CRC","TR",39,"2023_01_20_CRC_TR_39_1",2023-01-20 11:54:20.5,299.819384998453,2.39700291134894,2.01798914892154e-19,0.793008183068642,3.74522423826731,301.820140318137,0.45926796791218,0.0333117782384897,3367.58499123647,1.17074038069219,5.31297431583536e-19,0.785195076178686,3.81525309307781,300.090942860429,0.806817751522002,3.6897888569298,302.397279968942,TRUE,0.480576297358951,0.0324542119666102,3.52715501508509,2023-01-20 11:53:54,2023-01-20 11:54:47,0.001,0.022,3.5
2,"Jan","CRC","TR",39,"2023_01_20_CRC_TR_39_2",2023-01-20 11:55:46.5,NA,NA,NA,NA,NA,301.566725357552,0.377803770368443,0.0332337059536914,3363.5372135105,1.16799653508384,1.03273751076125e-15,0.713077292205343,3.80631134508922,305.295167489222,0.714516561329138,3.87194320490669,301.773245065605,TRUE,0.362992943150421,0.0345220449146939,3.13481104955167,2023-01-20 11:55:20,2023-01-20 11:56:13,0.001,0.044,3.5
1,"Jan","CRC","UP",25,"2023_01_20_CRC_UP_25_1",2023-01-20 14:40:53.5,303.213081199211,1.10434107742691,7.08990340044885e-17,0.74098464353649,3.86477940297223,288.20843884203,0.428664945028275,0.0293671517523153,3314.47835861988,1.03210672742248,4.96878273423377e-20,0.803821765844442,3.36346849320843,291.988293287375,0.804619911259136,3.42309359787196,288.241528150971,TRUE,0.429199255819383,0.0312556930713743,3.00267891136411,2023-01-20 14:40:27,2023-01-20 14:41:20,0.001,0.035,4
2,"Jan","CRC","UP",25,"2023_01_20_CRC_UP_25_2",2023-01-20 14:42:19.5,331.715979725128,0.465533501981947,2.74932390896355e-14,0.674804419920004,5.03201415275742,310.118550743414,0.491303999610129,0.0359722629857656,3314.88311756089,1.26424295217164,7.81027858334291e-19,0.782004504955711,4.11996281431997,311.741927766967,0.79139075496155,4.11010561782837,310.205723622199,TRUE,0.500233619831149,0.0381343939495434,4.24893403428588,2023-01-20 14:41:53,2023-01-20 14:42:46,0.001,0.035,4
1,"Jan","CRC","UP",26,"2023_01_20_CRC_UP_26_1",2023-01-20 14:46:15.5,NA,NA,NA,NA,NA,302.13785882222,0.380109266273303,0.033409920381948,3327.87083028257,1.17418958023873,1.00249385795497e-15,0.713402716392777,3.8264934751946,305.297685402117,0.717827306919173,3.87203347647494,302.169290334605,TRUE,0.38087376200391,0.0341814360061603,4.34403467820254,2023-01-20 14:45:49,2023-01-20 14:46:42,0.001,0.023,4.1
2,"Jan","CRC","UP",26,"2023_01_20_CRC_UP_26_2",2023-01-20 14:47:41.5,NA,NA,NA,NA,NA,283.12138708261,0.396986091765502,0.0280159623389118,3331.49724542328,0.984619259269027,1.71468166224922e-19,0.794294687464593,3.20871453345538,286.812383479211,0.795468431248496,3.26291057727369,283.124315217658,TRUE,0.398248549589365,0.0316155838620106,3.00102835401351,2023-01-20 14:47:15,2023-01-20 14:48:08,0.001,0.0478666666666667,4.19333333333333
1,"Jan","CRC","UP",29,"2023_01_20_CRC_UP_29_1",2023-01-20 14:53:02.5,297.911843627085,0.457018845402973,3.46825693180586e-14,0.671911616686859,3.67965527226595,293.797470383448,0.33743215409053,0.0309269216201155,3331.79038880101,1.08692474271266,4.70469667085758e-15,0.695980775983827,3.54211151760689,297.259164789662,0.698996373094865,3.59429932217734,293.807378051605,TRUE,0.340386313501177,0.0338755647264427,3.57150989094279,2023-01-20 14:52:36,2023-01-20 14:53:29,0.001,0.04415,4.2
2,"Jan","CRC","UP",29,"2023_01_20_CRC_UP_29_2",2023-01-20 14:54:28.5,NA,NA,NA,NA,NA,290.252767403323,0.319183473383121,0.0299283361978337,3328.63060435596,1.05182951996394,1.07382908842681e-14,0.686256781437612,3.42774187652117,292.126308693843,0.698371535173587,3.42747083540033,290.284440462351,TRUE,0.321629134292628,0.0283646374563328,3.08875038517055,2023-01-20 14:54:02,2023-01-20 14:54:55,0.001,0.04415,4.2
1,"Jan","CRC","W",41,"2023_01_20_CRC_W_41_d_1",2023-01-20 10:47:28.5,327.03530418419,0.463185649377895,9.44363804265835e-07,0.372847926514538,4.81858705804316,324.988357528209,0.24113127302751,0.0412822062212519,3430.28873137326,1.45086057793934,3.42810354616777e-07,0.396176079481577,4.72811940110491,327.75509436269,0.409810054658513,4.76700767866708,325.081911258096,TRUE,0.239333801965371,0.0392614230330853,4.47869411122184,2023-01-20 10:47:02,2023-01-20 10:47:55,0.001,0.0597333333333333,3
2,"Jan","CRC","W",41,"2023_01_20_CRC_W_41_d_2",2023-01-20 10:48:53.5,NA,NA,NA,NA,NA,310.479138959897,0.166808522511878,0.0360925671729812,3427.29367264748,1.26847103537185,2.54752719226152e-05,0.291166694500336,4.13374145198676,313.680575787159,0.301571940985351,4.18454999706888,310.501564434614,TRUE,0.162357881809561,0.0359090762898343,4.31790584762638,2023-01-20 10:48:27,2023-01-20 10:49:20,0.001,0.061,3
1,"Jan","CRC","W",42,"2023_01_20_CRC_W_42_1",2023-01-20 10:54:34.5,305.947568827632,0.202502426581254,0.00175473288175,0.173087941740844,3.96388234340238,303.733671881544,0.124658319221248,0.0339072521810303,3426.83707549514,1.19166827548037,0.000560701921441238,0.206304203885565,3.88345370923406,307.618517580696,0.207994946510479,3.9561407895787,303.757241608968,TRUE,0.126397995505184,0.0341478951435827,3.83733695358424,2023-01-20 10:54:08,2023-01-20 10:55:01,0.001,0.0630666666666667,2.97333333333333
2,"Jan","CRC","W",42,"2023_01_20_CRC_W_42_2",2023-01-20 10:56:00.5,289.872302585098,0.0675579218677867,0.0015701933991999,0.1763634305394,3.41568779534784,286.211231942855,0.113732234470656,0.0288290657574649,3426.45340446158,1.01319572849753,0.000240170833508852,0.230353151253476,3.30184061367894,288.396790173017,0.255784236023721,3.31113173392036,286.300966377284,TRUE,0.110781659872434,0.0304770124645203,2.49084157931126,2023-01-20 10:55:34,2023-01-20 10:56:27,0.001,0.0626666666666667,3.1
1,"Jan","CRC","W",43,"2023_01_20_CRC_W_43_1",2023-01-20 10:59:42.5,NA,NA,NA,NA,NA,327.655622065315,0.514106749520783,0.0423144425360216,3415.94315668933,1.48713845921802,8.23527301104079e-17,0.739498034732828,4.84634313459993,330.672951080341,0.744195675562342,4.89755440178833,328.14871052635,TRUE,0.53252317368343,0.0353377522354306,4.61989752399585,2023-01-20 10:59:16,2023-01-20 11:00:09,0.00113333333333333,0.0563333333333333,3.1
2,"Jan","CRC","W",43,"2023_01_20_CRC_W_43_2",2023-01-20 11:01:08.5,297.615745454589,0.838655091153926,7.36818431096637e-19,0.782490037382494,3.6695807630242,278.455110078759,0.456050521404861,0.0268312744091228,3409.37337419709,0.942983475433266,6.98606305234585e-23,0.847461339776162,3.07303026418282,282.186506378998,0.848218204884304,3.12610373740376,278.467934898507,TRUE,0.454837881427565,0.0258969653394526,3.1878242581465,2023-01-20 11:00:42,2023-01-20 11:01:35,0.001,0.0644,3
1,"Jan","CRC","W",47,"2023_01_20_CRC_W_47_1",2023-01-20 11:07:19.5,NA,NA,NA,NA,NA,305.086203570323,0.252804276212107,0.0343345577557228,3413.48888025957,1.20668590340783,1.30590451170433e-09,0.510419169739979,3.93239372389984,308.091848917028,0.519351803886615,3.97351740857739,305.10325990564,TRUE,0.255609510985763,0.036027137305415,4.26167358197407,2023-01-20 11:06:53,2023-01-20 11:07:46,0.00151666666666667,0.0314166666666667,2.9
2,"Jan","CRC","W",47,"2023_01_20_CRC_W_47_2",2023-01-20 11:08:45.5,NA,NA,NA,NA,NA,321.732777510228,0.247217083737988,0.0400563537190351,3409.34428451931,1.40777806775801,1.03005872668236e-07,0.422801197616537,4.58772048522429,324.38178799164,0.437062602419392,4.62041472678646,321.760359457535,TRUE,0.244585557823995,0.0417584939705948,5.02313475256199,2023-01-20 11:08:19,2023-01-20 11:09:12,0.001,0.065,2.9
1,"Jan","CRC","W",48,"2023_01_20_CRC_W_48_1",2023-01-20 11:23:04.5,290.682536246799,0.271680496189726,6.58850144644281e-09,0.479557165019449,3.4414092062474,282.379455734274,0.223499115755615,0.0278241596810903,3406.04503281245,0.977878366752632,1.13089270997152e-10,0.55373216232989,3.18674705761922,285.184056961432,0.56350265606236,3.21408436047165,282.391724291392,TRUE,0.222166087532836,0.0282313389740445,3.75074543242362,2023-01-20 11:22:38,2023-01-20 11:23:31,0.001,0.067,2.9
2,"Jan","CRC","W",48,"2023_01_20_CRC_W_48_2",2023-01-20 11:24:30.5,NA,NA,NA,NA,NA,314.838936037127,0.185428876670017,0.0375793779105147,3405.35437696589,1.32072490655265,8.66253335945756e-06,0.318904290666435,4.30402834644745,318.456466546742,0.323711290265566,4.37374832316994,315.019451429198,TRUE,0.177765862131195,0.0356084970052008,4.48601715747656,2023-01-20 11:24:04,2023-01-20 11:24:57,0.001,0.067,2.9
1,"Feb","OWC","TR",58,"2023_02_10_OWC_TR_58_c_1",2023-02-10 10:42:51.5,302.138076728713,1.12872664854389,1.16273995530921e-26,0.890744850129345,3.82650119573736,300.33377239237,0.689298231065663,0.0328564597464134,3507.57159876089,1.15473824052024,4.86806512435147e-27,0.894335082863608,3.76310471262233,294.757047794346,0.911506759002475,3.51198469831834,300.39404446318,TRUE,0.68158035754827,0.0284441626835827,3.20370994619215,2023-02-10 10:42:25,2023-02-10 10:43:18,0.001,0.00516666666666667,5.1
2,"Feb","OWC","TR",58,"2023_02_10_OWC_TR_58_c_2",2023-02-10 10:44:16.5,NA,NA,NA,NA,NA,307.408979125323,0.552720637637956,0.035080995418752,3483.80445774518,1.23291940879206,1.92076940029825e-21,0.826803832019104,4.01788446481056,310.783280551726,0.828799076076961,4.07378426719579,307.589957850422,TRUE,0.538149402307186,0.0341379005516694,3.54005854436407,2023-02-10 10:43:50,2023-02-10 10:44:43,0.001,0.0075,5.075
1,"Feb","OWC","TR",60,"2023_02_10_OWC_TR_60_1",2023-02-10 10:53:56.5,306.054565659552,1.03468259498353,8.14352492529619e-20,0.800075522088877,3.9678113527905,294.78710518963,0.511381838300498,0.0312116162013704,3484.94908960232,1.09693031611836,3.50905702222762e-22,0.837726528217227,3.57471805917122,297.137791918342,0.842607895760131,3.59026223526244,294.833087859046,TRUE,0.517569667317299,0.0329530772903452,3.66678087737863,2023-02-10 10:53:30,2023-02-10 10:54:23,0.001,0.00825,4.70833333333333
2,"Feb","OWC","TR",60,"2023_02_10_OWC_TR_60_2",2023-02-10 10:55:21.5,304.507235801469,0.713304750805718,9.44023834873369e-16,0.714059565901684,3.91136930212723,296.428196979978,0.399846492137865,0.0316895075514449,3464.1567246483,1.11372577798503,1.88119608708102e-17,0.753793236062694,3.62945174641162,298.654706716706,0.761747919615766,3.64104509066177,296.477974078838,TRUE,0.406535982648705,0.0349917626660038,3.83684681218345,2023-02-10 10:54:55,2023-02-10 10:55:48,0.001,0.008,4.66666666666667
1,"Feb","OWC","TR",61,"2023_02_10_OWC_TR_61_1",2023-02-10 10:58:32.5,312.715624443767,0.648729662844196,4.6327716614963e-15,0.696159442569484,4.22023627736383,314.37626174992,0.399451630109582,0.0374187314118902,3443.87401879439,1.31507899531939,1.03732435069411e-14,0.686670414802916,4.28562923708796,312.796900511098,0.717427792424004,4.15045095459009,314.91893865884,TRUE,0.425061726565656,0.0371999583589354,3.85139619983623,2023-02-10 10:58:06,2023-02-10 10:58:59,0.001,0.008,4.54833333333333
2,"Feb","OWC","TR",61,"2023_02_10_OWC_TR_61_2",2023-02-10 10:59:57.5,NA,NA,NA,NA,NA,291.405566786877,0.345847908481096,0.0302495043404817,3447.73364712277,1.06311695442325,8.34125296886236e-16,0.715407687481874,3.46452579543607,291.421852080762,0.735647040183301,3.40518706698067,291.503670336612,TRUE,0.355148428751087,0.0337966995820624,3.10709270753249,2023-02-10 10:59:31,2023-02-10 11:00:24,6.66666666666667e-05,0.008,4.5
1,"Feb","OWC","TR",62,"2023_02_10_OWC_TR_62_b_1",2023-02-10 11:14:18.5,NA,NA,NA,NA,NA,297.543083401368,0.390852050681529,0.032018333366417,3427.15400864211,1.12528234086336,6.85935892981579e-17,0.741311670984363,3.66711271121135,301.176369238964,0.743062472626525,3.72705911001653,297.557059166898,TRUE,0.393625337230285,0.033428625290219,3.89218034049884,2023-02-10 11:13:52,2023-02-10 11:14:45,0.001,0.0102833333333333,4.7
2,"Feb","OWC","TR",62,"2023_02_10_OWC_TR_62_b_2",2023-02-10 11:15:44.5,296.7589260835,0.68422646023089,8.21394360924878e-12,0.596010414447009,3.64058327551527,299.514094024213,0.273428838677983,0.0326080357959384,3418.34964625819,1.14600739618434,3.14809126155192e-11,0.574863315491771,3.73465230642957,300.241120450884,0.599865753881467,3.69492319991225,299.585272513071,TRUE,0.279450299390209,0.0343622129396806,3.33943987613697,2023-02-10 11:15:18,2023-02-10 11:16:11,0.001,0.0102833333333333,4.62833333333333
1,"Feb","OWC","TR",63,"2023_02_10_OWC_TR_63_1",2023-02-10 11:03:33.5,NA,NA,NA,NA,NA,320.386903395052,0.343686001368043,0.0395602769796934,3441.87852058208,1.39034348151313,1.05995407259781e-11,0.592077944269905,4.53090399525406,322.859867136873,0.603451772367682,4.55576110518753,320.41008529831,TRUE,0.348929889381385,0.0343991391974169,4.29455844944363,2023-02-10 11:03:07,2023-02-10 11:04:00,0.001,0.00426666666666667,4.5
2,"Feb","OWC","TR",63,"2023_02_10_OWC_TR_63_2",2023-02-10 11:04:58.5,301.359565641099,0.33580170124357,5.69618405741187e-09,0.482407274357761,3.79901728379649,300.954464183706,0.231843321750334,0.0330458342850521,3425.01320625664,1.16139379693851,4.66941625313033e-09,0.486275664036796,3.78479409194993,302.311155373129,0.510817002701112,3.76642682158275,301.023472389354,TRUE,0.227373217770274,0.0333326784697143,3.20852904721284,2023-02-10 11:04:32,2023-02-10 11:05:25,0.001,0.008,4.5
1,"Feb","CRC","UP",25,"2023_02_21_CRC_UP_25_1",2023-02-21 10:20:04.4375,NA,NA,NA,NA,NA,273.711397105076,0.559652593815299,0.0379480072858265,3426.87333105264,1.39519148704928,4.71462284032532e-19,0.825426888555791,4.01887358453962,276.539562651743,0.829637177482618,4.05934216805244,273.726894284693,TRUE,0.555488952214461,0.0456676842121679,3.42071551054867,2023-02-21 10:19:36,2023-02-21 10:20:29,0.001,0,5.3
2,"Feb","CRC","UP",25,"2023_02_21_CRC_UP_25_2",2023-02-21 10:21:29.215686,NA,NA,NA,NA,NA,290.885657131077,0.316315515318247,0.0361042568648597,3460.88015439249,1.29286219211681,1.34191037901652e-11,0.610363044077067,4.03118659329074,282.485893585845,0.694459357796022,3.64490685727862,291.132269077037,TRUE,0.329690453267261,0.0350125555654897,4.43987411736028,2023-02-21 10:21:02,2023-02-21 10:21:55,0.001,0,5.2719298245614
1,"Feb","CRC","UP",26,"2023_02_21_CRC_UP_26_1",2023-02-21 10:30:28.5,318.140892689347,0.631194479654242,1.43836887022815e-13,0.653635933977827,4.43765055278435,315.365974665381,0.388883266800471,0.0377632129890082,3401.43585051824,1.32718577898759,3.73454655664735e-14,0.670985091281837,4.32508328223675,317.872055382763,0.679962590678378,4.3501449519528,315.502965432437,TRUE,0.394524167415341,0.0357809871511102,4.14166197409285,2023-02-21 10:30:02,2023-02-21 10:30:55,0.001,0.000733333333333333,5.07333333333333
2,"Feb","CRC","UP",26,"2023_02_21_CRC_UP_26_2",2023-02-21 10:31:53.5,306.306898725647,0.508373362324312,8.63042148884495e-12,0.595250514693762,3.97709265406785,293.483410789367,0.324758598486937,0.0308371180295971,3393.0562769414,1.08376860109217,1.68668895197194e-14,0.680806876602345,3.53182616375871,296.053819703157,0.689146290796329,3.55440779643126,293.550001743487,TRUE,0.318693839526449,0.0322461220614101,3.97478439913204,2023-02-21 10:31:27,2023-02-21 10:32:20,0.001,0,4.86333333333333
1,"Feb","CRC","UP",27,"2023_02_21_CRC_UP_27_1",2023-02-21 10:35:39.5,306.937980969334,0.377086224974467,0.000268607266513496,0.227211691207429,4.00040024570305,301.895844534649,0.155908789584188,0.0333351368138617,3361.69532048158,1.1715613163753,2.10836142739996e-05,0.296102845962496,3.81792838937392,304.673574455966,0.31185633854871,3.84972227796318,301.925416093194,TRUE,0.160698134412509,0.0307718811067677,2.98404297187802,2023-02-21 10:35:13,2023-02-21 10:36:06,0.001,9e-04,4.6
2,"Feb","CRC","UP",27,"2023_02_21_CRC_UP_27_2",2023-02-21 10:37:05.5,291.628622858755,0.304095159342297,4.38451219960861e-07,0.390586855174668,3.47168859258943,288.745074652788,0.181952843512938,0.029513435858149,3354.81478871191,1.03724787325165,1.05534310474433e-07,0.422275335848122,3.38022265395165,290.07551516511,0.450141425015523,3.36300121636239,288.764809462332,TRUE,0.178606704299306,0.0350537815175134,3.37024758966492,2023-02-21 10:36:39,2023-02-21 10:37:32,0.001,0.002,4.6
1,"Feb","CRC","UP",29,"2023_02_21_CRC_UP_29_b_1",2023-02-21 10:46:45.5,285.370078888726,0.388829487829562,4.75686371524667e-11,0.56815132218796,3.27622426463869,274.74345343113,0.252152442488192,0.0259248241622193,3337.17849690294,0.911126337710363,2.68656363594578e-13,0.645295203737987,2.96921301721808,278.470169798715,0.647085761953987,3.02036260755838,274.75483249498,TRUE,0.250617625616685,0.0264011323298164,3.26339476302792,2023-02-21 10:46:19,2023-02-21 10:47:12,0.001,0.004,4.645
2,"Feb","CRC","UP",29,"2023_02_21_CRC_UP_29_b_2",2023-02-21 10:48:11.5,NA,NA,NA,NA,NA,290.093865731783,0.146213250344745,0.0298843346623505,3340.03986905892,1.0502830887277,1.00152555098329e-05,0.315230059989909,3.42270230783917,290.979281452581,0.353608445812388,3.39126158392685,290.133868250976,TRUE,0.148118034664557,0.0299506025986544,3.84528228600856,2023-02-21 10:47:45,2023-02-21 10:48:38,0.001,0.00203333333333333,4.69833333333333
1,"Feb","CRC","UP",30,"2023_02_21_CRC_UP_30_1",2023-02-21 10:51:25.5,NA,NA,NA,NA,NA,290.421532641174,0.0927549922786508,0.0299751400050203,3336.99536976974,1.05347443686544,0.00317168596611903,0.155505462071254,3.43310239401916,289.758123416933,0.2253751572106,3.35313249467093,290.451033716924,TRUE,0.0901787454070566,0.0311705524718044,3.22732935681733,2023-02-21 10:50:59,2023-02-21 10:51:52,0.001,0.004,4.92166666666667
2,"Feb","CRC","UP",30,"2023_02_21_CRC_UP_30_2",2023-02-21 10:52:51.5,NA,NA,NA,NA,NA,298.792919493515,0.0932392713912784,0.0323910196425959,3341.46935773093,1.13838037693122,0.00578552010126048,0.137445821961472,3.70979708722271,300.635963951637,0.171220330712946,3.70845640855148,298.81024960593,TRUE,0.096554322063515,0.034102786769353,3.97395573096366,2023-02-21 10:52:25,2023-02-21 10:53:18,0.001,0.004,5
1,"Feb","PTR","TR",11,"2023_02_24_PTR_TR_11_b_1",2023-02-24 11:07:19.5,317.441995341472,1.15336912308554,8.30909460175526e-22,0.832276475645352,4.4090260286024,284.669335179231,0.646107010351481,0.0284204024684001,3323.9518445898,0.998833282542549,1.11785856244452e-28,0.908584429339219,3.25503573083932,286.910053994244,0.911514690836117,3.26586274676274,284.734027279196,TRUE,0.645637413606266,0.0298415625191591,2.73402210849224,2023-02-24 11:06:53,2023-02-24 11:07:46,0,0,3.2
2,"Feb","PTR","TR",11,"2023_02_24_PTR_TR_11_b_2",2023-02-24 11:08:44.5,290.467642254327,1.19270991825219,3.65652302471941e-25,0.875290008759076,3.43456843865132,287.995234955205,0.574716783139908,0.0293092349483954,3323.40186458875,1.03007124493986,1.10854545401708e-25,0.880871153466859,3.35683518580243,274.101144662917,0.914472872280054,2.90061550177736,288.153295680554,TRUE,0.585543254083701,0.0289244668608879,3.31717411924911,2023-02-24 11:08:18,2023-02-24 11:09:11,0.000733333333333333,0,3.2
1,"Feb","PTR","TR",12,"2023_02_24_PTR_TR_12_1",2023-02-24 11:15:23.5,NA,NA,NA,NA,NA,299.725291034941,0.170546154918534,0.0326718641076363,3333.11806591548,1.14825063824128,3.17565289931263e-06,0.343832751429638,3.74196266860502,295.536358765686,0.436160963401316,3.53741827815096,299.870625781391,TRUE,0.181672561761611,0.0318477785437271,4.02153381783313,2023-02-24 11:14:57,2023-02-24 11:15:50,0.001,0,2.9
2,"Feb","PTR","TR",12,"2023_02_24_PTR_TR_12_2",2023-02-24 11:16:48.5,NA,NA,NA,NA,NA,305.495094552804,0.351050656483963,0.0344647957262615,3323.63510272656,1.21126310880699,5.48380579009179e-14,0.666131649937546,3.94731009421116,305.676055841953,0.688928181026284,3.88562266519774,305.60748205611,TRUE,0.359051749421407,0.0353274909827781,4.12049411988281,2023-02-24 11:16:22,2023-02-24 11:17:15,0.001,0,2.93333333333333
1,"Feb","PTR","TR",14,"2023_02_24_PTR_TR_14_1",2023-02-24 11:23:24.5,NA,NA,NA,NA,NA,309.931279078734,0.665797125796629,0.0359099412419064,3307.64417164474,1.26205265834797,1.42596298924459e-24,0.868607000805924,4.11282500185248,293.940018854822,0.9092612677064,3.48551648671482,309.948485877007,TRUE,0.667522357398588,0.038166269002402,4.27424087517791,2023-02-24 11:22:58,2023-02-24 11:23:51,0.001,0,3.68
2,"Feb","PTR","TR",14,"2023_02_24_PTR_TR_14_2",2023-02-24 11:24:49.5,331.235757995915,1.09614166948522,4.64307575554681e-18,0.766619858189028,5.00968898562692,301.675353691751,0.60724467763929,0.0332671498267341,3315.94315614106,1.16917191792823,2.88759064223914e-24,0.865002840227347,3.81014172721884,304.319547061663,0.86835008907872,3.83712342833839,301.701453529104,TRUE,0.60632616011651,0.0319849053141708,4.01809948278979,2023-02-24 11:24:23,2023-02-24 11:25:16,0.00065,0,3.835
1,"Feb","PTR","TR",15,"2023_02_24_PTR_TR_15_1",2023-02-24 11:27:37.5,NA,NA,NA,NA,NA,312.805304686804,0.596444099517456,0.0368783817968357,3322.14992931336,1.29608844160272,6.17814076123545e-22,0.834170309271678,4.22374210139017,315.023542011703,0.839552674746336,4.23690920792207,312.839949223451,TRUE,0.603179994550237,0.0385285433591865,3.90605989180766,2023-02-24 11:27:11,2023-02-24 11:28:04,0.001,0,3.9
2,"Feb","PTR","TR",15,"2023_02_24_PTR_TR_15_2",2023-02-24 11:29:03.5,325.828129642225,0.975427605050273,2.29666331745779e-18,0.772820047971987,4.76502699114224,308.253635867167,0.575495110495042,0.0353564359187474,3305.3619039799,1.24259974808569,4.67638624321392e-22,0.835930707273633,4.04943112113262,310.4766696703,0.841241834322282,4.06223523739904,308.432975225628,TRUE,0.566628208490896,0.0369918857653145,3.53328030649824,2023-02-24 11:28:37,2023-02-24 11:29:30,0.001,0,3.9
1,"Feb","PTR","TR",17,"2023_02_24_PTR_TR_17_1",2023-02-24 11:38:21.5,NA,NA,NA,NA,NA,285.026133584829,0.142705250542761,0.0285144499039232,3337.57685621284,1.00213857383259,6.77579577896408e-06,0.325084351018516,3.26580713927951,287.404897217316,0.345046118719688,3.28086087709151,285.152949189571,TRUE,0.137092892171449,0.0266826326508995,3.60217926065056,2023-02-24 11:37:55,2023-02-24 11:38:48,0.001,0.00388333333333333,4
2,"Feb","PTR","TR",17,"2023_02_24_PTR_TR_17_2",2023-02-24 11:39:46.5,NA,NA,NA,NA,NA,323.037624689884,0.0107967392615594,0.0405432466910898,3348.51095920464,1.42488989107103,0.791059920298344,0.0013619242598165,4.64348514312786,320.138395958314,0.121137083646514,4.44239569463664,324.034975478029,TRUE,0.0395966397436091,0.0375743845428354,4.29904996146763,2023-02-24 11:39:20,2023-02-24 11:40:13,0.001,0.004,4.1
1,"Feb","PTR","TR",18,"2023_02_24_PTR_TR_18_1",2023-02-24 11:42:18.5,NA,NA,NA,NA,NA,297.017594890656,0.204497547673728,0.0318629222569113,3353.64560837953,1.11982042705606,4.18630521259676e-08,0.44200771595688,3.64931321963226,299.837293444162,0.454071671736676,3.68113316614694,297.05899756856,TRUE,0.198673195639625,0.0333696076826293,3.83212463633373,2023-02-24 11:41:52,2023-02-24 11:42:45,0.000166666666666667,0,4.03333333333333
2,"Feb","PTR","TR",18,"2023_02_24_PTR_TR_18_2",2023-02-24 11:43:44.5,300.821200822704,0.564625323237469,2.62521447381605e-10,0.539260489081664,3.7801268388895,295.055147553528,0.268395189219292,0.0312891756986251,3350.76891771885,1.09965613984029,1.57234493493998e-11,0.585922122179364,3.58360107675377,297.283379723889,0.59928776491682,3.59510529884079,295.286760861538,TRUE,0.262319439718237,0.0305760421632551,3.26755657825184,2023-02-24 11:43:18,2023-02-24 11:44:11,0.001,0,3.77333333333333
1,"Feb","PTR","TR",9,"2023_02_24_PTR_TR_9_1",2023-02-24 11:11:26.5,277.08661997181,0.0413831153722182,0.0058933520130629,0.136888156889424,3.03433693195463,274.71167766137,0.0857853012114494,0.0259171976800986,3333.21208450075,0.91085830546911,0.00169984738018208,0.17402552791904,2.96833954359887,275.67548945909,0.21918506703855,2.94320823593065,274.751558366105,TRUE,0.086404422124796,0.0271796319584657,2.90807087737403,2023-02-24 11:11:00,2023-02-24 11:11:53,0.001,0.00193333333333333,3.1
2,"Feb","PTR","TR",9,"2023_02_24_PTR_TR_9_2",2023-02-24 11:12:51.5,NA,NA,NA,NA,NA,288.939902701823,0.235366631666006,0.029566725068188,3332.08433282207,1.03912071923427,1.46979758232237e-10,0.549276031511013,3.38632595537175,283.665430675748,0.620404722131632,3.16920624389437,289.025515635363,TRUE,0.239938761132671,0.027758387038729,3.33012397115309,2023-02-24 11:12:25,2023-02-24 11:13:18,0.001,0.002,3
1,"Feb","PTR","UP",3,"2023_02_24_PTR_UP_3_1",2023-02-24 10:35:09.5,NA,NA,NA,NA,NA,296.2723963805,0.707106308468258,0.0316438252851874,3428.36881035524,1.11212027756995,2.52245646680845e-28,0.90568337106301,3.6242196808524,299.6437068148,0.90677507556268,3.67454075993962,296.274714469061,TRUE,0.706431897507761,0.0332172963963923,4.21771808643719,2023-02-24 10:34:43,2023-02-24 10:35:36,0.001,0,1.5
2,"Feb","PTR","UP",3,"2023_02_24_PTR_UP_3_2",2023-02-24 10:36:35.5,NA,NA,NA,NA,NA,314.49357242469,0.357116362720641,0.0374593980926033,3458.79912545034,1.31650822329151,5.27165205179363e-13,0.636074003351407,4.29028685933392,318.021201186833,0.639243604608081,4.35615656368273,314.55297982179,TRUE,0.351324054643549,0.0396693368983051,5.0068556085298,2023-02-24 10:36:09,2023-02-24 10:37:02,0.001,0,1.54833333333333
1,"Feb","PTR","UP",8,"2023_02_24_PTR_UP_8_1",2023-02-24 10:59:05.5,NA,NA,NA,NA,NA,296.405503391694,0.508315894883691,0.0316828494673085,3343.86928685976,1.1134917800309,8.76051740772043e-22,0.831936111677733,3.62868918501626,300.297314351853,0.832272490721634,3.69684622004836,296.416283550103,TRUE,0.511363902521528,0.0323685528331441,3.74944010210371,2023-02-24 10:58:39,2023-02-24 10:59:32,0.001,0,2.46166666666667
2,"Feb","PTR","UP",8,"2023_02_24_PTR_UP_8_2",2023-02-24 11:00:31.5,313.861062830797,0.315587477840596,1.26069754960924e-13,0.655371260516329,4.2652339264157,296.846015511333,0.395771176606258,0.0318123418865316,3345.21393704518,1.1180427830753,3.27565580043393e-17,0.74851728707726,3.6435201661015,298.286174564814,0.760160538450545,3.62864180013486,296.887010466482,TRUE,0.401868172949507,0.0326511126651937,3.13129458633329,2023-02-24 11:00:05,2023-02-24 11:00:58,0.001,0,2.61
1,"Apr","OWC","TR",58,"2023_04_21_OWC_TR_58_1",2023-04-21 12:14:08.5,386.176056617168,1.71709377447628,3.35456993427366e-27,0.895834416285546,8.33180653128326,277.544977443474,1.61401026065568,0.0266061131934876,3325.21751619635,0.935070198470904,6.17077516568005e-50,0.986066512258203,3.04724217751139,280.417280838029,0.986354471817523,3.07530996814379,277.545596651945,TRUE,1.61394846214167,0.0262551273755205,3.96693101093054,2023-04-21 12:13:42,2023-04-21 12:14:35,0.000133333333333333,0,16.8
2,"Apr","OWC","TR",58,"2023_04_21_OWC_TR_58_2",2023-04-21 12:15:32.5,NA,NA,NA,NA,NA,308.877411548671,1.56543054583382,0.0355612349720699,3272.72741317375,1.24979739811612,7.83972375111265e-43,0.9738670124941,4.07288709565472,291.455762769632,0.982424582270686,3.40625642225394,308.924137799516,TRUE,1.55933969353938,0.0405680014259058,3.29669566765867,2023-04-21 12:15:06,2023-04-21 12:15:59,0,0,16.7733333333333
1,"Apr","OWC","TR",60,"2023_04_21_OWC_TR_60_1",2023-04-21 11:56:40.5,384.849429128349,2.99887173914906,2.49966899525459e-26,0.887488425996647,8.23008806656989,362.302997132608,1.48649029328689,0.0583195567457717,3274.80401569412,2.04963720572128,4.72596196255642e-31,0.925891548736112,6.67943535371351,360.295539258472,0.933694002173728,6.44316064250669,362.35079282433,TRUE,1.49813977650712,0.0394641468246777,4.13099491433506,2023-04-21 11:56:14,2023-04-21 11:57:07,0.001,0,18.2
2,"Apr","OWC","TR",60,"2023_04_21_OWC_TR_60_2",2023-04-21 11:58:05.5,NA,NA,NA,NA,NA,283.971909152378,1.43500944931316,0.0282374648112248,3286.51974788312,0.99240394992419,5.29051420898636e-46,0.980262701661229,3.23408357819885,287.089886710703,0.980582467142916,3.27130532278252,283.972557282519,TRUE,1.43443568638007,0.029801066237498,3.32602387221525,2023-04-21 11:57:39,2023-04-21 11:58:32,0.001,0,18.2
1,"Apr","OWC","TR",61,"2023_04_21_OWC_TR_61_1",2023-04-21 11:51:31.5,368.613013303712,3.20162164479404,6.65404285947459e-38,0.959576030485788,7.08131434019603,359.32923624872,2.17946736520587,0.0567356445160106,3176.32264182079,1.99397070861693,7.59309399978685e-40,0.965961197750575,6.49802726464376,319.251778897819,0.984951897457712,4.40607550267922,363.85068213997,TRUE,2.07503325267227,0.0425940468767397,4.8793886586485,2023-04-21 11:51:05,2023-04-21 11:51:58,0.001,0,19.025
2,"Apr","OWC","TR",61,"2023_04_21_OWC_TR_61_2",2023-04-21 11:52:56.5,NA,NA,NA,NA,NA,305.873481736427,1.6588797608448,0.0345857578455524,3265.7252363365,1.21551431498921,1.00579349587475e-44,0.97789650183421,3.96116408592743,300.108830445618,0.981552866209934,3.69040003173145,305.933258383005,TRUE,1.65285455203684,0.0335916155689742,3.84805414151166,2023-04-21 11:52:30,2023-04-21 11:53:23,0.001,0,18.8
1,"Apr","OWC","TR",63,"2023_04_21_OWC_TR_63_1",2023-04-21 12:02:49.5,317.231439286947,3.25020077402784,2.75062700875742e-34,0.944332638826918,4.4004385956106,350.455423786301,1.11216673215581,0.052260338331884,3265.42098623649,1.83668635026753,2.49714163496065e-27,0.897007829369515,5.98546304068615,324.57114339184,0.940781122239555,4.6285227629492,354.500487327224,TRUE,1.01812503412244,0.0408818166695578,3.698429793035,2023-04-21 12:02:23,2023-04-21 12:03:16,0.001,0,17.945
2,"Apr","OWC","TR",63,"2023_04_21_OWC_TR_63_2",2023-04-21 12:04:13.5,NA,NA,NA,NA,NA,288.223248378918,0.838128689494251,0.029371179009143,3275.02790210151,1.03224826511398,1.95718817510231e-33,0.939973853558856,3.36392974159808,289.851749792073,0.942552953053604,3.35604062207726,288.236300362168,TRUE,0.835723818520399,0.0317658482063482,3.25219547858108,2023-04-21 12:03:47,2023-04-21 12:04:40,0.001,0,17.71
1,"Apr","OWC","TR",64,"2023_04_21_OWC_TR_64_b_1",2023-04-21 12:10:45.5,320.261224128568,0.87392265895184,2.23199803221104e-25,0.877629302277178,4.52563446293061,289.425351882532,0.785888438094514,0.0296999236683345,3258.79296632871,1.04380197577743,7.73565674628479e-32,0.930867823577154,3.40158141149193,291.604007359776,0.933160670635418,3.41093517973676,289.56293696994,TRUE,0.781624196566393,0.0304085309072176,3.2350942383168,2023-04-21 12:10:19,2023-04-21 12:11:12,0.001,0,16.8
1,"Apr","OWC","UP",50,"2023_04_21_OWC_UP_50_b_1",2023-04-21 11:24:27.5,440.698087833064,5.71179932210777,8.53498672355218e-37,0.955411390878322,13.8033860158981,378.180481748293,4.0868259522509,0.0675556183215836,3227.94727778808,2.37423801712044,7.11039390159927e-50,0.985990369590368,7.73725677179254,331.742796215972,0.994494686229201,4.94631053558823,380.785337467691,TRUE,3.99557932342254,0.052401183413535,6.09184926528844,2023-04-21 11:24:01,2023-04-21 11:24:54,0.001,0,19.3
1,"Apr","OWC","UP",51,"2023_04_21_OWC_UP_51_1",2023-04-21 10:59:54.5,412.848791910882,2.31419062911741,8.44945143609533e-31,0.924219309397967,10.6658822717695,279.269921251698,2.43165758366075,0.0270344697888672,3250.47974038686,0.950124764455237,9.54412699036396e-59,0.993613663867104,3.09630256731592,273.455760763544,0.994674977078625,2.88333375817163,279.358317509625,TRUE,2.43920608103868,0.0274366550476742,3.61233764321136,2023-04-21 10:59:28,2023-04-21 11:00:21,0.001,0,21.2233333333333
2,"Apr","OWC","UP",51,"2023_04_21_OWC_UP_51_2",2023-04-21 11:01:19.5,NA,NA,NA,NA,NA,304.15626022495,2.34726649376192,0.0340401862495955,3235.58339996255,1.19634023507751,8.54536446701111e-53,0.98918220628561,3.89867886811444,302.773998599583,0.990208439580642,3.78260280250942,304.176439478846,TRUE,2.34252709037157,0.0344309693121127,4.02397563301169,2023-04-21 11:00:53,2023-04-21 11:01:46,0.001,0,20.94
1,"Apr","OWC","UP",52,"2023_04_21_OWC_UP_52_b_1",2023-04-21 11:15:21.5,NA,NA,NA,NA,NA,313.105803702558,2.86977975588819,0.0369811350273493,3224.00014516328,1.2996996975179,1.94758325876078e-55,0.991438840077092,4.23551059893882,310.741785009252,0.992390606370407,4.07221934666434,313.216799469332,TRUE,2.8668725427862,0.0396765772903967,4.11728709175312,2023-04-21 11:14:55,2023-04-21 11:15:48,0.001,0,19.2833333333333
2,"Apr","OWC","UP",52,"2023_04_21_OWC_UP_52_b_2",2023-04-21 11:16:47.5,435.937307764881,2.53309074008457,7.67248258880762e-29,0.90989577433071,13.2081310503192,285.590211712289,2.76269412636118,0.0286637689284193,3243.21398966157,1.00738638168997,2.67978400757535e-60,0.994433527327871,3.28290889427996,289.307201963429,0.994462624458439,3.33916168617312,285.596444273983,TRUE,2.76472294971536,0.0296704428714442,4.05089085675371,2023-04-21 11:16:21,2023-04-21 11:17:14,0.001,0,19.1
1,"Apr","OWC","UP",55,"2023_04_21_OWC_UP_55_1",2023-04-21 11:31:10.5,423.199300966813,3.19169708704335,2.61845493147339e-31,0.927553260449602,11.7386653179434,344.676955172864,2.72256950074829,0.0495376702385852,3232.06634793158,1.7409983489478,9.69422536792325e-48,0.983075976011255,5.67363135790976,339.905201804405,0.985613442363989,5.33463134873892,344.770043655151,TRUE,2.73523405480236,0.0508228243866397,6.61500623818435,2023-04-21 11:30:44,2023-04-21 11:31:37,0.001,0,19.9
2,"Apr","OWC","UP",55,"2023_04_21_OWC_UP_55_2",2023-04-21 11:32:35.5,420.844365314974,1.92858436660136,2.12522167549647e-28,0.906301755718217,11.4854746313358,363.597405299618,2.3237758959656,0.0590227373273406,3194.98348051044,2.07435044365975,2.2037014845689e-40,0.967541882620381,6.75997178949355,341.996709284126,0.979796343578514,5.43894763032507,363.598280200558,TRUE,2.32541055295383,0.0608142807349287,8.86742412556067,2023-04-21 11:32:09,2023-04-21 11:33:02,0.001,0,19.8366666666667
1,"Apr","OWC","UP",56,"2023_04_21_OWC_UP_56_1",2023-04-21 11:38:56.5,428.859348403119,4.61559840084792,6.5986507933989e-36,0.951765611262384,12.3702694394495,366.439390769198,3.51928769856336,0.0605965177389101,3267.4755275259,2.12966085864198,5.75460320104726e-49,0.984817444799463,6.94021946465754,332.281761986884,0.992510333059218,4.97105641629011,367.978269414805,TRUE,3.45297585921437,0.0565332279678037,5.86574361056045,2023-04-21 11:38:30,2023-04-21 11:39:23,0.001,0,19.9
2,"Apr","OWC","UP",56,"2023_04_21_OWC_UP_56_2",2023-04-21 11:40:21.5,426.194390163496,4.04367529633323,5.85811321818053e-36,0.95198573613671,12.0687616029285,366.43426904067,3.44015923874453,0.0605936441134047,3190.58806658215,2.12955986525177,1.83949239881367e-48,0.984123671585997,6.93989034357251,320.809513047923,0.993666504736634,4.47008689895329,366.474237265302,TRUE,3.42911914790475,0.063484091749665,7.97064542046816,2023-04-21 11:39:55,2023-04-21 11:40:48,0.001,0,19.7
1,"Apr","OWC","W",65,"2023_04_21_OWC_W_65_1",2023-04-21 12:25:30.5,319.062450116522,0.547794384427641,1.88255824334211e-16,0.731136978207944,4.475678770372,300.031747034195,0.489416022002029,0.032764703993793,3288.89164154877,1.15151349028371,1.87881520829246e-20,0.810993461482938,3.75259577441776,303.914016681435,0.811405083102748,3.82274238830423,300.280856026352,TRUE,0.501829987214435,0.0293892806578447,2.71084325059898,2023-04-21 12:25:04,2023-04-21 12:25:57,0,0,15.9533333333333
2,"Apr","OWC","W",65,"2023_04_21_OWC_W_65_2",2023-04-21 12:26:55.5,NA,NA,NA,NA,NA,283.659949537253,0.487417756921876,0.028156018158397,3290.29713630501,0.989541512360663,3.10029763183891e-23,0.852139021318216,3.22475535825522,283.995089338869,0.861841066067047,3.1788946922422,283.66668776895,TRUE,0.485252564790077,0.0315512303044221,3.88858237620479,2023-04-21 12:26:29,2023-04-21 12:27:22,0.00065,0,15.8
1,"Apr","OWC","W",66,"2023_04_21_OWC_W_66_1",2023-04-21 12:29:57.5,311.800479415384,1.8853316818393,5.87979886540277e-27,0.893566581389206,4.18462691282488,309.268419504483,0.765488917199568,0.0356902157761177,3311.81150039698,1.25433042047692,1.73286003430205e-27,0.89844204569286,4.08765948060722,303.897321735193,0.914621802777797,3.82215150361766,309.322660417705,TRUE,0.773224252049943,0.0375398985575029,4.80274548912235,2023-04-21 12:29:31,2023-04-21 12:30:24,0.001,0,15.705
2,"Apr","OWC","W",66,"2023_04_21_OWC_W_66_2",2023-04-21 12:31:22.5,331.018702575703,1.29778325703089,8.6587592530232e-22,0.832011337667645,4.99963076168014,299.13019420689,0.731409494574995,0.0324923321244706,3323.54951920241,1.14194099782482,1.78436259522324e-28,0.906928449435706,3.7214005734453,303.091074176564,0.906995850238681,3.79372440711995,299.158073888555,TRUE,0.726454535312038,0.0349476699220804,3.74889540154255,2023-04-21 12:30:56,2023-04-21 12:31:49,0.001,0,15.8
1,"Apr","OWC","W",67,"2023_04_21_OWC_W_67_1",2023-04-21 12:34:04.5,NA,NA,NA,NA,NA,290.192668954096,1.05066355573035,0.0299116866955892,3290.02050557899,1.05124437423991,6.7303161313223e-38,0.959558319938835,3.42583498147397,290.694671649642,0.962094993159664,3.3823364390989,290.194698694384,TRUE,1.05103520253823,0.0297852780938171,3.18350583665956,2023-04-21 12:33:38,2023-04-21 12:34:31,0.001,0,15.8
2,"Apr","OWC","W",67,"2023_04_21_OWC_W_67_2",2023-04-21 12:35:29.5,353.707884270233,0.995684738308642,1.28374346507856e-24,0.86913542730968,6.16845917209182,305.563344933126,1.04439852457915,0.0344865825671671,3287.6787292002,1.21202880597972,1.05558626503508e-34,0.946343777320112,3.94980537715758,308.503832931298,0.947386283468912,3.98870400098938,305.577687123527,TRUE,1.0457784352686,0.037418434151696,3.8058948721765,2023-04-21 12:35:03,2023-04-21 12:35:56,0.001,0,15.7
1,"Apr","OWC","W",71,"2023_04_21_OWC_W_71_1",2023-04-21 12:38:27.5,392.549205517548,1.31116321337721,6.77551882181324e-24,0.860514378693493,8.83826809972217,307.13188934277,1.46845286948835,0.0349911053608013,3297.52914106026,1.22976022827902,8.80097666675908e-42,0.971321165653081,4.00758920770426,304.346943665715,0.974707390730422,3.83809692357852,307.322749551084,TRUE,1.45402813761774,0.0340119276227537,3.82442803064404,2023-04-21 12:38:01,2023-04-21 12:38:54,0.001,0,15.6633333333333
2,"Apr","OWC","W",71,"2023_04_21_OWC_W_71_2",2023-04-21 12:39:52.5,350.22248050916,1.59259583629283,8.2740178443549e-28,0.901283152990134,5.97256701462439,300.612070732467,1.1730453237445,0.0329412346491915,3324.43312906547,1.1577176492219,3.3935082470327e-38,0.960608725642524,3.77281412254106,301.72515858973,0.962659333300337,3.74604592314103,300.663062681239,TRUE,1.171768241083,0.0355939670842836,3.53913990536048,2023-04-21 12:39:26,2023-04-21 12:40:19,0.001,0,15.44
1,"Apr","OWC","W",72,"2023_04_21_OWC_W_72_1",2023-04-21 12:42:23.5,NA,NA,NA,NA,NA,302.125541970208,0.892275507092015,0.0334061103673098,3254.77431597311,1.17405567751051,4.91151073055645e-32,0.932063564796379,3.82605710791247,305.985486443884,0.932239537849395,3.89677131893697,302.159366906689,TRUE,0.886711830208548,0.0333105712897748,3.84079269802847,2023-04-21 12:41:57,2023-04-21 12:42:50,0.001,0,15.435
2,"Apr","OWC","W",72,"2023_04_21_OWC_W_72_2",2023-04-21 12:43:49.5,NA,NA,NA,NA,NA,307.408642004702,0.785920146066203,0.0350808859140436,3266.23993980046,1.23291556025587,2.23529077495233e-28,0.906119952879963,4.01787192305507,311.229548271826,0.906430795060557,4.09065241237485,307.436850997677,TRUE,0.790806836084464,0.0384771115986677,4.52085255809329,2023-04-21 12:43:23,2023-04-21 12:44:16,0.001,0,15.755
1,"May","OWC","TR",58,"2023_05_10_OWC_TR_58_1",2023-05-10 13:04:42.5,342.431421576862,1.44388083302331,9.23739385308989e-33,0.936286889503934,5.55688325882712,305.986523083591,1.36342509454153,0.0346219769884485,3196.52600258898,1.21678723452052,2.1771613376739e-40,0.967556995892086,3.96531232430646,293.680427205025,0.976012806313941,3.47714866789876,306.253690401074,TRUE,1.34679620718251,0.0365260584531185,3.24035555053954,2023-05-10 13:04:16,2023-05-10 13:05:09,0.001,0,16.2566666666667
2,"May","OWC","TR",58,"2023_05_10_OWC_TR_58_2",2023-05-10 13:06:07.5,373.825692683879,1.5956119306171,4.21507208315771e-28,0.903806030263813,7.43148037311188,307.521823703311,1.48720577371745,0.0351176692056231,3194.59088622121,1.23420830675768,5.56178522794547e-42,0.971822684326692,4.0220847743165,308.907113919312,0.973154540676624,4.00362599632606,307.651284154042,TRUE,1.48561133921254,0.0366456185156094,4.3917025063762,2023-05-10 13:05:41,2023-05-10 13:06:34,0.001,0,16.03
1,"May","OWC","TR",59,"2023_05_10_OWC_TR_59_1",2023-05-10 12:48:42.5,NA,NA,NA,NA,NA,297.803103816938,2.54028647241575,0.0320955134638419,3243.80931886399,1.1279948306018,7.03925017768414e-56,0.991767410858981,3.67595227550348,300.950167664775,0.991896423971754,3.71926110659446,297.825155451923,TRUE,2.54118800383337,0.0320393498360478,3.86953829854006,2023-05-10 12:48:16,2023-05-10 12:49:09,0.001,0,16.8
2,"May","OWC","TR",59,"2023_05_10_OWC_TR_59_2",2023-05-10 12:50:07.5,NA,NA,NA,NA,NA,320.774703385081,2.42416802238049,0.0397025830134362,3239.29155745784,1.39534481824532,4.42322019041041e-50,0.986243761353324,4.54720254081695,320.968105967522,0.987180084038555,4.47665583319322,320.82944088355,TRUE,2.41935688546576,0.0430092671533216,3.54950882513551,2023-05-10 12:49:41,2023-05-10 12:50:34,0.001,0,16.715
1,"May","OWC","TR",60,"2023_05_10_OWC_TR_60_1",2023-05-10 12:55:30.5,398.906785423318,1.65915972953924,5.10051651912199e-27,0.894145758049802,9.37416425494385,289.052276051207,1.80147306499468,0.0295975050779354,3211.18307401229,1.04020248076833,5.20091411346773e-50,0.986157822027885,3.38985124082944,290.056098409073,0.986904933783321,3.36239665428202,289.435977225482,TRUE,1.80736861493008,0.0295016003411205,3.02699287106044,2023-05-10 12:55:04,2023-05-10 12:55:57,0.001,0,16.7233333333333
2,"May","OWC","TR",60,"2023_05_10_OWC_TR_60_2",2023-05-10 12:56:55.5,411.581276925979,1.67157273696564,2.20216423564209e-24,0.866398557681534,10.5414365041818,309.91630261091,1.79725586274968,0.0359049619197545,3219.67667142039,1.26187766037968,1.14447148692258e-45,0.979668399566267,4.11225471184558,303.505947704223,0.983233346600096,3.8083257287818,309.928048737835,TRUE,1.79514034700082,0.0387501892577665,4.66438345259859,2023-05-10 12:56:29,2023-05-10 12:57:22,0.001,0,16.8
1,"May","OWC","TR",61,"2023_05_10_OWC_TR_61_1",2023-05-10 13:00:18.5,695.159867933761,1.18298602491423,9.95289777876862e-48,0.874262003317198,6.71295408728263,600.292551889675,1.21724621467908,0.0277962361468645,3299.53421528731,0.995050902391022,5.97559796166571e-68,0.949497915158663,4.25436808555126,600.56131977836,0.951277672873827,4.2203114881891,600.73810805427,TRUE,1.22070894947123,0.0254978035983128,3.74881807152812,2023-05-10 12:59:53,2023-05-10 13:00:44,0.001,0,16.7983333333333
2,"May","OWC","TR",61,"2023_05_10_OWC_TR_61_2",2023-05-10 13:01:42.5,373.731456258755,1.2280087072636,1.39825620593932e-21,0.828898004324529,7.42499879256708,329.653692202704,1.08658875671848,0.0431045736353764,3292.93574980938,1.5149075677127,8.05446461803989e-31,0.924358509052161,4.93683815708622,329.663965621354,0.929745727201509,4.85201227466648,330.252851555977,TRUE,1.0642443900897,0.0350820663563863,4.36080075280276,2023-05-10 13:01:16,2023-05-10 13:02:09,0.001,0,16.6133333333333
1,"May","OWC","TR",63,"2023_05_10_OWC_TR_63_1",2023-05-10 12:43:34.5,NA,NA,NA,NA,NA,285.389599060917,1.05977039499237,0.0286105746940397,3246.37382296199,1.00551687362101,4.72109778842509e-39,0.963484465911315,3.27681647057932,282.632984437411,0.96777910134769,3.13905397567942,285.557369312921,TRUE,1.06957555756055,0.0295324281040431,2.91556917421194,2023-05-10 12:43:08,2023-05-10 12:44:01,0.001,0,16.15
2,"May","OWC","TR",63,"2023_05_10_OWC_TR_63_2",2023-05-10 12:45:05,NA,NA,NA,NA,NA,223.431383856273,0.963204969080411,0.038161468041297,3226.10971712328,1.48927543133933,1.33885937202401e-26,0.939534283089793,3.10541510790252,225.30502414531,0.942451600973992,3.10628504833272,224.061311077133,TRUE,0.93519600890343,0.0363900075891188,2.60098490488658,2023-05-10 12:44:44,2023-05-10 12:45:26,0.001,0,16.6433333333333
1,"May","OWC","TR",64,"2023_05_10_OWC_TR_64_b_1",2023-05-10 12:38:53.5,300.718150470487,0.645380413632798,3.97428295357751e-23,0.850724484399418,3.77652167577868,264.085100046098,0.591655862328853,0.0234885369849195,2526.3177048716,0.825503175926345,8.35327307537411e-31,0.92425261867803,2.69018101471516,254.997391716455,0.940555749631978,2.43035261312787,264.092440016729,TRUE,0.590752746887647,0.027287937791686,2.95748170046041,2023-05-10 12:38:27,2023-05-10 12:39:20,0.001,0,15.4
2,"May","OWC","TR",64,"2023_05_10_OWC_TR_64_b_2",2023-05-10 12:40:18.5,NA,NA,NA,NA,NA,257.933458761918,0.608309699025353,0.0221880281910693,2533.52065020987,0.779796875004634,1.381196203367e-32,0.93529471423239,2.54123159019664,261.167773947246,0.93620571903328,2.57324956894833,258.116570393079,TRUE,0.617461547983279,0.022707214768729,2.62497091836073,2023-05-10 12:39:52,2023-05-10 12:40:45,0.001,0,15.4
1,"Jun","OWC","TR",58,"2023_06_22_OWC_TR_58_1",2023-06-22 13:56:34,406.73772618306,3.4677914043078,3.52292569883878e-33,0.948296627775188,12.5518161868488,319.258196625662,3.65876623209681,0.0506472710193242,3144.24516527474,1.83008898906565,1.93547885681457e-51,0.990697919238862,5.3239894798768,316.303612285993,0.991883705447892,5.07779480246627,319.38755406685,TRUE,3.64916931597807,0.0517200961883793,5.39084727696457,2023-06-22 13:56:09,2023-06-22 13:56:59,0.001,0,19.7
2,"Jun","OWC","TR",58,"2023_06_22_OWC_TR_58_2",2023-06-22 13:57:57.5,NA,NA,NA,NA,NA,353.633103225543,2.92448570159105,0.053820836722139,3068.2802538176,1.89152996943421,1.73500173872587e-47,0.982692949163279,6.16418950396706,339.882342187437,0.987541586419242,5.33350232351393,353.733441450579,TRUE,2.92338471707874,0.0514704288702706,4.509651448205,2023-06-22 13:57:31,2023-06-22 13:58:24,0.001,0,19.7
1,"Jun","OWC","TR",60,"2023_06_22_OWC_TR_60_1",2023-06-22 13:51:22.5,412.36665891366,6.3992155602924,5.507837211284e-40,0.966378680555149,10.6183738220389,398.56222841413,3.59830502027797,0.0815870958415,3112.24802808111,2.86737342453499,7.12485768891369e-43,0.973962891480985,9.34430511442525,339.581493752895,0.991889067280657,5.31866581408623,404.145875493264,TRUE,3.42981983180821,0.0587344060515573,5.50798202882365,2023-06-22 13:50:56,2023-06-22 13:51:49,0.001,0,19.2733333333333
2,"Jun","OWC","TR",60,"2023_06_22_OWC_TR_60_2",2023-06-22 13:52:48,820.089587743442,3.82195801162681,1.87069523451945e-66,0.9428443123323,11.3660494036841,657.675021928655,3.05940800773061,0.0335453924853511,3179.22131374664,1.18979790010795,4.56746058774011e-101,0.987651111957347,5.2831597010629,638.896774903173,0.990039005668372,4.79123797751344,660.101245134897,TRUE,3.02431404620439,0.0295910347694448,4.23780662959875,2023-06-22 13:52:22,2023-06-22 13:53:14,0.001,0,19.3566666666667
1,"Jun","OWC","TR",61,"2023_06_22_OWC_TR_61_b_1",2023-06-22 13:46:40.5,438.070097169239,5.68484025466856,1.6841982569158e-38,0.961655186217389,13.4715584105716,461.005347247039,4.2026138444204,0.14545229108199,3324.13351066982,5.11191175129539,1.06344335659649e-33,0.941364158568948,16.6588916230423,411.730698044152,0.978137374947131,10.3736680064828,467.778023548941,TRUE,3.87221507245065,0.0927262743166042,8.92069534596668,2023-06-22 13:46:14,2023-06-22 13:47:07,0.001,0,19.1
2,"Jun","OWC","TR",61,"2023_06_22_OWC_TR_61_b_2",2023-06-22 13:48:04.5,NA,NA,NA,NA,NA,362.328372563663,3.47810240166012,0.0583332609842909,3601.39367063611,2.0501188403343,1.49571968582592e-49,0.98558400011033,6.68100492283181,362.887378984485,0.986473961711332,6.59965726871345,362.422032174762,TRUE,3.49195886138134,0.0538703361787231,5.04956121499201,2023-06-22 13:47:38,2023-06-22 13:48:31,0.001,0,19.1
1,"Jun","OWC","TR",63,"2023_06_22_OWC_TR_63_1",2023-06-22 14:02:19.5,457.250551372055,4.61568163474488,3.36405512882008e-33,0.938711779783426,16.0896704129196,383.523202324863,4.05985251814321,0.0709816127891005,3483.27751047455,2.49464438025225,1.25953621681416e-48,0.984353200681191,8.12964158822238,366.604064102362,0.989378556481193,6.83072945706504,383.624387360108,TRUE,4.06681819259786,0.0558147085620662,5.72837525578748,2023-06-22 14:01:53,2023-06-22 14:02:46,0.001,0,19.9
2,"Jun","OWC","TR",63,"2023_06_22_OWC_TR_63_2",2023-06-22 14:03:47,379.282935972841,2.76981582009655,1.72136154742307e-31,0.946266295119006,11.1440683046981,273.26010163551,3.31903239818367,0.0381577222711822,3256.16722444276,1.40511635057808,1.38931600665261e-53,0.993826233268129,3.77742178416203,276.367175923282,0.993937718773187,3.82543726482446,273.262005122641,TRUE,3.31747389313814,0.0415520600743732,3.67555529980964,2023-06-22 14:03:23,2023-06-22 14:04:11,0.001,0,19.9
1,"Jun","OWC","TR",64,"2023_06_22_OWC_TR_64_1",2023-06-22 14:07:12.5,409.487122225782,2.01914742275218,3.90755139781952e-29,0.912199902380662,10.3390036253001,286.932308741719,2.18689385898847,0.0290221909613657,3134.57351620965,1.01998310181388,8.86814579240641e-55,0.990924948732558,3.32395956290641,289.662239947593,0.991135901547439,3.35015687153111,286.948236696767,TRUE,2.18989092026956,0.0312648495628341,3.31901961717774,2023-06-22 14:06:46,2023-06-22 14:07:39,0.001,0,19.76
2,"Jun","OWC","TR",64,"2023_06_22_OWC_TR_64_2",2023-06-22 14:08:40.5,342.232013889847,1.78544283663839,7.89979464456163e-31,0.939131148914663,7.12630311634558,279.921490143089,1.94390452113465,0.0374520519891905,3098.02643152322,1.36610177940974,7.92290544601312e-44,0.982494570455392,3.82166948646376,281.04638851887,0.983472774357681,3.79322339055968,280.081978517799,TRUE,1.95736158069645,0.0345838956199102,3.50350367757528,2023-06-22 14:08:16,2023-06-22 14:09:05,0.001,0,19.6733333333333
1,"Jun","OWC","TR",65,"2023_06_22_OWC_TR_65_1",2023-06-22 14:34:45.5,546.576624063009,16.292774324109,8.07487058787263e-38,0.959274246983654,36.7916435697952,473.068904447917,11.4185751913697,0.162641393975493,3162.68697169763,5.71602170667582,3.38710322648517e-53,0.989560396762688,18.6275880256226,380.889358107746,0.998241424919753,7.79671671094294,477.38853562472,TRUE,11.1302051730577,0.124515621032554,13.2267976776583,2023-06-22 14:34:19,2023-06-22 14:35:12,0.001,0,21.9
2,"Jun","OWC","TR",65,"2023_06_22_OWC_TR_65_2",2023-06-22 14:36:14,445.684211535975,7.43172980707834,4.00139457785983e-32,0.955809493610479,26.5836305859261,281.11346076337,9.11609188539511,0.0496379948844508,3151.74185826308,1.86324397904129,2.38616482816782e-66,0.998667569600252,4.61606664559932,281.490994824605,0.998766407184893,4.54368011814429,281.260995471959,TRUE,9.10796245492499,0.0511598147280023,4.79083985076178,2023-06-22 14:35:51,2023-06-22 14:36:37,0.001,0,21.7066666666667
1,"Jun","OWC","TR",66,"2023_06_22_OWC_TR_66_b_1",2023-06-22 14:29:05.5,497.980651706891,9.41292535531693,1.55762248148601e-36,0.954368620951614,23.4602625717682,414.638884782017,6.88097077150118,0.0946824858516718,3244.58101002445,3.32761009446175,5.72259446062496e-54,0.990250367785346,10.84414180533,352.189942579894,0.997151781827813,5.97729055966864,420.31112613461,TRUE,6.68069575491606,0.0730224298533707,6.71378121639624,2023-06-22 14:28:39,2023-06-22 14:29:32,0.001,0,21.5
2,"Jun","OWC","TR",66,"2023_06_22_OWC_TR_66_b_2",2023-06-22 14:30:30.5,499.729405073867,6.01998111610108,8.40390876590688e-33,0.936517905986964,23.8432270598597,359.726763041855,5.94403927631144,0.0569448620910645,3287.17010117971,2.00132364731965,4.33072762645088e-62,0.995250134209691,6.52198929977248,323.249126659174,0.997755392879137,4.57221085592217,361.827149929609,TRUE,5.87807114163896,0.0484177436859245,5.49820609707015,2023-06-22 14:30:04,2023-06-22 14:30:57,0.001,0,21.56
1,"Jun","OWC","TR",68,"2023_06_22_OWC_TR_68_1",2023-06-22 14:39:13.5,556.267788919549,13.4839282966445,1.24440559894972e-33,0.941009097325788,40.2457235257413,415.008809895144,10.4103401620692,0.0950073514345986,3225.04377335565,3.3390274752304,3.50947123132134e-63,0.995687679229267,10.8813491981993,367.803624591796,0.998329317795336,6.90702155853965,417.451282174537,TRUE,10.2766486696208,0.0689051149378241,7.66434869021704,2023-06-22 14:38:47,2023-06-22 14:39:40,0.000983333333333333,0,22.105
2,"Jun","OWC","TR",68,"2023_06_22_OWC_TR_68_2",2023-06-22 14:40:39.5,525.123260496606,8.45981811283988,3.6841436745869e-31,0.933919721415625,36.3153906346103,321.173661454812,9.22404533049137,0.047215195075369,3558.82869298872,1.69021166096309,9.30273621196031e-74,0.998691655403671,5.10994069717627,324.664872662221,0.998704394347264,5.18985934798877,321.181625269867,TRUE,9.22507089735569,0.0502674723936391,5.53965970951505,2023-06-22 14:40:14,2023-06-22 14:41:05,0.000433333333333333,0,22.4866666666667
1,"Jun","OWC","TR",71,"2023_06_22_OWC_TR_71_1",2023-06-22 14:45:22.5,571.117150843635,11.3171249449337,1.51732791988742e-31,0.929055658410456,46.1777390075338,371.700449089734,10.9060125120525,0.0636214661408653,3037.69620173144,2.23597248266652,2.93158446092411e-73,0.998233511347621,7.28667181146217,330.304293456033,0.999237898694105,4.88086511748677,371.716165805699,TRUE,10.9050503642879,0.067490078041031,8.22582511862563,2023-06-22 14:44:56,2023-06-22 14:45:49,0.001,0,22.4
2,"Jun","OWC","TR",71,"2023_06_22_OWC_TR_71_2",2023-06-22 14:46:46.5,NA,NA,NA,NA,NA,349.401481050908,9.56183647692589,0.0517528242249963,3024.71847918678,1.81884979844941,5.99088200723105e-75,0.99847900507072,5.9273366100819,338.621096410706,0.998843204302857,5.27157888888977,350.100274595753,TRUE,9.60015714759187,0.0466314733375021,5.44068823022573,2023-06-22 14:46:20,2023-06-22 14:47:13,0.001,0,22.23
1,"Jun","OWC","TR",72,"2023_06_22_OWC_TR_72_1",2023-06-22 14:49:23.5,488.342821012322,5.6210205720027,1.63448624113135e-30,0.922274606917117,21.4573847257291,347.567410246058,4.8319561433674,0.050881371180472,3045.24505522301,1.78822263523412,5.76609285778844e-60,0.99426705155014,5.82752765062647,348.106824465452,0.994622922342822,5.75552770152353,348.104499172779,TRUE,4.80222504009178,0.0462379437305499,4.04920749921885,2023-06-22 14:48:57,2023-06-22 14:49:50,0.001,0,22.4733333333333
2,"Jun","OWC","TR",72,"2023_06_22_OWC_TR_72_2",2023-06-22 14:50:48.5,NA,NA,NA,NA,NA,348.849807494785,5.06046758001232,0.0514891402535077,3073.97007494507,1.80958264162119,9.76642697471988e-61,0.994645466527741,5.89713644842693,337.004423403521,0.996007128918832,5.19325528230925,349.619560936531,TRUE,5.01678765419954,0.0403419251716513,3.84699298688905,2023-06-22 14:50:22,2023-06-22 14:51:15,0.001,0,22.92
1,"Jun","OWC","UP",50,"2023_06_22_OWC_UP_50_1",2023-06-22 12:59:20.5,509.769508146791,12.4751028387861,2.10711051344586e-36,0.953835702738073,26.1660851845649,481.659301682431,7.56174704030733,0.17610641717312,3616.47730703068,6.18924911205656,2.76469918404988e-42,0.972569724906532,20.1697594172343,448.979362371275,0.986093043279379,14.6459773336404,484.702068663148,TRUE,7.29602654746998,0.118772746326419,12.8162336338524,2023-06-22 12:58:54,2023-06-22 12:59:47,0.001,0,20.8566666666667
2,"Jun","OWC","UP",50,"2023_06_22_OWC_UP_50_2",2023-06-22 13:00:45.5,513.344268500097,8.92302335720245,1.63743375298501e-33,0.940383786115893,27.0466660559043,434.719618645532,6.92577018137475,0.114030021539007,3409.58164938654,4.00757803654761,5.80047083711177e-50,0.986099628759004,13.0600470880221,410.012760731584,0.991831322133935,10.2099613430998,440.432307045426,TRUE,6.69472091012796,0.0705008458320684,6.78563871608879,2023-06-22 13:00:19,2023-06-22 13:01:12,0.001,0,20.9
1,"Jun","OWC","UP",51,"2023_06_22_OWC_UP_51_1",2023-06-22 13:09:38.5,447.625104246574,6.45045967708528,2.26419180238702e-36,0.953707978108352,14.717731132542,404.653308865722,4.26167194518261,0.0863207494669727,3383.77833518794,3.03373738769165,2.31108755346912e-45,0.979111565254408,9.88645829840857,375.18194901198,0.988761384653506,7.39538627980956,409.197961338335,TRUE,4.10042246509409,0.0546979085795192,5.5758198520709,2023-06-22 13:09:12,2023-06-22 13:10:05,0.001,0,20.6833333333333
2,"Jun","OWC","UP",51,"2023_06_22_OWC_UP_51_2",2023-06-22 13:11:03.5,450.539445337173,4.32045381641461,7.80740991319774e-34,0.942056164859195,15.1202908417361,384.579727251252,3.92095095036225,0.0716794077995453,3328.27113659618,2.5191683426275,1.23353055838142e-47,0.982918467299601,8.20956120562839,368.347653798155,0.988256147713808,6.94190212812679,388.789130897286,TRUE,3.79414420537494,0.0464991386975984,5.32300881442909,2023-06-22 13:10:37,2023-06-22 13:11:30,0.001,0,20.5
1,"Jun","OWC","UP",52,"2023_06_22_OWC_UP_52_1",2023-06-22 13:04:50.5,435.421149131396,5.7588136378571,1.35633065457235e-36,0.959918692036706,15.3286148647373,342.910015544911,4.98550066411149,0.0581903291462721,3266.45970407278,2.13606862302903,6.44683794169541e-56,0.993234407582241,6.29774229698646,313.699504082798,0.996427783945324,4.67051974485605,344.498063995304,TRUE,4.92304248234828,0.0598997330061656,5.09928329729002,2023-06-22 13:04:25,2023-06-22 13:05:16,0.001,0,20.8475409836066
2,"Jun","OWC","UP",52,"2023_06_22_OWC_UP_52_2",2023-06-22 13:06:14.5,477.620070516425,4.49632436521841,2.00365379084277e-30,0.921664393072706,19.4293369077552,302.099021351543,4.36409503045763,0.0333979081270742,3332.8545688893,1.17376741028601,3.82948797087939e-67,0.996963782642625,3.82511769176347,298.487138781362,0.997362974276991,3.63540018942276,302.229228268215,TRUE,4.35242852128724,0.038323983030749,3.48339118064826,2023-06-22 13:05:48,2023-06-22 13:06:41,0.001,0,20.7
1,"Jun","OWC","UP",55,"2023_06_22_OWC_UP_55_1",2023-06-22 12:53:54.5,NA,NA,NA,NA,NA,331.629191810792,5.57554647686508,0.0439002832115134,3238.21137511628,1.542872731428,1.67348278531071e-66,0.996786596249154,5.02797209175082,321.185609610436,0.997540748612943,4.4856805561323,331.882668312134,TRUE,5.55443079563845,0.0453858272077697,4.99839640229173,2023-06-22 12:53:28,2023-06-22 12:54:21,0.001,0,21.03
2,"Jun","OWC","UP",55,"2023_06_22_OWC_UP_55_2",2023-06-22 12:55:21.5,393.78356370064,4.94951522359185,1.567782343228e-37,0.967982037455261,11.9330051273049,323.151143821012,4.51020741568709,0.057705820174945,3313.24928154557,2.10487862310038,2.92420576233117e-52,0.992203704560316,5.88839757612221,290.171014367002,0.996278800404676,4.15562324117486,323.481982456409,TRUE,4.47765546751031,0.0544120693468516,5.06445975017383,2023-06-22 12:54:57,2023-06-22 12:55:46,0.001,0,20.7466666666667
1,"Jun","OWC","UP",56,"2023_06_22_OWC_UP_56_1",2023-06-22 12:48:27.5,500.629443404929,6.82178147255184,3.49441418070369e-32,0.932946081028719,24.0427593462016,336.997745446129,5.83638415283052,0.0461376630016922,3432.86685371968,1.62150530542492,2.05774635225325e-66,0.996760948864032,5.28422290201247,308.3940619396,0.998229063485572,3.98465194953337,337.255546034453,TRUE,5.81337798459094,0.0490066133512077,4.95828627726085,2023-06-22 12:48:01,2023-06-22 12:48:54,0.001,0,21.5
2,"Jun","OWC","UP",56,"2023_06_22_OWC_UP_56_2",2023-06-22 12:49:52.5,506.240591515092,5.07458513429044,1.64365187670069e-28,0.907221469573859,25.3249217330933,317.19055514818,5.22747349140151,0.0384066142608881,3173.28551189073,1.34979807679367,4.62179500999423e-68,0.997200925965642,4.39877309474258,318.509521893505,0.997336503065363,4.37589746892093,317.226781360284,TRUE,5.22350891288388,0.0425876884412825,4.39817355869921,2023-06-22 12:49:26,2023-06-22 12:50:19,0.001,0,21.3
1,"Jun","OWC","W",67,"2023_06_22_OWC_W_67_1",2023-06-22 14:55:32.5,589.880201522708,21.0623222720968,1.85793311030971e-34,0.945165510885119,54.9393468973206,492.688140827507,14.7046678982692,0.19504052087145,3001.37602200234,6.85468701252373,8.62644303512607e-55,0.990934587176354,22.3383136499904,446.085883743885,0.996448437850964,14.2587997758325,493.10230656556,TRUE,14.69375291448,0.152049264924353,18.4430054115249,2023-06-22 14:55:06,2023-06-22 14:55:59,0.001,0,22.9333333333333
2,"Jun","OWC","W",67,"2023_06_22_OWC_W_67_2",2023-06-22 14:57:00.5,475.563239678403,10.492053132979,2.39051879300239e-34,0.962124425616973,32.9050131207619,291.992310080633,11.9427619368759,0.050655711370933,3047.16458207043,1.88325281877966,1.47784165275287e-72,0.999173113583725,4.86189284975414,276.218984153213,0.999452302541672,4.04580917413023,292.066120902202,TRUE,11.9417362871214,0.0490642150850649,5.34021482343957,2023-06-22 14:56:37,2023-06-22 14:57:24,0.001,0,22.8
1,"Jun","OWC","W",69,"2023_06_22_OWC_W_69_1",2023-06-22 15:01:01.5,529.143237201358,12.6441071507876,3.09240288866615e-34,0.94408158890388,31.3072748468573,438.129365425605,8.29242352206816,0.117687580449549,3344.37937342505,4.13612271767137,2.81203884962174e-53,0.989634825163385,13.4789533633537,416.790569273601,0.99351679719721,10.8712461142625,443.39251895007,TRUE,8.0568361252244,0.0415649343593459,4.18366814840004,2023-06-22 15:00:35,2023-06-22 15:01:28,0.001,0,22.6
2,"Jun","OWC","W",69,"2023_06_22_OWC_W_69_2",2023-06-22 15:02:29,426.23865845491,8.76648058994673,3.13448005233992e-39,0.974813919369631,17.9941623438815,349.08704921304,7.83161957587651,0.0827209188724478,3283.386687056,3.0461072811545,2.64540199162546e-55,0.99478380166429,8.18895317529662,262.457051634805,0.999179484878434,3.31922968888119,351.451629818415,TRUE,7.72104785225903,0.0664710228356028,6.48322170639947,2023-06-22 15:02:05,2023-06-22 15:02:53,0.001,0,22.6
1,"Jun","OWC","W",70,"2023_06_22_OWC_W_70_1",2023-06-22 15:05:54.5,602.661152246354,15.4718725554548,2.44367506937092e-32,0.933860978935378,61.8413311255786,410.310185517788,15.125791267748,0.0909626052603797,3069.33648715471,3.19687512173229,1.42116444089119e-72,0.998122945173036,10.4180977247588,346.043676839389,0.999469794513971,5.64662213213696,411.649875346191,TRUE,15.0496996617719,0.0848526273636969,8.10748456407272,2023-06-22 15:05:28,2023-06-22 15:06:21,0.001,0,22.4
2,"Jun","OWC","W",70,"2023_06_22_OWC_W_70_2",2023-06-22 15:07:19.5,592.046352890076,12.8108470157669,7.96850443265137e-31,0.92438967139907,56.0523878156756,344.901166156746,12.8295288685717,0.0496406186355374,3163.00899148026,1.74461646397536,1.60653402588053e-82,0.999222109742324,5.68542220819362,317.781620086499,0.999562840740435,4.34650382249696,345.27840330715,TRUE,12.808607618915,0.0524565855593473,5.0869962536178,2023-06-22 15:06:53,2023-06-22 15:07:46,0.001,0,22.4
1,"Jun","CRC","TR",33,"2023_06_29_CRC_TR_33_1",2023-06-29 10:28:13.5,523.637365302454,28.7868919161056,6.55734260422576e-46,0.980099126763014,29.7512217507966,572.93408579305,12.9449915073172,0.410027957032347,3474.10666802448,14.4104071260849,1.35309708979401e-35,0.950416116904792,46.9611805204838,505.756533599503,0.986729241244993,24.776119389934,581.131044271563,TRUE,11.9286709060365,0.180629252850686,19.2962786749774,2023-06-29 10:27:47,2023-06-29 10:28:40,0.001,0,22.7
2,"Jun","CRC","TR",33,"2023_06_29_CRC_TR_33_2",2023-06-29 10:29:37.5,542.482429739399,8.99199291963678,5.80670618956074e-33,0.937413040694135,35.4230074070344,410.464385072007,8.89073175584425,0.0910925720308082,3470.86910179389,3.2014427958204,1.3994863667871e-60,0.994570873075379,10.4329830340727,380.822527522345,0.997088172265067,7.79189358169204,411.622647828515,TRUE,8.80468446905993,0.0897982947572457,9.97271381809711,2023-06-29 10:29:11,2023-06-29 10:30:04,0.001,0,22.42
1,"Jun","CRC","TR",34,"2023_06_29_CRC_TR_34_1",2023-06-29 10:32:21.5,553.184493069965,18.6476828131937,2.12011354880368e-37,0.957735064493573,39.1129930464004,488.892663926029,11.9014146478392,0.188305196400533,3408.91113609871,6.6179744516177,7.52164800225395e-51,0.987149684470625,21.5669057912873,437.166641641675,0.995421346358286,13.1285424003399,492.466065039105,TRUE,11.6084548179581,0.116937331668626,14.6791861380093,2023-06-29 10:31:55,2023-06-29 10:32:48,0.001,0,21.9733333333333
2,"Jun","CRC","TR",34,"2023_06_29_CRC_TR_34_2",2023-06-29 10:33:46.5,545.504193241572,8.89323857781256,1.67521374208203e-31,0.928785419474886,36.428113574026,368.559406225337,8.58309253289777,0.0617977651452751,3445.34996257286,2.17187862425523,1.61886201641981e-68,0.997311610635613,7.0778003181885,355.1361564887,0.998053000456177,6.14259407079419,368.55950205696,TRUE,8.5836829463851,0.0666779348443561,5.91773461985719,2023-06-29 10:33:20,2023-06-29 10:34:13,0.001,0,21.9
1,"Jun","CRC","TR",36,"2023_06_29_CRC_TR_36_1",2023-06-29 10:50:41.5,439.562911577853,22.9552013243484,8.66830413531292e-32,0.930564904056387,13.6590599530972,487.983059059221,2.97296802930626,0.18672589967039,3257.25004612462,6.56247016596124,1.22087338565596e-21,0.829785085300896,21.3860263230275,451.18590759848,0.92003739899733,14.9482866415017,489.210624931554,TRUE,2.8390408782636,0.155705323220687,12.5541054197654,2023-06-29 10:50:15,2023-06-29 10:51:08,0.001,0,21.7
2,"Jun","CRC","TR",36,"2023_06_29_CRC_TR_36_2",2023-06-29 10:52:06.5,378.005002282223,4.08987977781756,3.5800578691081e-29,0.936447550794196,11.9101786244706,330.188550193872,3.29911192855947,0.0754092153495728,3263.26969213859,2.80352626634982,3.93193862408533e-39,0.976530787600562,7.23771347773505,334.098350227338,0.976574848733775,7.39342903008616,330.23702189449,TRUE,3.2963143527599,0.0797617648723612,8.0439026536166,2023-06-29 10:51:43,2023-06-29 10:52:30,0.001,0,21.7
1,"Jun","CRC","TR",37,"2023_06_29_CRC_TR_37_1",2023-06-29 10:46:38.5,NA,NA,NA,NA,NA,339.546561993204,5.58196794437163,0.0472394691760289,3223.1030629633,1.6602282151044,7.04139670772411e-65,0.996289569777433,5.41041458666272,332.207629526362,0.996992324257262,4.96764539596228,339.570832151785,TRUE,5.58916140220457,0.0421906917154783,5.28781064426186,2023-06-29 10:46:12,2023-06-29 10:47:05,0.001,0,21.7
2,"Jun","CRC","TR",37,"2023_06_29_CRC_TR_37_2",2023-06-29 10:48:03.5,486.184932545223,4.09809623739143,2.78176378233324e-30,0.920671134727512,21.03291125607,298.509628029897,4.69597902280741,0.0323061670953083,3475.82273276829,1.13539823941809,1.52678923803452e-69,0.997544983551591,3.70007878454981,296.797335527633,0.997791418914216,3.57896220629821,299.962505644241,TRUE,4.66167139000465,0.0250177899349648,2.24488132016325,2023-06-29 10:47:37,2023-06-29 10:48:30,0.001,0,21.7666666666667
1,"Jun","CRC","TR",39,"2023_06_29_CRC_TR_39_1",2023-06-29 10:41:27.320755,602.230775158375,17.4909590547825,1.65139222988506e-28,0.9114565870191,68.3822467690057,467.694429033819,14.3294078701953,0.168396912917479,3402.09676372856,5.89811171185711,1.22518968269337e-56,0.993005869139206,19.219058718569,467.168802815154,0.993578304528525,18.787852335478,467.792536716378,TRUE,14.2910188280939,0.120459449409255,13.584322563781,2023-06-29 10:41:01,2023-06-29 10:41:54,0.001,0,21.7
2,"Jun","CRC","TR",39,"2023_06_29_CRC_TR_39_2",2023-06-29 10:42:52.792453,562.59822137172,12.9759923205822,7.88466445424272e-32,0.934367165712527,47.050487341351,405.401879175305,11.5403280012396,0.0941189538361907,3443.09773870326,3.33245100551453,1.08811602844663e-64,0.9966192168876,10.6785479396329,377.818702206043,0.998136980845134,8.08721994564079,405.921309800821,TRUE,11.4868220280751,0.0912731495373991,11.738411955174,2023-06-29 10:42:26,2023-06-29 10:43:19,0.001,0,21.7
1,"Jun","CRC","TR",40,"2023_06_29_CRC_TR_40_1",2023-06-29 10:36:43.5,533.652461470083,11.6383887780343,1.89305075219279e-34,0.94512604753556,32.6420903399954,434.724444449443,8.73483937550068,0.114035116898436,3394.69667354948,4.00775711263882,3.80977524693377e-55,0.991215063735904,13.0606306679704,405.117777894028,0.995285264629058,9.75753620774914,438.715351291877,TRUE,8.52326961513865,0.0723791758126226,7.69415714767749,2023-06-29 10:36:17,2023-06-29 10:37:10,0.001,0,21.9
2,"Jun","CRC","TR",40,"2023_06_29_CRC_TR_40_2",2023-06-29 10:38:08.584906,516.839412387097,8.11404193555969,1.52638152449781e-31,0.932647101462212,30.555183586091,438.040407359153,7.29081099732208,0.126955748707895,3543.82451404154,4.47906823134414,5.09364110429894e-48,0.984771445377373,14.5290124184454,424.521202261199,0.989057861868739,12.5644909185199,440.06020234316,TRUE,7.14428643172528,0.106929449731811,9.38909893644722,2023-06-29 10:37:42,2023-06-29 10:38:35,0.000423728813559322,0,21.7
1,"Jun","CRC","UP",25,"2023_06_29_CRC_UP_25_a_1",2023-06-29 09:16:03.5,459.411458700894,7.87503103203284,4.52203401227036e-38,0.960171683458919,16.4148412195185,457.872093096573,5.07743405305121,0.141293109575062,3409.76310899071,4.9657375751248,2.15378269943252e-38,0.961291029859794,16.1825336815547,399.887085119833,0.987717188553642,9.29621743798391,459.456340452474,TRUE,5.21425714056797,0.14521409338091,13.9297932035381,2023-06-29 09:15:37,2023-06-29 09:16:30,0.001,0,20.1
2,"Jun","CRC","UP",25,"2023_06_29_CRC_UP_25_a_2",2023-06-29 09:17:28.5,NA,NA,NA,NA,NA,366.404448308301,3.77347666794222,0.0605769154337554,3410.04452983025,2.12897193684275,1.58420789547463e-50,0.98677629884289,6.93797438020609,360.426640208997,0.989007243700227,6.45098672940064,366.979408386434,TRUE,3.72867260327768,0.0555632509230346,4.75177568086363,2023-06-29 09:17:02,2023-06-29 09:17:55,0.00085,0,20.1
1,"Jun","CRC","UP",26,"2023_06_29_CRC_UP_26_1",2023-06-29 09:20:52.5,399.189750407266,3.19068628548495,2.7490649586898e-33,0.939185264597876,9.39875720114611,374.646545197195,2.35284626400798,0.0653808628715457,3427.72747652057,2.29780637167474,2.00542011815023e-38,0.96139706468502,7.48817843085132,357.252638710895,0.974024731739885,6.26415809884654,375.462937260724,TRUE,2.29609443067404,0.0575630177523122,5.00268935520466,2023-06-29 09:20:26,2023-06-29 09:21:19,0.001,0,19.99
2,"Jun","CRC","UP",26,"2023_06_29_CRC_UP_26_2",2023-06-29 09:22:19,373.643130828598,3.59474768497973,3.70042537189617e-26,0.900077920967909,9.07395801241814,359.61535799374,1.83756984010639,0.0752295265995606,3489.89182150773,2.71834445393805,4.32650307099117e-29,0.924106100683726,7.90805111768719,360.444769235137,0.928680634514812,7.82742438515804,359.955544264741,TRUE,1.80369104571739,0.0693519608745487,7.78362751170771,2023-06-29 09:21:54,2023-06-29 09:22:44,0.001,0,19.7066666666667
1,"Jun","CRC","UP",27,"2023_06_29_CRC_UP_27_1",2023-06-29 09:26:50.5,426.443108687034,2.94634948663013,2.20706980320243e-30,0.921372981613441,12.0965873772932,352.944296205754,2.688629827676,0.0534786681958553,3414.80046790382,1.87950447779416,9.16270018963035e-46,0.979841495362586,6.12500037635847,346.660852948117,0.983336976025867,5.67898265839394,353.062660079257,TRUE,2.67083935641451,0.0556743061315866,5.92023419251838,2023-06-29 09:26:24,2023-06-29 09:27:17,0.001,0,19.9
2,"Jun","CRC","UP",27,"2023_06_29_CRC_UP_27_2",2023-06-29 09:28:15.5,NA,NA,NA,NA,NA,433.550929643467,1.90969051170853,0.112802732842164,3428.87652528493,3.96444505139521,8.32916446176941e-23,0.846429620175896,12.919483682394,418.810508516372,0.891460503829726,11.0764858961409,433.552585279873,TRUE,1.91283321980503,0.123291296050567,15.1068656330011,2023-06-29 09:27:49,2023-06-29 09:28:42,0.001,0,19.9
1,"Jun","CRC","UP",28,"2023_06_29_CRC_UP_28_1",2023-06-29 09:32:30.5,436.219479805085,13.3753849559712,4.2798742360411e-39,0.963621911076373,13.242685108258,510.860946373204,4.04235420110547,0.230782118239279,3544.70025912263,8.1108232358554,1.83745862240101e-23,0.855075050084021,26.4318579493335,439.983455168983,0.963780566414829,13.4754603026779,522.809701244548,TRUE,3.34857670428127,0.104307275918817,9.26501125815169,2023-06-29 09:32:04,2023-06-29 09:32:57,0.001,0,19.9
2,"Jun","CRC","UP",28,"2023_06_29_CRC_UP_28_2",2023-06-29 09:33:56.5,477.282449934859,4.02843116602302,1.54399067171183e-23,0.856038780932375,19.3686933759016,476.578073878738,2.97696105679912,0.168012780305111,3642.39879948629,5.90479874617701,1.09876216251547e-23,0.857904417091048,19.2427817916676,469.657556761942,0.883921329897698,17.7366030978529,477.630610398215,TRUE,3.07408737040164,0.141602711513592,15.3189757182503,2023-06-29 09:33:30,2023-06-29 09:34:23,0.001,0,19.9
1,"Jun","CRC","UP",29,"2023_06_29_CRC_UP_29_1",2023-06-29 09:37:35.5,510.640216115478,9.87438279207096,3.34589615493337e-18,0.769526392391142,26.3778917197163,542.016340781378,2.65259591342208,0.307953848274916,3631.19040718407,10.8230189029185,1.38280776313229e-11,0.587937226365693,35.2704639105258,444.740916881648,0.936837871561314,14.0823303856446,543.164548982794,TRUE,2.35015613093731,0.29252365129936,29.3558487879621,2023-06-29 09:37:09,2023-06-29 09:38:02,0.001,0,20.1
2,"Jun","CRC","UP",29,"2023_06_29_CRC_UP_29_2",2023-06-29 09:39:01.5,NA,NA,NA,NA,NA,370.027363970715,2.47269227860353,0.0626434672685337,3832.33277115819,2.20160077293933,1.93550486869329e-40,0.967703383040794,7.17465998201326,355.662835996236,0.977014153998506,6.172622586488,370.048047949321,TRUE,2.4698244515595,0.0665167679471022,7.52745694876708,2023-06-29 09:38:35,2023-06-29 09:39:28,0.001,0,20.1
1,"Jun","CRC","UP",30,"2023_06_29_CRC_UP_30_1",2023-06-29 09:41:25.5,NA,NA,NA,NA,NA,464.850540551792,0.711782054504925,0.150724215302564,3670.24630720016,5.29719320114136,1.80411525656169e-05,0.300145782921861,17.2626938291273,460.208570106677,0.403645336949352,16.2507629545289,465.108681171526,TRUE,0.71543244408123,0.159796724081791,16.1788556527505,2023-06-29 09:40:59,2023-06-29 09:41:52,0.001,0,20.3
2,"Jun","CRC","UP",30,"2023_06_29_CRC_UP_30_2",2023-06-29 09:42:51.5,480.894886020272,3.20847698756977,1.87826710887664e-18,0.774561185774919,20.0275034494906,446.173902698396,2.49341890662208,0.126788449582436,3427.1922400712,4.45597219904657,9.69599474329405e-26,0.881481671952338,14.5212909671994,438.47168807792,0.904573154567997,13.2881469689938,446.176070028991,TRUE,2.49810859509152,0.12836329560561,18.9618695251903,2023-06-29 09:42:25,2023-06-29 09:43:18,0.001,0,20.3
1,"Jul","CRC","TR",33,"2023_07_13_CRC_TR_33_1",2023-07-13 10:32:59.5,595.481737589448,20.3362553967075,7.72652732007478e-35,0.946983186961829,57.8640253548013,485.728313204997,15.767558228378,0.182867982968576,3569.01200078514,6.42688392268643,8.4742151994907e-58,0.993054192303423,20.9441727382667,430.051439187894,0.997699765735602,12.2914901477665,488.107381482616,TRUE,15.5339434365944,0.172871567362381,16.5303832806873,2023-07-13 10:32:33,2023-07-13 10:33:26,0.001,0,20.7
2,"Jul","CRC","TR",33,"2023_07_13_CRC_TR_33_2",2023-07-13 10:34:28.5,437.304477811168,9.61422658726193,4.62444159750903e-35,0.969734244259325,26.8799188909907,313.917359683176,11.370643109395,0.0780771960812486,4078.04884230479,2.95921843382207,1.07363968678861e-60,0.99792971093003,7.03020011110482,303.227129540079,0.998495688353759,6.13370372422378,314.313311417125,TRUE,11.3225910557632,0.0673978832565952,6.26326309474082,2023-07-13 10:34:06,2023-07-13 10:34:51,0.001,0,20.8266666666667
1,"Jul","CRC","TR",34,"2023_07_13_CRC_TR_34_3_1",2023-07-13 10:27:53.5,551.542794137529,14.3882453731848,3.65865619541002e-35,0.948484335825711,38.5229357902864,487.47924835043,10.6018863263928,0.185856867967415,3293.29862845459,6.53192810064454,1.4440923776974e-48,0.984270719724528,21.286494683827,457.545559222976,0.99160931375267,15.8549594516628,488.094980505326,TRUE,10.4601286493512,0.0864249427030827,6.42374541122139,2023-07-13 10:27:27,2023-07-13 10:28:20,0.001,0,20.7
2,"Jul","CRC","TR",34,"2023_07_13_CRC_TR_34_3_2",2023-07-13 10:29:20.5,NA,NA,NA,NA,NA,324.323019800575,9.01146416171533,0.0583860386946268,3357.17652353252,2.12969028710194,2.19250789255021e-66,0.997989082149079,5.95780820178154,323.42767593719,0.998176633745982,5.79519444779421,325.791993402355,TRUE,9.07567090495215,0.0534860578344503,5.02342541558921,2023-07-13 10:28:56,2023-07-13 10:29:45,0.001,0,20.7
1,"Jul","CRC","TR",36,"2023_07_13_CRC_TR_36_1",2023-07-13 10:38:17.5,523.844819705864,9.33833714808768,1.65450294270725e-34,0.945409276398477,29.8084250248242,458.729301335198,7.96666920530506,0.142419031370747,3198.26590348454,5.00530802682126,3.93026527222087e-48,0.983653381798534,16.3114873682296,425.966954741955,0.99172501720632,11.8353150712768,462.988714723501,TRUE,7.70593734660202,0.0636404970184348,5.83468515278394,2023-07-13 10:37:51,2023-07-13 10:38:44,0.000516666666666667,0,20.8033333333333
2,"Jul","CRC","TR",36,"2023_07_13_CRC_TR_36_2",2023-07-13 10:39:42.5,531.521155756453,8.06112793062047,8.46524686008102e-32,0.930628091629428,32.0042356518703,414.735675729675,7.61995226718319,0.0947673795126665,3183.56880538398,3.33059367691358,3.11818187527187e-56,0.992021200731963,10.8538648168238,392.153652813606,0.995123009889975,8.65382773376119,415.633952742494,TRUE,7.53340499930671,0.0686082120674473,6.91179258057117,2023-07-13 10:39:16,2023-07-13 10:40:09,0.001,0,20.9
1,"Jul","CRC","TR",37,"2023_07_13_CRC_TR_37_1",2023-07-13 10:43:16.5,533.288157998057,10.4083581921721,1.76180403081873e-34,0.945277321305544,32.5321681818793,418.30938062108,8.72745551668169,0.0979556781099053,3432.37444873102,3.44264623342282,1.55940244494575e-58,0.993491938711163,11.2190259318409,364.887998164868,0.997752805223405,6.72305033451312,419.917057894463,TRUE,8.62178202940441,0.0849185427832586,10.2176899983939,2023-07-13 10:42:50,2023-07-13 10:43:43,0.001,0,20.9
2,"Jul","CRC","TR",37,"2023_07_13_CRC_TR_37_2",2023-07-13 10:44:44.5,418.616783746873,8.51516483626,8.87531683693061e-37,0.970299066839597,18.1820123213696,352.278984811072,7.42734396823851,0.0949203558934953,3381.68072103468,3.52890173601566,1.3759790213841e-50,0.992543090986281,9.11037644374123,336.25922971333,0.995086125395198,7.56173603536704,352.383695412309,TRUE,7.40180033720863,0.100595800974777,9.77218936912816,2023-07-13 10:44:21,2023-07-13 10:45:08,0.001,0,20.9
1,"Jul","CRC","TR",39,"2023_07_13_CRC_TR_39_1",2023-07-13 10:49:00.5,NA,NA,NA,NA,NA,393.302018433524,13.6119915756189,0.0777085633945483,3349.02850969934,2.73106264217559,9.54171445868087e-74,0.998308147971286,8.90009037425453,360.67622315986,0.999141382433687,6.46591189718064,393.886595001146,TRUE,13.6605767011101,0.0750290751450695,9.05475187991087,2023-07-13 10:48:34,2023-07-13 10:49:27,0.001,0,20.9466666666667
2,"Jul","CRC","TR",39,"2023_07_13_CRC_TR_39_2",2023-07-13 10:50:27.5,519.443749480839,12.9704023736969,1.10801943875733e-33,0.953692577063304,41.9261592906832,348.360702435019,13.2182585260395,0.0742511766095287,3191.545732435,2.7083873673683,2.34846814934316e-69,0.998487685392385,7.57671318155193,339.313074216086,0.998835037653897,6.79293440178674,349.00396294442,TRUE,13.1630303178574,0.0705729200996989,5.21794289294221,2023-07-13 10:50:03,2023-07-13 10:50:52,0.001,0,21.1
1,"Jul","CRC","TR",40,"2023_07_13_CRC_TR_40_1",2023-07-13 10:53:39.5,NA,NA,NA,NA,NA,390.862394144799,8.46905563144172,0.0759728734675933,3276.49343299374,2.67006192731436,1.44040296794935e-63,0.995832871091442,8.70129893433111,391.838736801067,0.996059791530198,8.62863088607959,391.895799928068,TRUE,8.40418040444869,0.0651639578413846,7.6179909250064,2023-07-13 10:53:13,2023-07-13 10:54:06,0.001,0,21.1
2,"Jul","CRC","TR",40,"2023_07_13_CRC_TR_40_2",2023-07-13 10:55:04.5,NA,NA,NA,NA,NA,364.516020714855,7.88205118541056,0.0595269080456641,3202.66677055408,2.09206949229408,1.92738559081927e-67,0.997042904576653,6.8177152962722,356.506439370775,0.997632563187554,6.22102661951264,364.890586138385,TRUE,7.90498853114179,0.0598493837539692,6.78265800326668,2023-07-13 10:54:38,2023-07-13 10:55:31,0.001,0,21.16
