"RepNumber","Month","Site","Zone","Replicate","Plot","TIMESTAMP","HM81_AIC","HM81_flux.estimate","HM81_p.value","HM81_r.squared","HM81_RMSE","lin_AIC","lin_flux.estimate","lin_flux.std.error","lin_int.estimate","lin_int.std.error","lin_p.value","lin_r.squared","lin_RMSE","poly_AIC","poly_r.squared","poly_RMSE","rob_AIC","rob_converged","rob_flux.estimate","rob_flux.std.error","rob_RMSE","TIMESTAMP_min","TIMESTAMP_max","soilp_c","soilp_m","soilp_t","drop_CO2"
1,"Jan","OWC","TR",58,"2023_01_05_OWC_TR_58_1",2023-01-05 11:06:43.5,260.015105319518,-0.601958817048328,2.00924821839254e-31,0.92828637726905,2.59068766115463,162.621249382139,-0.605494516141029,0.00918004783613507,16453.5405661633,0.322632211991353,8.40349403656255e-52,0.988188297219748,1.05140607177038,149.578700624071,0.991385144935121,0.915703518474723,162.632086288011,TRUE,-0.60502146907854,0.0092933718494144,1.0699149557223,2023-01-05 11:06:17,2023-01-05 11:07:10,0.005,0.202,6.5,FALSE
2,"Jan","OWC","TR",58,"2023_01_05_OWC_TR_58_2",2023-01-05 11:08:09.5,217.839456325489,-0.622222162568477,9.87705957158564e-33,0.936122811231418,1.7531393204882,180.257025136478,-0.429725694521965,0.010808432704958,16434.3681293266,0.379861697237997,1.34567594348906e-40,0.968151465562837,1.23790768579468,163.899882454239,0.978154231473284,1.04554773766859,180.396624936097,TRUE,-0.432253745588285,0.0101220129056472,1.07216323728212,2023-01-05 11:07:43,2023-01-05 11:08:36,0.005,0.202,6.5,FALSE
1,"Jan","OWC","TR",60,"2023_01_05_OWC_TR_60_1",2023-01-05 11:21:08.5,NA,NA,NA,NA,NA,150.222854423338,0.0236288655054767,0.0115685108234252,16447.3513422726,0.430088336096291,0.0468560631647756,0.0831515851830288,1.11033600224966,135.56087978511,0.378490612917256,0.934721164818691,150.23412165441,TRUE,0.0225248676374627,0.0116575887825324,1.08766597901498,2023-01-05 11:20:45,2023-01-05 11:21:32,0.00436666666666667,0.235266666666667,6.2,FALSE
2,"Jan","OWC","TR",60,"2023_01_05_OWC_TR_60_2",2023-01-05 11:22:31.5,168.61200356337,-0.151238393859038,5.26918552506339e-17,0.743906110811464,1.11137538118882,156.427514908845,-0.123337278104789,0.00866838953637637,16455.5417239414,0.304650012771748,1.44542611495333e-19,0.79563544095672,0.99280499989792,160.166138572384,0.796622237125729,1.01001905434865,156.430470952912,TRUE,-0.122885972054408,0.00893137496976983,0.907965299778924,2023-01-05 11:22:05,2023-01-05 11:22:58,0.005,0.234,6.2,FALSE
1,"Jan","OWC","TR",61,"2023_01_05_OWC_TR_61_1",2023-01-05 11:27:46.5,NA,NA,NA,NA,NA,178.80773181322,-0.0581421265615123,0.0106643590626603,16468.4199771767,0.374798238012743,1.3909323997674e-06,0.36371469915068,1.22140669309858,179.618867090006,0.400201360194138,1.20935487105861,178.818006355891,TRUE,-0.0570820151897665,0.0111424053796108,1.23475010374819,2023-01-05 11:27:20,2023-01-05 11:28:13,0.004,0.246316666666667,6.2,FALSE
2,"Jan","OWC","TR",61,"2023_01_05_OWC_TR_61_2",2023-01-05 11:29:11.5,147.253882991312,-0.637742489011348,8.26051531292159e-16,0.715513364470956,0.911957359240498,140.284810905087,-0.093226240142975,0.00746491123979727,16475.5543332897,0.262353842660245,2.81858901975802e-17,0.749957879246709,0.854968638818578,143.413510287842,0.75395998382832,0.864894510908851,140.329229648499,TRUE,-0.0930235992031162,0.00773867760538752,0.868862227322505,2023-01-05 11:28:45,2023-01-05 11:29:38,0.004,0.247,6.12666666666667,FALSE
1,"Jan","OWC","TR",63,"2023_01_05_OWC_TR_63_1",2023-01-05 11:11:41,NA,NA,NA,NA,NA,136.63419279758,0.0981918943710464,0.0106732763216702,16442.0765177515,0.40063902438625,6.63231147599497e-12,0.652874536350981,0.99255731305054,115.608299991516,0.796183418944941,0.778043972019843,137.180920770008,TRUE,0.105367855875364,0.00915011595550859,0.900672687320705,2023-01-05 11:11:18,2023-01-05 11:12:04,0.005,0.241666666666667,6.48333333333333,FALSE
2,"Jan","OWC","TR",63,"2023_01_05_OWC_TR_63_2",2023-01-05 11:13:02.5,NA,NA,NA,NA,NA,141.276062126059,-0.00657142000282542,0.00753374146404144,16452.7046515963,0.264772876623483,0.38707364000694,0.0144206644483089,0.862851878316174,142.219464777349,0.0686585449952339,0.855384922892416,141.584147754822,TRUE,-0.0106802915361394,0.00708223027915915,0.718511726307105,2023-01-05 11:12:36,2023-01-05 11:13:29,0.005,0.240583333333333,6.4,FALSE
1,"Jan","OWC","TR",64,"2023_01_05_OWC_TR_64_1",2023-01-05 11:34:21.5,NA,NA,NA,NA,NA,155.31090683137,-0.0215306291528399,0.00857922907938247,16429.7412877588,0.301516474039099,0.0152383972743691,0.108034313499552,0.9825933051967,158.112862536422,0.127605562403273,0.990998142740199,155.323551901149,TRUE,-0.0211610913549677,0.00896972096050899,1.16881250489297,2023-01-05 11:33:55,2023-01-05 11:34:48,0.004,0.1212,6.19,FALSE
2,"Jan","OWC","TR",64,"2023_01_05_OWC_TR_64_2",2023-01-05 11:35:46.5,124.63541079827,-0.0909703468187521,1.02048197180523e-09,0.514963937234264,0.7396395224442,133.785775778275,-0.0436121888896032,0.00702894968217904,16426.4631444721,0.247032000749584,9.13448884976779e-08,0.425399826942736,0.805037240102549,128.533115537382,0.515881898793451,0.753573165272926,133.846575971136,TRUE,-0.0446614563940111,0.00697587983846116,0.859536159865941,2023-01-05 11:35:20,2023-01-05 11:36:13,0.004,0.122,6.1,FALSE
1,"Jan","PTR","OWC",NA,"2023_01_12_PTR_OWC_TR_64_1",2023-01-12 10:14:36.5,248.307510273507,1.69279657716226,2.10469071959131e-33,0.939806068213604,2.32453423252729,317.918719905184,0.527360236013225,0.0386664367928015,19506.0613089938,1.35892952356744,8.27109464612564e-19,0.781525780065646,4.42853099933227,220.986977570248,0.966297848384806,1.77380172955096,321.610868684683,TRUE,0.465042222821581,0.030714944336451,4.0250039263491,2023-01-12 10:14:10,2023-01-12 10:15:03,0.001,0.003,8.15,FALSE
2,"Jan","PTR","OWC",NA,"2023_01_12_PTR_OWC_TR_64_2",2023-01-12 10:16:01.5,165.832403745594,0.422598214133814,5.08788551479914e-16,0.720729849129771,1.08313682086841,186.265067376443,0.0993146876103313,0.01142674495278,18847.710206866,0.401592242849201,1.04571275292475e-11,0.592287505420919,1.3087240108525,156.111918309287,0.78339042653958,0.972806700306646,186.573178368497,TRUE,0.0935011889912545,0.0125890967211897,1.32755518464714,2023-01-12 10:15:35,2023-01-12 10:16:28,0.001,0.003,8.00833333333333,FALSE
1,"Jan","PTR","TR",15,"2023_01_12_PTR_TR_15_1",2023-01-12 10:25:07.5,168.240769833584,-0.141857121758613,6.84305895213291e-21,0.818165388058735,1.10756175388445,160.844054275948,-0.150009189885017,0.00903022157955261,18535.7155490723,0.317366577493752,1.91750944434245e-22,0.841441860892771,1.0342462226396,156.783493678999,0.863428034752756,0.978874741800333,160.885866579844,TRUE,-0.149482625392034,0.0088816066697092,1.23517249571684,2023-01-12 10:24:41,2023-01-12 10:25:34,0.00675,0.1502,6.46166666666667,FALSE
2,"Jan","PTR","TR",15,"2023_01_12_PTR_TR_15_2",2023-01-12 10:26:28.5,147.439871307436,-0.0928542412708247,5.2779156436677e-08,0.493508638274184,1.1510530897833,146.568661795247,-0.084504712026134,0.012663077110415,18586.2495692748,0.38669065048922,3.44900736141298e-08,0.503010980900025,1.14020444607064,149.642219399165,0.512920244144482,1.15534334333879,146.577465565268,TRUE,-0.0851715093784851,0.0137378818037357,1.30839754987296,2023-01-12 10:26:06,2023-01-12 10:26:51,0.00903571428571429,0.210428571428571,6.27857142857143,FALSE
1,"Jan","CRC","TR",34,"2023_01_20_CRC_TR_34_1",2023-01-20 11:29:32.5,228.64702162298,-0.349025403550307,3.50160738241149e-27,0.895662775801359,1.93765431843054,150.808860731115,-0.372996993241508,0.00822895018106264,16818.6075746025,0.28920594387672,1.77896224950454e-43,0.975315370317118,0.942475283256025,154.129903721776,0.97562379401564,0.955116585337863,151.043512317447,TRUE,-0.376900527695559,0.00811180373972401,0.830793412174045,2023-01-20 11:29:06,2023-01-20 11:29:59,0.001,0.0511,2.87,FALSE
2,"Jan","CRC","TR",34,"2023_01_20_CRC_TR_34_2",2023-01-20 11:30:58.5,NA,NA,NA,NA,NA,156.296890038133,-0.403469477861923,0.0086579115476582,16798.2010125718,0.304281764507936,4.35534766973335e-44,0.976615300982456,0.991604938508821,143.284734046735,0.982934788184132,0.86386384897833,156.413060026145,TRUE,-0.405444150282211,0.00858850503444387,0.863150331764595,2023-01-20 11:30:32,2023-01-20 11:31:25,0.001,0.052,2.9,FALSE
1,"Jan","CRC","TR",36,"2023_01_20_CRC_TR_36_c_1",2023-01-20 11:41:30.5,NA,NA,NA,NA,NA,149.233136497609,-0.137706251475697,0.00810976107650742,16760.3324211454,0.285017050187457,7.29570877701804e-23,0.847207528408098,0.928824357851807,142.879824489809,0.873865019710522,0.860631146725002,149.3552208753,TRUE,-0.135212276725704,0.00935520341738043,0.935725546292122,2023-01-20 11:41:04,2023-01-20 11:41:57,0.001,0.06,3.26666666666667,FALSE
2,"Jan","CRC","TR",36,"2023_01_20_CRC_TR_36_c_2",2023-01-20 11:42:55.5,165.845543802191,-0.150456659843575,4.92909870526089e-17,0.7445583441138,1.08326861109968,151.669383543547,-0.120967709466493,0.0082947787480287,16759.8603769086,0.291519484781036,5.16041153637866e-20,0.803537309195888,0.950014737977777,154.546757939491,0.807579480729056,0.958810231056968,151.683126058389,TRUE,-0.121369665759453,0.00867292987256823,0.960074235052202,2023-01-20 11:42:29,2023-01-20 11:43:22,0.001,0.059,3.4,FALSE
1,"Jan","CRC","TR",37,"2023_01_20_CRC_TR_37_1",2023-01-20 11:45:53.5,NA,NA,NA,NA,NA,163.430833097142,-0.138217497688475,0.00924912137971447,16770.8539322752,0.32505979739754,1.84421061875985e-20,0.811127977652358,1.05931717903414,166.512783746707,0.814311833724623,1.07115170503805,163.430889533916,TRUE,-0.13828568220419,0.00947873143685728,1.13894274193656,2023-01-20 11:45:27,2023-01-20 11:46:20,0.001,0.0602,3.5,FALSE
2,"Jan","CRC","TR",37,"2023_01_20_CRC_TR_37_2",2023-01-20 11:47:19.5,NA,NA,NA,NA,NA,162.759772597369,-0.184160037457135,0.00919182992515548,16787.7876408543,0.323046292779426,4.11733219592354e-26,0.885313195568704,1.0527554939254,160.704853231909,0.897478058721028,1.01506971520517,162.828174466275,TRUE,-0.182928087404325,0.00931899167762529,1.24980306728679,2023-01-20 11:46:53,2023-01-20 11:47:46,0.001,0.064,3.54833333333333,FALSE
1,"Jan","CRC","TR",38,"2023_01_20_CRC_TR_38_1",2023-01-20 11:50:33.5,163.416560225044,-0.594751103077278,6.67264098900743e-39,0.962995664422943,1.05917719292689,180.226622318289,-0.337801665111316,0.0108053904774938,16822.9232611105,0.379754778342404,2.19943962052223e-35,0.949481857473738,1.23755925444829,137.048229198059,0.978912961069647,0.815392635776694,180.461027676212,TRUE,-0.332715653047136,0.0106806755408736,1.16810620642455,2023-01-20 11:50:07,2023-01-20 11:51:00,0.001,0.0615666666666667,3.52833333333333,FALSE
2,"Jan","CRC","TR",38,"2023_01_20_CRC_TR_38_2",2023-01-20 11:51:59.5,147.654648142754,-0.22853190891558,3.21713993150361e-25,0.875900956474272,0.91534772664393,160.803388851967,-0.150090529743392,0.00902682205489257,16806.9331039565,0.317247101410362,1.84169807022531e-22,0.841686826307462,1.03385686945403,145.713055637923,0.888831119162929,0.883507369837507,160.828602405502,TRUE,-0.148966434820428,0.0093730827978503,0.944516453459882,2023-01-20 11:51:33,2023-01-20 11:52:26,0.001,0.0636,3.5,FALSE
1,"Jan","CRC","TR",39,"2023_01_20_CRC_TR_39_1",2023-01-20 11:54:20.5,NA,NA,NA,NA,NA,149.367382546556,-0.0525822945202595,0.00811984793115877,16827.4291823319,0.285371552068742,3.38840886300174e-08,0.446429491349838,0.929979622008901,148.937234575821,0.490031298768001,0.910280817028147,149.41715965032,TRUE,-0.0508455526134761,0.00811000592142053,0.773723400290463,2023-01-20 11:53:54,2023-01-20 11:54:47,0.001,0.022,3.5,FALSE
2,"Jan","CRC","TR",39,"2023_01_20_CRC_TR_39_2",2023-01-20 11:55:46.5,147.925879724817,-0.105645724427041,7.47453601332967e-13,0.631205284047156,0.917649423197446,146.747403290584,-0.0760619756744882,0.00792523806550483,16849.3249710303,0.278532000407135,4.2129730364138e-13,0.639166538562352,0.907690632013712,148.130921624415,0.656233323230144,0.903510093374832,146.946598863877,TRUE,-0.0789772045279492,0.00750104695127042,0.888706348774823,2023-01-20 11:55:20,2023-01-20 11:56:13,0.001,0.044,3.5,FALSE
1,"Jan","CRC","UP",25,"2023_01_20_CRC_UP_25_1",2023-01-20 14:40:53.5,NA,NA,NA,NA,NA,187.875069594126,-0.181210292863391,0.0115983643534372,16636.1975197535,0.407623796044024,2.75855144611499e-21,0.824385137539424,1.3283798648421,181.743482404226,0.854427924127427,1.2333812937276,187.879478653009,TRUE,-0.181451266426107,0.0119636765738069,1.00100375535776,2023-01-20 14:40:27,2023-01-20 14:41:20,0.001,0.035,4,FALSE
2,"Jan","CRC","UP",25,"2023_01_20_CRC_UP_25_2",2023-01-20 14:42:19.5,NA,NA,NA,NA,NA,169.910196583747,-0.189750875494385,0.00982099722279725,16621.9025501363,0.345158338443476,2.18322826967469e-25,0.877732971868379,1.12481506580432,154.439369798517,0.914745871624591,0.957857326663774,170.064150370681,TRUE,-0.19348527711801,0.0100491856857474,1.16545762297401,2023-01-20 14:41:53,2023-01-20 14:42:46,0.001,0.035,4,FALSE
1,"Jan","CRC","UP",26,"2023_01_20_CRC_UP_26_1",2023-01-20 14:46:15.5,217.429989288067,-0.275473561710698,9.4223208333127e-21,0.815923960777351,1.74650511991176,146.662381183868,-0.249856689069565,0.00791900144257555,16634.5795612258,0.278312814680988,1.39499794044307e-35,0.950357979245446,0.90697634126793,136.437674826284,0.96185414203102,0.810795997189332,147.486147512246,TRUE,-0.256255543233384,0.00711532499143468,0.55177125008319,2023-01-20 14:45:49,2023-01-20 14:46:42,0.001,0.023,4.1,FALSE
2,"Jan","CRC","UP",26,"2023_01_20_CRC_UP_26_2",2023-01-20 14:47:41.5,NA,NA,NA,NA,NA,156.778213319385,-0.0995484783398243,0.00869658334673763,16595.3842990701,0.305640882488735,7.97580309936298e-16,0.715894123775795,0.996034083659716,154.259647602367,0.74820058650737,0.956264687160825,156.84489364375,TRUE,-0.0979879945101355,0.00914399929319557,1.06146863007523,2023-01-20 14:47:15,2023-01-20 14:48:08,0.001,0.0478666666666667,4.19333333333333,FALSE
1,"Jan","CRC","UP",29,"2023_01_20_CRC_UP_29_1",2023-01-20 14:53:02.5,NA,NA,NA,NA,NA,177.699102202334,0.0120381040501761,0.0105554484129628,16605.1343992317,0.37097057998214,0.259318830838285,0.0244022710864551,1.2089329761402,154.986439048254,0.405113047821898,0.96272162035353,177.736856616318,TRUE,0.0112689419602415,0.01141132145641,1.30662565029823,2023-01-20 14:52:36,2023-01-20 14:53:29,0.001,0.04415,4.2,FALSE
2,"Jan","CRC","UP",29,"2023_01_20_CRC_UP_29_2",2023-01-20 14:54:28.5,NA,NA,NA,NA,NA,199.227646600706,-0.20163992956515,0.012883926644536,16655.1637633005,0.452804803053295,2.5628983527874e-21,0.824879407364853,1.47561744166384,145.375836995459,0.940011970746813,0.880753013318967,199.399707200397,TRUE,-0.204946044378529,0.0149513403951777,1.51989864884219,2023-01-20 14:54:02,2023-01-20 14:54:55,0.001,0.04415,4.2,FALSE
1,"Jan","CRC","W",41,"2023_01_20_CRC_W_41_d_1",2023-01-20 10:47:28.5,158.929227779594,-0.759837784593209,1.16710786394777e-24,0.869612657094415,1.01607076682382,190.257872766182,-0.155168791281126,0.0118571027533756,16870.0454790526,0.416717141066764,4.40664872552531e-18,0.767085909909288,1.35801360200244,160.949624405892,0.874306015375063,1.01737287792104,190.376684131349,TRUE,-0.154292185993827,0.012368284507332,1.50929727899955,2023-01-20 10:47:02,2023-01-20 10:47:55,0.001,0.0597333333333333,3,FALSE
2,"Jan","CRC","W",41,"2023_01_20_CRC_W_41_d_2",2023-01-20 10:48:53.5,173.663733920509,-0.393738945919918,8.23183720602813e-20,0.799992945239796,1.16459526138188,191.05453791131,-0.139507473478477,0.011944890403144,16865.0466303725,0.419802432574594,3.73803838094174e-16,0.723998978862944,1.36806806682011,175.334470716719,0.808436731866829,1.16231849879606,191.210962284652,TRUE,-0.13954688946494,0.0113832274618141,1.06497877581189,2023-01-20 10:48:27,2023-01-20 10:49:20,0.001,0.061,3,FALSE
1,"Jan","CRC","W",42,"2023_01_20_CRC_W_42_1",2023-01-20 10:54:34.5,150.20313212558,-0.396465850187018,2.94196678313957e-12,0.611473068532443,0.937204113832689,165.460731160467,-0.0659020629077371,0.00942460585606279,16857.2262896618,0.331227188437873,5.08574808707974e-09,0.484616842414638,1.07941570653939,150.843041244503,0.634911940325405,0.926486523567659,165.752729783964,TRUE,-0.0613933131566987,0.00902003048294337,1.15644784031629,2023-01-20 10:54:08,2023-01-20 10:55:01,0.001,0.0630666666666667,2.97333333333333,FALSE
2,"Jan","CRC","W",42,"2023_01_20_CRC_W_42_2",2023-01-20 10:56:00.5,NA,NA,NA,NA,NA,142.012544951186,-0.0586539459503052,0.00758529176569046,16864.3300615097,0.266584608778557,3.37523067048341e-10,0.534854336429396,0.868756019680451,143.415087471682,0.556698756391972,0.864907141534831,142.014351273716,TRUE,-0.0584480134952342,0.00808728478769988,1.04334636814126,2023-01-20 10:55:34,2023-01-20 10:56:27,0.001,0.0626666666666667,3.1,FALSE
1,"Jan","CRC","W",43,"2023_01_20_CRC_W_43_1",2023-01-20 10:59:42.5,202.923745074941,-1.59786231303337,5.11531174046246e-16,0.720672504646879,1.52699177636886,216.803327754767,-0.145392031473175,0.0151608784893929,16858.7198627875,0.532828134458206,4.3248389711145e-13,0.638806357335757,1.73640050484004,208.290820445009,0.713510718822511,1.57706906561871,217.622569198206,TRUE,-0.132126436517026,0.010888595027006,1.22538196896476,2023-01-20 10:59:16,2023-01-20 11:00:09,0.00113333333333333,0.0563333333333333,3.1,FALSE
2,"Jan","CRC","W",43,"2023_01_20_CRC_W_43_2",2023-01-20 11:01:08.5,149.951701281109,-0.219558706042338,3.74425024936191e-18,0.768532589923544,0.935024781057353,158.11294731819,-0.104602991834897,0.00880472824622866,16849.3441531396,0.309441628275814,1.95135441448583e-16,0.730768050926168,1.00842009797963,152.136222961074,0.776185156724471,0.937646868093014,158.225417084567,TRUE,-0.101875540964208,0.00879955917328796,1.0203993258475,2023-01-20 11:00:42,2023-01-20 11:01:35,0.001,0.0644,3,FALSE
1,"Jan","CRC","W",47,"2023_01_20_CRC_W_47_1",2023-01-20 11:07:19.5,143.02567991122,-0.519963850991706,1.99082023668185e-35,0.94967492963933,0.876944060471968,185.593858745572,-0.232102886247994,0.0113559491578683,16844.8418682607,0.399104129026729,1.63656323149856e-26,0.8893023094016,1.30061565129331,135.994042819036,0.958973680742253,0.807472318431633,185.771897342821,TRUE,-0.229135588252758,0.0126626115263777,1.34503862139231,2023-01-20 11:06:53,2023-01-20 11:07:46,0.00151666666666667,0.0314166666666667,2.9,FALSE
2,"Jan","CRC","W",47,"2023_01_20_CRC_W_47_2",2023-01-20 11:08:45.5,148.213179549567,-0.391405671457178,2.6905284570681e-30,0.920772655278449,0.920093788898431,175.954185857224,-0.191700519782822,0.0103862781991201,16839.4407797761,0.36502510330605,1.74987632326912e-24,0.867571372502934,1.1895576315699,146.002616288658,0.929380163865808,0.885879334924175,175.994382701688,TRUE,-0.189656728073655,0.0114126499941673,1.16847277008896,2023-01-20 11:08:19,2023-01-20 11:09:12,0.001,0.065,2.9,FALSE
1,"Jan","CRC","W",48,"2023_01_20_CRC_W_48_1",2023-01-20 11:23:04.5,173.803307255145,-0.632875831495595,5.19789990409091e-29,0.911232748426657,1.16610129399755,197.138424189888,-0.228957295476587,0.0126370867810078,16836.4826518186,0.444129631354923,4.04178134850067e-24,0.863250663622015,1.4473464635708,165.064225445035,0.92988695479279,1.05688071974317,197.474888283198,TRUE,-0.223512275990898,0.0127481955714328,1.50693350678824,2023-01-20 11:22:38,2023-01-20 11:23:31,0.001,0.067,2.9,FALSE
2,"Jan","CRC","W",48,"2023_01_20_CRC_W_48_2",2023-01-20 11:24:30.5,177.205237547047,-0.290661271303843,1.03842834382033e-19,0.798206357557655,1.20341736274894,192.680672489226,-0.144234092024379,0.0121261030667031,16826.174596426,0.426171140399271,1.86420417907002e-16,0.731237596285856,1.38882265308683,176.214587259836,0.816020166067412,1.17182919616432,192.736711481759,TRUE,-0.145137057638602,0.0131420669184497,1.32255748442437,2023-01-20 11:24:04,2023-01-20 11:24:57,0.001,0.067,2.9,FALSE
1,"Feb","OWC","TR",58,"2023_02_10_OWC_TR_58_c_1",2023-02-10 10:42:51.5,161.105287524319,-0.295961734805055,4.28145924725116e-05,0.277467938766546,1.03675091266389,162.289220126903,-0.0392660987017036,0.00915186854100709,16934.887286938,0.321641852411339,7.77348211409926e-05,0.261451722480624,1.04817865046228,164.94391545699,0.279623910044736,1.05570402983723,162.345463984987,TRUE,-0.0382602353038145,0.00947473163453405,1.07252793421248,2023-02-10 10:42:25,2023-02-10 10:43:18,0.001,0.00516666666666667,5.1,FALSE
2,"Feb","OWC","TR",58,"2023_02_10_OWC_TR_58_c_2",2023-02-10 10:44:16.5,NA,NA,NA,NA,NA,161.342649821861,-0.0896201389696705,0.00907200710994683,17009.4340514987,0.318835127368541,1.58141439377356e-13,0.652382733813273,1.03903198859125,160.451051548002,0.682487587673221,1.01268708625186,161.438899602706,TRUE,-0.0910467383631672,0.00781896593838083,0.900592470258726,2023-02-10 10:43:50,2023-02-10 10:44:43,0.001,0.0075,5.075,FALSE
1,"Feb","OWC","TR",60,"2023_02_10_OWC_TR_60_1",2023-02-10 10:53:56.5,151.5015018915,0.783408606824797,4.52982871897681e-12,0.605045247286473,0.948539125501286,166.497474403726,0.0657437170850501,0.00951551275053049,16802.3954662257,0.334422105607251,6.90941835795923e-09,0.478622471115954,1.08982742361486,151.277624217857,0.634761249272006,0.930222138763806,166.522001414961,TRUE,0.0665913524382135,0.00953819383269146,1.11774996384169,2023-02-10 10:53:30,2023-02-10 10:54:23,0.001,0.00825,4.70833333333333,FALSE
2,"Feb","OWC","TR",60,"2023_02_10_OWC_TR_60_2",2023-02-10 10:55:21.5,144.310491822326,0.0749893093033759,0.509506571900849,0.00841212464059965,0.887438844906238,144.742638857801,-0.00118351166630604,0.00777948177042586,16780.9403595006,0.273409404454216,0.8796712053058,0.000444884376235224,0.890996922309765,135.686890041248,0.215115032065812,0.805179123819489,144.911230860855,TRUE,8.38967456642892e-05,0.00867803711988433,0.736933730844975,2023-02-10 10:54:55,2023-02-10 10:55:48,0.001,0.008,4.66666666666667,FALSE
1,"Feb","OWC","TR",61,"2023_02_10_OWC_TR_61_1",2023-02-10 10:58:32.5,NA,NA,NA,NA,NA,135.244558788161,0.0215362244390482,0.00712453556133878,16738.6421289447,0.250391360545843,0.00388164557623345,0.149457787518681,0.81598484903858,136.341515343558,0.193975628725921,0.810074413624642,135.297825761922,TRUE,0.0202479956979473,0.007811642067599,0.819439763523942,2023-02-10 10:58:06,2023-02-10 10:58:59,0.001,0.008,4.54833333333333,FALSE
2,"Feb","OWC","TR",61,"2023_02_10_OWC_TR_61_2",2023-02-10 10:59:57.5,NA,NA,NA,NA,NA,152.274070449836,-0.00369896520788064,0.00834135107950421,16753.5180960764,0.293156266483022,0.659280513603242,0.00376742906899688,0.955348744179478,156.140868899567,0.00622180300366223,0.973067506818536,152.347586842831,TRUE,-0.00334266079394045,0.0085747740019798,1.15710494797338,2023-02-10 10:59:31,2023-02-10 11:00:24,6.66666666666667e-05,0.008,4.5,FALSE
1,"Feb","OWC","TR",62,"2023_02_10_OWC_TR_62_b_1",2023-02-10 11:14:18.5,NA,NA,NA,NA,NA,171.298437042216,0.112393197074426,0.00994805192642255,16759.3332775205,0.34962366812435,1.30055174203603e-15,0.710540305759136,1.13936685128771,168.998753055086,0.742413587244896,1.09609368490362,171.328570355405,TRUE,0.112948081408207,0.011480122359772,1.08869438463338,2023-02-10 11:13:52,2023-02-10 11:14:45,0.001,0.0102833333333333,4.7,FALSE
2,"Feb","OWC","TR",62,"2023_02_10_OWC_TR_62_b_2",2023-02-10 11:15:44.5,NA,NA,NA,NA,NA,266.511582817128,0.152888596797437,0.0240222371031128,16842.2485451321,0.844260033488132,5.09338778078598e-08,0.437876528945262,2.75130657253244,217.102827592495,0.790929711827883,1.71114161927007,274.870914470918,TRUE,0.092669189348672,0.0124368219654404,1.44492573774763,2023-02-10 11:15:18,2023-02-10 11:16:11,0.001,0.0102833333333333,4.62833333333333,FALSE
1,"Feb","OWC","TR",63,"2023_02_10_OWC_TR_63_1",2023-02-10 11:03:33.5,169.222883941457,0.21131945793283,4.98689868604578e-13,0.636842465390901,1.1176794656201,171.260940625736,0.0921607689347524,0.00994459867131048,16716.4138617986,0.349502303687556,1.34444865501637e-12,0.62287431637256,1.13897134426454,169.626171009246,0.660242908769315,1.10247989164397,171.319840458421,TRUE,0.0936307520139139,0.00986335343585483,1.19991345008176,2023-02-10 11:03:07,2023-02-10 11:04:00,0.001,0.00426666666666667,4.5,FALSE
2,"Feb","OWC","TR",63,"2023_02_10_OWC_TR_63_2",2023-02-10 11:04:58.5,NA,NA,NA,NA,NA,154.772264725767,-0.00106916541002921,0.00853654732599488,16789.9594815064,0.300016426462777,0.90081203941469,0.00030157196131992,0.977704893342365,149.241694583615,0.162047327740175,0.912850586628908,154.778855270724,TRUE,-0.00116424036210699,0.00909232495561326,0.979889997939027,2023-02-10 11:04:32,2023-02-10 11:05:25,0.001,0.008,4.5,FALSE
1,"Feb","CRC","UP",25,"2023_02_21_CRC_UP_25_1",2023-02-21 10:20:04.4375,164.893826243908,0.0127322366604458,0.150639455329568,0.0443817552042013,1.29367279045946,166.577271627436,0.00858955343723495,0.0124315366204424,16673.5777247073,0.457056254183358,0.493070010644331,0.0102718726296214,1.31655856822272,159.016608725178,0.222111542717289,1.1934204312683,166.666840720689,TRUE,0.00622368068359816,0.0130365545858782,1.21758564285645,2023-02-21 10:19:36,2023-02-21 10:20:29,0.001,0,5.3,FALSE
2,"Feb","CRC","UP",25,"2023_02_21_CRC_UP_25_2",2023-02-21 10:21:29.215686,NA,NA,NA,NA,NA,139.249494568407,-0.194386467196926,0.00816438769635103,16690.4501086189,0.292359657585682,1.3778057935205e-28,0.920437980831775,0.911586972892152,140.30915353625,0.924895303973859,0.904331939067102,139.374148109703,TRUE,-0.194600729527788,0.00849998274839386,0.927435771605369,2023-02-21 10:21:02,2023-02-21 10:21:55,0.001,0,5.2719298245614,FALSE
1,"Feb","CRC","UP",26,"2023_02_21_CRC_UP_26_1",2023-02-21 10:30:28.5,NA,NA,NA,NA,NA,187.325173653638,-0.148570827287612,0.0115394598713747,16501.0907075879,0.405553601674313,8.45163964860631e-18,0.761211853189549,1.32163343702379,162.857062584712,0.859052215119385,1.03550078448532,187.489939204372,TRUE,-0.152661578313149,0.0122951340162856,1.48065781808544,2023-02-21 10:30:02,2023-02-21 10:30:55,0.001,0.000733333333333333,5.07333333333333,FALSE
2,"Feb","CRC","UP",26,"2023_02_21_CRC_UP_26_2",2023-02-21 10:31:53.5,NA,NA,NA,NA,NA,186.951710709947,-0.0853930733549331,0.0114996254452248,16481.6482563321,0.404153623237212,1.0375174180584e-09,0.51466012938694,1.31707113427036,137.658676838387,0.819100545845397,0.820014523663452,187.51812273176,TRUE,-0.0808304690448087,0.0112985102814181,1.15341589216162,2023-02-21 10:31:27,2023-02-21 10:32:20,0.001,0,4.86333333333333,FALSE
1,"Feb","CRC","UP",27,"2023_02_21_CRC_UP_27_1",2023-02-21 10:35:39.5,NA,NA,NA,NA,NA,177.680098582711,0.0390907943097748,0.0105535912455589,16436.5913998624,0.370905309948883,0.000514620214319683,0.208762302640638,1.2087202716838,150.194463320798,0.558344085330452,0.920939319786726,177.691154194595,TRUE,0.0388745542898317,0.0111362424186475,1.33062167661844,2023-02-21 10:35:13,2023-02-21 10:36:06,0.001,9e-04,4.6,FALSE
2,"Feb","CRC","UP",27,"2023_02_21_CRC_UP_27_2",2023-02-21 10:37:05.5,NA,NA,NA,NA,NA,188.998572989899,-0.0541307676618317,0.0117196496853824,16423.5186290168,0.41188636151493,2.57270757779258e-05,0.290909277306293,1.34227087463857,157.602737684206,0.631844631741309,0.986328321005152,189.052496942677,TRUE,-0.0567194349196016,0.0122069702360906,1.3436990413861,2023-02-21 10:36:39,2023-02-21 10:37:32,0.001,0.002,4.6,FALSE
1,"Feb","CRC","UP",29,"2023_02_21_CRC_UP_29_b_1",2023-02-21 10:46:45.5,150.503754666759,0.318431165857694,2.370603798989e-16,0.728758830189652,0.939816495040779,169.816194131686,0.0888927914297648,0.00981245281386505,16424.6017370798,0.344858045721351,2.81212217323361e-12,0.612139352765056,1.12383646050821,146.907079826134,0.764354351579935,0.893329427730533,169.976975706811,TRUE,0.0917853616777434,0.00994549062154163,1.0287489035183,2023-02-21 10:46:19,2023-02-21 10:47:12,0.001,0.004,4.645,FALSE
2,"Feb","CRC","UP",29,"2023_02_21_CRC_UP_29_b_2",2023-02-21 10:48:11.5,NA,NA,NA,NA,NA,162.014628827752,-0.102364821972614,0.00912862936061879,16428.876610257,0.32082511285754,1.71830062132498e-15,0.707445868401861,1.04551702867126,150.836906000803,0.779128568656834,0.926433893390293,162.148646828798,TRUE,-0.102500309545104,0.00974274319262466,1.03375823245525,2023-02-21 10:47:45,2023-02-21 10:48:38,0.001,0.00203333333333333,4.69833333333333,FALSE
1,"Feb","CRC","UP",30,"2023_02_21_CRC_UP_30_1",2023-02-21 10:51:25.5,175.988820382008,-0.222526279986706,1.49494739617498e-22,0.842947560287473,1.18993917203431,130.706718923221,-0.182519816732769,0.00683138547136618,16405.4133720443,0.240088618810552,4.8416618656326e-32,0.932100930800744,0.78240988406683,134.579238935727,0.932261033828724,0.796963386009431,130.740098406257,TRUE,-0.183176179152809,0.00730851483540035,0.880258902307388,2023-02-21 10:50:59,2023-02-21 10:51:52,0.001,0.004,4.92166666666667,FALSE
2,"Feb","CRC","UP",30,"2023_02_21_CRC_UP_30_2",2023-02-21 10:52:51.5,NA,NA,NA,NA,NA,133.154797441456,-0.261209147938638,0.00698800353093726,16423.8141405192,0.245592950803061,2.99183172644632e-39,0.964119086548121,0.800347609634418,122.02820610107,0.972885098881743,0.709524814760072,133.250924013515,TRUE,-0.261002336504718,0.0077160896024298,0.790371256613129,2023-02-21 10:52:25,2023-02-21 10:53:18,0.001,0.004,5,FALSE
1,"Feb","PTR","TR",11,"2023_02_24_PTR_TR_11_b_1",2023-02-24 11:07:19.5,228.764430675065,-0.548831450381999,7.24956872742341e-31,0.924663733573278,1.93976192825103,173.926216273839,-0.438848587433524,0.010193069564487,16482.0369698721,0.358234797821787,2.4143950029612e-42,0.972712215282742,1.16742912688259,140.363457482154,0.986389623067889,0.840810508000217,174.121946072996,TRUE,-0.442959825225087,0.00935568156524854,0.930765432199318,2023-02-24 11:06:53,2023-02-24 11:07:46,0,0,3.2,FALSE
2,"Feb","PTR","TR",11,"2023_02_24_PTR_TR_11_b_2",2023-02-24 11:08:44.5,NA,NA,NA,NA,NA,166.442176742181,-0.448384318889907,0.00951064190868859,16487.7091011048,0.334250920172734,2.41399116441808e-44,0.977139859178719,1.0892695580374,149.517774691922,0.984483470242532,0.915187089243328,166.820577504906,TRUE,-0.452611034443851,0.0105527761897373,0.9726383555948,2023-02-24 11:08:18,2023-02-24 11:09:11,0.000733333333333333,0,3.2,FALSE
1,"Feb","PTR","TR",12,"2023_02_24_PTR_TR_12_1",2023-02-24 11:15:23.5,321.466194150886,-2.59461133467533,2.33185464183538e-41,0.970226613888561,4.57641028371766,306.16420306587,-1.65105551630008,0.034678983426602,16589.503002955,1.21879072225473,1.46692018486981e-44,0.97757346837081,3.97184136601458,163.810000979147,0.998508202596411,1.04467795730796,306.252073189224,TRUE,-1.64919819610082,0.037184360021679,4.53089918440691,2023-02-24 11:14:57,2023-02-24 11:15:50,0.001,0,2.9,FALSE
2,"Feb","PTR","TR",12,"2023_02_24_PTR_TR_12_2",2023-02-24 11:16:48.5,312.550995746858,-1.01047407054696,8.5599258000424e-32,0.930598450024488,4.21380810390409,186.079414686948,-1.0037204097985,0.0114071191785038,16554.4108378401,0.400902496229162,2.97194057384879e-58,0.993328512255001,1.30647623844373,138.423949820358,0.997436790452899,0.825845667489312,186.383381030002,TRUE,-1.00843017108824,0.0114478804651201,1.40660763183324,2023-02-24 11:16:22,2023-02-24 11:17:15,0.001,0,2.93333333333333,FALSE
1,"Feb","PTR","TR",14,"2023_02_24_PTR_TR_14_1",2023-02-24 11:23:24.5,NA,NA,NA,NA,NA,152.265421334056,-0.0770065133495039,0.00834068309411104,16452.2090969327,0.293132790177798,1.52034856693224e-12,0.621106183818173,0.955272238706874,152.001014592482,0.64987665656088,0.936473734962511,152.487715239128,TRUE,-0.0778233622770583,0.00847443936909362,0.895647858374565,2023-02-24 11:22:58,2023-02-24 11:23:51,0.001,0,3.68,FALSE
2,"Feb","PTR","TR",14,"2023_02_24_PTR_TR_14_2",2023-02-24 11:24:49.5,172.599886565918,-0.515397388489603,3.33609773693541e-34,0.943918391435573,1.15317980335687,169.571302396836,-0.298354560763203,0.00979022812642845,16486.1874843938,0.344076960459435,7.74947505342472e-35,0.946977145706936,1.12129103027395,146.293314834587,0.968005144768335,0.888267026851281,169.774978836723,TRUE,-0.30267856418681,0.0101510915210203,1.07945818181565,2023-02-24 11:24:23,2023-02-24 11:25:16,0.00065,0,3.835,FALSE
1,"Feb","PTR","TR",15,"2023_02_24_PTR_TR_15_1",2023-02-24 11:27:37.5,262.892820133237,-1.17291532871174,2.86226049048547e-38,0.960865630441645,2.66064574402246,228.041879348172,-0.838071040520121,0.0168235382024431,16508.3221525282,0.591262206980006,1.46286748810588e-45,0.97947562292295,1.926827673499,163.020860723467,0.994282987985405,1.03707246770786,228.103422199727,TRUE,-0.835291061108533,0.0180906726016269,1.88359179336811,2023-02-24 11:27:11,2023-02-24 11:28:04,0.001,0,3.9,FALSE
2,"Feb","PTR","TR",15,"2023_02_24_PTR_TR_15_2",2023-02-24 11:29:03.5,239.284041252255,-0.35111770851433,4.82683647321955e-28,0.903304302301322,2.138210041421,194.50419498365,-0.423702836448337,0.0123325841162524,16469.9685465019,0.433427904082807,2.03126156719615e-37,0.957804545673253,1.41247126942051,167.48198542256,0.976244189917335,1.08080757793678,194.513836336346,TRUE,-0.424613422868104,0.0135717493656054,1.50480914261172,2023-02-24 11:28:37,2023-02-24 11:29:30,0.001,0,3.9,FALSE
1,"Feb","PTR","TR",17,"2023_02_24_PTR_TR_17_1",2023-02-24 11:38:21.5,NA,NA,NA,NA,NA,159.821063681714,-0.408464568433874,0.00894508992625261,16403.0385697777,0.314374630817118,1.22271061935583e-43,0.975668642928509,1.02449595349317,155.975479636911,0.978958906908887,0.971578509097036,159.913039531485,TRUE,-0.4109935905053,0.00861019973912961,0.816996566211641,2023-02-24 11:37:55,2023-02-24 11:38:48,0.001,0.00388333333333333,4,FALSE
2,"Feb","PTR","TR",17,"2023_02_24_PTR_TR_17_2",2023-02-24 11:39:46.5,203.83351533863,-0.492241817551298,7.97299592600604e-30,0.917397879397503,1.53990917817867,174.65532019034,-0.32912944673018,0.0102621153923688,16388.4546726294,0.360661409161502,6.20334175305701e-36,0.951879975215596,1.17533705982163,161.241020446751,0.965144485015892,1.02012156984313,174.792796584533,TRUE,-0.332830721522732,0.0109048117846094,1.00295398615381,2023-02-24 11:39:20,2023-02-24 11:40:13,0.001,0.004,4.1,FALSE
1,"Feb","PTR","TR",18,"2023_02_24_PTR_TR_18_1",2023-02-24 11:42:18.5,265.815183437907,-1.5732555006925,1.44995187401183e-41,0.97076546213147,2.73362283088032,268.971576470236,-0.990899896675744,0.0245756881172338,16456.5901596065,0.863711035062637,6.63360103755887e-41,0.969005724168119,2.8146942331483,144.548062250038,0.997126331862041,0.874028214830807,268.980755022288,TRUE,-0.992883674919117,0.025226001648963,3.73503530261587,2023-02-24 11:41:52,2023-02-24 11:42:45,0.000166666666666667,0,4.03333333333333,FALSE
2,"Feb","PTR","TR",18,"2023_02_24_PTR_TR_18_2",2023-02-24 11:43:44.5,224.456156250793,-0.755571974694372,8.94231503718542e-38,0.959114229808306,1.86390512859962,211.33623185684,-0.571000574651982,0.0144125170424329,16449.8515406264,0.506527017807009,1.60731153762286e-40,0.96793322258823,1.65068942977184,148.37273793311,0.990720981090077,0.905535354994407,211.379604223886,TRUE,-0.568663832397419,0.0166072732424284,1.70156335155457,2023-02-24 11:43:18,2023-02-24 11:44:11,0.001,0,3.77333333333333,FALSE
1,"Feb","PTR","TR",9,"2023_02_24_PTR_TR_9_1",2023-02-24 11:11:26.5,257.763701645687,-2.27543836472111,7.02118878759812e-49,0.984700867280347,2.53724035605329,319.483472810944,-1.26016582454832,0.0392307316469689,16513.557923168,1.37876163122801,5.74588940918784e-36,0.952021410127181,4.49316062289534,156.303166163756,0.997829791463929,0.974530885667404,319.549285063393,TRUE,-1.25412064913316,0.0402397579494084,5.44169674738185,2023-02-24 11:11:00,2023-02-24 11:11:53,0.001,0.00193333333333333,3.1,FALSE
2,"Feb","PTR","TR",9,"2023_02_24_PTR_TR_9_2",2023-02-24 11:12:51.5,243.517324818413,-1.03789153587565,8.74410933883403e-38,0.959149433971576,2.22368586763728,226.687391285832,-0.682269769056,0.0166138624322748,16509.9771068092,0.583893165038405,2.63104521036501e-41,0.970088134483707,1.90281316052552,164.73844341102,0.991180383139789,1.05369744231167,226.864845333898,TRUE,-0.688134514619787,0.0156139923589696,2.44336265494059,2023-02-24 11:12:25,2023-02-24 11:13:18,0.001,0.002,3,FALSE
1,"Feb","PTR","UP",3,"2023_02_24_PTR_UP_3_1",2023-02-24 10:35:09.5,322.577142335559,-2.21174009511107,2.88049793701123e-38,0.960856076426355,4.62372874495947,280.925034667722,-1.45804169719365,0.0274519673264113,16682.2353719685,0.964797689525255,5.56273583098635e-47,0.981900037356735,3.14411925125467,166.945073037421,0.99796377873299,1.0754477732185,280.939862354149,TRUE,-1.46086359530023,0.0280960098546584,3.96057434333638,2023-02-24 10:34:43,2023-02-24 10:35:36,0.001,0,1.5,FALSE
2,"Feb","PTR","UP",3,"2023_02_24_PTR_UP_3_2",2023-02-24 10:36:35.5,312.897475703127,-1.33631252769366,3.62594553845497e-35,0.948502109274341,4.22734833077394,241.008415583789,-1.16486448908483,0.0189696343764944,16675.5884612753,0.666686623948169,3.30289874705507e-50,0.986397386288463,2.17262362013,182.946150460541,0.995689901520345,1.24719275828764,241.08175834322,TRUE,-1.16598984174564,0.0202419162344829,2.48632180649215,2023-02-24 10:36:09,2023-02-24 10:37:02,0.001,0,1.54833333333333,FALSE
1,"Feb","PTR","UP",8,"2023_02_24_PTR_UP_8_1",2023-02-24 10:59:05.5,NA,NA,NA,NA,NA,211.977608130137,-0.240136955390235,0.014498362866122,16506.6085233489,0.509544063957685,2.18216226409748e-22,0.840654187698272,1.6605214940349,140.341916494393,0.96073176962991,0.840642822048906,212.007770015114,TRUE,-0.240807353101617,0.0156162447878217,1.7154262480988,2023-02-24 10:58:39,2023-02-24 10:59:32,0.001,0,2.46166666666667,FALSE
2,"Feb","PTR","UP",8,"2023_02_24_PTR_UP_8_2",2023-02-24 11:00:31.5,NA,NA,NA,NA,NA,199.215736027608,-0.58831569878876,0.0128825058437151,16494.0403378098,0.452754869096542,1.21694948164347e-43,0.975673060290288,1.47545471499439,161.136157941603,0.98884003388942,1.01913156440106,199.625005519715,TRUE,-0.594821244326924,0.0120968680770054,1.27344346617457,2023-02-24 11:00:05,2023-02-24 11:00:58,0.001,0,2.61,FALSE
1,"Apr","OWC","TR",58,"2023_04_21_OWC_TR_58_1",2023-04-21 12:14:08.5,NA,NA,NA,NA,NA,142.371125399332,-0.0273233799254635,0.00761051822564906,15948.8377213135,0.267471191149634,0.000731699037286358,0.198639263921015,0.871645247889628,142.062639264345,0.260093059238644,0.854143730017975,142.380043380241,TRUE,-0.0279852950455083,0.00751421957707748,0.746958607478526,2023-04-21 12:13:42,2023-04-21 12:14:35,0.000133333333333333,0,16.8,FALSE
2,"Apr","OWC","TR",58,"2023_04_21_OWC_TR_58_2",2023-04-21 12:15:32.5,162.736003665159,0.0739091938014996,7.70453301435243e-14,0.661777264098301,1.05252382614188,167.526328805137,0.0904723059466682,0.00960659476764809,15942.232204035,0.337623177451301,7.91399341550321e-13,0.630402570390798,1.10025919777726,149.345711581083,0.754900999056792,0.913730195119014,167.830911806985,TRUE,0.0904409919485362,0.010195315018504,0.987084184681813,2023-04-21 12:15:06,2023-04-21 12:15:59,0,0,16.7733333333333,FALSE
1,"Apr","OWC","TR",60,"2023_04_21_OWC_TR_60_1",2023-04-21 11:56:40.5,185.794441486691,-0.743489250222988,3.86171294326241e-35,0.948377308593607,1.3030334611348,209.907747859295,-0.346213885674259,0.0142231421140991,15728.6783399257,0.499871447692927,4.31994286551184e-30,0.919318924586641,1.62900000581182,174.615623102019,0.961026882935321,1.15460780067113,210.318346915136,TRUE,-0.339729430662921,0.0141188619593272,1.76559188936594,2023-04-21 11:56:14,2023-04-21 11:57:07,0.001,0,18.2,FALSE
2,"Apr","OWC","TR",60,"2023_04_21_OWC_TR_60_2",2023-04-21 11:58:05.5,142.906994273791,-0.280692499874741,5.22748945415186e-25,0.873568386712133,0.875980879948902,163.296120037863,-0.14007903853441,0.00923759174379786,15750.310200658,0.324654589058147,9.90900917947119e-21,0.815568529918972,1.05799667075091,145.83022263671,0.876064491190422,0.884466389091908,163.474989190823,TRUE,-0.136244937054495,0.00900168942573906,0.979527996912093,2023-04-21 11:57:39,2023-04-21 11:58:32,0.001,0,18.2,FALSE
1,"Apr","OWC","TR",61,"2023_04_21_OWC_TR_61_1",2023-04-21 11:51:31.5,249.156878998686,1.45740936766847,3.8552892315981e-42,0.972216852610138,2.34288766657919,258.925704647581,0.870130539652011,0.0223928191689373,15738.9001829048,0.786994241223724,4.26532219454035e-40,0.966707444728782,2.56468663982357,170.999862084612,0.993932155780284,1.11659229237763,259.104350472704,TRUE,0.861525322154131,0.0254131166019737,2.59715705415193,2023-04-21 11:51:05,2023-04-21 11:51:58,0.001,0,19.025,FALSE
2,"Apr","OWC","TR",61,"2023_04_21_OWC_TR_61_2",2023-04-21 11:52:56.5,NA,NA,NA,NA,NA,155.923352360556,0.399677398982063,0.0086280183085078,15768.8088644189,0.303231168471528,5.90270641265911e-44,0.976340392489376,0.988181216355229,153.8296002809,0.978865178063138,0.952464489081823,156.180073239753,TRUE,0.397907158496977,0.00830419600620264,0.858659743103327,2023-04-21 11:52:30,2023-04-21 11:53:23,0.001,0,18.8,FALSE
1,"Apr","OWC","TR",63,"2023_04_21_OWC_TR_63_1",2023-04-21 12:02:49.5,259.732325999081,0.980056387216904,1.18849262156724e-25,0.880552453990433,2.58391326625733,248.680499905675,0.447226427769858,0.0203662135189204,15784.9701663581,0.71576931131373,5.73910369085421e-28,0.902659622427088,2.33257614066859,242.542323104337,0.919321681726386,2.16563072232676,251.046022003428,TRUE,0.41854716117279,0.0156880280994937,1.46226221625013,2023-04-21 12:02:23,2023-04-21 12:03:16,0.001,0,17.945,FALSE
2,"Apr","OWC","TR",63,"2023_04_21_OWC_TR_63_2",2023-04-21 12:04:13.5,163.97124004472,0.131599921292009,1.3468423438389e-18,0.7774115965109,1.06463104004824,148.523674179519,0.129655636947018,0.00805666187900626,15920.7976895091,0.283150882183699,7.67165322722578e-22,0.832788695801552,0.922742818882141,133.930874033847,0.881495943340952,0.79219324578206,149.08528627798,TRUE,0.135238491130262,0.00814187899803081,0.805788624086891,2023-04-21 12:03:47,2023-04-21 12:04:40,0.001,0,17.71,FALSE
1,"Apr","OWC","TR",64,"2023_04_21_OWC_TR_64_b_1",2023-04-21 12:10:45.5,NA,NA,NA,NA,NA,352.818571719126,13.193555636353,0.0534164490651933,15823.2538953308,1.87731779030494,1.6934775749115e-81,0.99914835295584,6.11787431635028,295.262496258356,0.999727607279532,3.52845958374886,353.217669608422,TRUE,13.2216482965948,0.0522497831067101,6.95253553488625,2023-04-21 12:10:19,2023-04-21 12:11:12,0.001,0,16.8,FALSE
1,"Apr","OWC","UP",50,"2023_04_21_OWC_UP_50_b_1",2023-04-21 11:24:27.5,NA,NA,NA,NA,NA,176.911943972755,-0.104538344891849,0.0104787946895147,15697.7935136868,0.368276589624474,1.1286917566521e-13,0.656820433275373,1.20015369833078,150.889625743848,0.803180911911385,0.926886238571758,176.912604017419,TRUE,-0.104297252433595,0.0114119340355667,1.38985620703269,2023-04-21 11:24:01,2023-04-21 11:24:54,0.001,0,19.3,FALSE
1,"Apr","OWC","UP",51,"2023_04_21_OWC_UP_51_1",2023-04-21 10:59:54.5,NA,NA,NA,NA,NA,211.402023555577,0.109077328523864,0.0144212995689017,15693.2089367375,0.506835679155195,6.26090084745908e-10,0.523846373449629,1.65169530706351,131.633205007679,0.899066071504958,0.775517575688868,211.957453454686,TRUE,0.102309380910354,0.015374059558648,1.48678525902466,2023-04-21 10:59:28,2023-04-21 11:00:21,0.001,0,21.2233333333333,FALSE
2,"Apr","OWC","UP",51,"2023_04_21_OWC_UP_51_2",2023-04-21 11:01:19.5,NA,NA,NA,NA,NA,163.664977992806,-0.0513111903308016,0.00926919530392476,15700.7828307557,0.325765294219226,1.03082402933079e-06,0.370792349239411,1.06161627879655,131.10138498974,0.68030808817383,0.77170811304617,164.114706819051,TRUE,-0.048529638382081,0.0088055386456087,1.08668122592303,2023-04-21 11:00:53,2023-04-21 11:01:46,0.001,0,20.94,FALSE
1,"Apr","OWC","UP",52,"2023_04_21_OWC_UP_52_b_1",2023-04-21 11:15:21.5,212.231082818024,-0.379966948915123,1.02673253844834e-30,0.923650082460104,1.66442329475582,152.286860700164,-0.374457335330782,0.00834233898956039,15712.2324279255,0.293190986520691,2.92131098103201e-43,0.974840167755339,0.955461891153217,144.17040099773,0.979896983450578,0.870977195123109,152.588956745141,TRUE,-0.370025094079534,0.00780603162563196,0.79825770038481,2023-04-21 11:14:55,2023-04-21 11:15:48,0.001,0,19.2833333333333,FALSE
2,"Apr","OWC","UP",52,"2023_04_21_OWC_UP_52_b_2",2023-04-21 11:16:47.5,210.899029525123,-0.274127829216648,1.4219913962684e-23,0.856492420283548,1.64402066602613,143.240733446297,-0.26758167301703,0.00767204492979924,15711.2010881321,0.269633543352023,9.58675779078888e-38,0.959004740205123,0.878692003143438,144.725402616101,0.960870516180776,0.87546458345841,143.441485804575,TRUE,-0.266810964238383,0.00775689880959916,0.846595367430753,2023-04-21 11:16:21,2023-04-21 11:17:14,0.001,0,19.1,FALSE
1,"Apr","OWC","UP",55,"2023_04_21_OWC_UP_55_1",2023-04-21 11:31:10.5,NA,NA,NA,NA,NA,174.925462613644,-0.0117386947118434,0.0102878163435887,15761.0955828112,0.361564667498534,0.259085680508524,0.0244258755451399,1.17828063230025,138.438256737447,0.539062217656514,0.825955075712668,174.935618332622,TRUE,-0.0124814400146615,0.0117641312780234,1.22666526288628,2023-04-21 11:30:44,2023-04-21 11:31:37,0.001,0,19.9,FALSE
2,"Apr","OWC","UP",55,"2023_04_21_OWC_UP_55_2",2023-04-21 11:32:35.5,NA,NA,NA,NA,NA,169.043079045241,-0.16197242366171,0.00974246144964202,15799.3062378341,0.342398203565553,1.85028978304998e-22,0.841658581913962,1.11582023372714,155.820404264148,0.884898407228384,0.970184437055576,169.194470439448,TRUE,-0.161382172939826,0.0101271045419171,1.18196325008826,2023-04-21 11:32:09,2023-04-21 11:33:02,0.001,0,19.8366666666667,FALSE
1,"Apr","OWC","UP",56,"2023_04_21_OWC_UP_56_1",2023-04-21 11:38:56.5,191.093333724459,1.0174233617592,4.27162204930506e-34,0.943383253020672,1.36855959318221,233.263017039701,0.339010568368285,0.0176568331682677,15786.1467544712,0.620548306885389,2.90955180171591e-25,0.876378449593536,2.02226632504884,168.849794827971,0.965175771582532,1.09458294760903,233.265345206339,TRUE,0.33823514790036,0.0184027364431096,2.46043397204629,2023-04-21 11:38:30,2023-04-21 11:39:23,0.001,0,19.9,FALSE
2,"Apr","OWC","UP",56,"2023_04_21_OWC_UP_56_2",2023-04-21 11:40:21.5,NA,NA,NA,NA,NA,195.437481920348,0.0884919037461092,0.0124396185108472,15798.6588013462,0.437189621244164,3.25936166604915e-09,0.493201811420746,1.42473009577676,155.630403653913,0.774826619808601,0.968479126106325,195.521863988114,TRUE,0.0906209630776958,0.0123747810066476,1.24952226072702,2023-04-21 11:39:55,2023-04-21 11:40:48,0.001,0,19.7,FALSE
1,"Apr","OWC","W",65,"2023_04_21_OWC_W_65_1",2023-04-21 12:25:30.5,NA,NA,NA,NA,NA,559.649705815607,38.7369456735111,0.362571547396532,16198.0084274468,12.7425545519728,1.29873042052848e-62,0.995465117061247,41.5259193839225,514.076487764846,0.998189185554621,26.7602311756852,559.753223299151,TRUE,38.8120587195152,0.362836341182488,48.0054443723355,2023-04-21 12:25:04,2023-04-21 12:25:57,0,0,15.9533333333333,FALSE
2,"Apr","OWC","W",65,"2023_04_21_OWC_W_65_2",2023-04-21 12:26:55.5,674.62943935832,47.6713786075689,7.30242777429174e-36,0.951577415510326,120.415102153664,584.307146113456,34.2965081437924,0.455561834967085,16586.1361175289,16.0106924427695,9.29365441880634e-55,0.990908578591963,52.1762509195059,527.64912337612,0.997043415996218,30.3437154245172,589.126233338292,TRUE,33.4513111760372,0.286452647095635,29.6371527470816,2023-04-21 12:26:29,2023-04-21 12:27:22,0.00065,0,15.8,FALSE
1,"Apr","OWC","W",66,"2023_04_21_OWC_W_66_1",2023-04-21 12:29:57.5,578.41068753146,41.6367021083727,1.19085979709444e-33,0.941108688678512,49.4039603204823,638.478679280045,11.6131959642093,0.752288376174689,18269.8471487011,26.4391283349574,4.62175700737318e-21,0.820878601194922,86.1608327702741,584.843151097913,0.938395237207367,51.5299791019293,653.613224002548,TRUE,8.99186096290215,0.0716184285308816,7.79816695280751,2023-04-21 12:29:31,2023-04-21 12:30:24,0.001,0,15.705,FALSE
2,"Apr","OWC","W",66,"2023_04_21_OWC_W_66_2",2023-04-21 12:31:22.5,NA,NA,NA,NA,NA,496.209700372388,6.68229200425025,0.201505035095229,17554.5367330068,7.08188196408572,1.18207775367782e-36,0.954849836482109,23.0787051628945,488.935020309048,0.963357691967631,21.2026358976419,499.984264475128,TRUE,7.01665747539912,0.0267180014144936,2.35361167642604,2023-04-21 12:30:56,2023-04-21 12:31:49,0.001,0,15.8,FALSE
1,"Apr","OWC","W",67,"2023_04_21_OWC_W_67_1",2023-04-21 12:34:04.5,520.531378982717,9.91196138791163,5.44356059161056e-35,0.947691824430194,28.9077887524159,410.415232458799,7.93091009296275,0.0910511237045572,16323.426236622,3.19998609696432,5.01508382049374e-58,0.993192909558578,10.4282358886696,343.689495256446,0.998162825291966,5.52486899623597,417.186944386751,TRUE,7.72286531813935,0.0434904812775853,4.79810734515068,2023-04-21 12:33:38,2023-04-21 12:34:31,0.001,0,15.8,FALSE
2,"Apr","OWC","W",67,"2023_04_21_OWC_W_67_2",2023-04-21 12:35:29.5,522.943707302275,6.31633925173895,1.50569758477811e-30,0.922519190590123,29.5607491503804,277.301601735864,6.68369222136395,0.0265462243865643,16531.0812603329,0.932965410064996,6.25372365338657e-82,0.999180366176921,3.04038301333772,262.381335337962,0.999422630536488,2.60232741299424,277.724624551027,TRUE,6.66970775141408,0.0256831861243509,2.15868303594528,2023-04-21 12:35:03,2023-04-21 12:35:56,0.001,0,15.7,FALSE
1,"Apr","OWC","W",71,"2023_04_21_OWC_W_71_1",2023-04-21 12:38:27.5,NA,NA,NA,NA,NA,1058.89706905876,504.432563197798,36.8968919586282,8844.20127110671,1296.73898009119,7.49990041327388e-19,0.78234251136216,4225.86210085482,919.07211655436,0.984827302011379,1137.82793058754,1058.89706905876,TRUE,504.432563197798,36.8968919586282,5491.62198577465,2023-04-21 12:38:01,2023-04-21 12:38:54,0.001,0,15.6633333333333,FALSE
2,"Apr","OWC","W",71,"2023_04_21_OWC_W_71_2",2023-04-21 12:39:52.5,774.311106341335,375.392355674643,1.47260242904907e-54,0.990746225883875,303.057742351262,862.252749768766,193.620658509646,5.97358102685867,30959.1098448583,209.94113479657,3.67494126840875e-36,0.95283837966989,684.16412135994,672.781733750856,0.998689008343809,116.327546932722,863.077187591696,TRUE,189.058120812555,5.55654282186937,792.158580523651,2023-04-21 12:39:26,2023-04-21 12:40:19,0.001,0,15.44,FALSE
1,"Apr","OWC","W",72,"2023_04_21_OWC_W_72_1",2023-04-21 12:42:23.5,573.936698502772,11.2982864815776,4.93744800001112e-31,0.925766848254754,47.3991722311964,310.835237530941,10.9502616005007,0.0362117683175282,17238.1869536912,1.27266035220588,4.58933196185752e-86,0.999431661699361,4.14739375635116,253.748398112863,0.999816634931748,2.40240807648008,313.536082127019,TRUE,10.8983009439344,0.0293249540275046,3.34585595591422,2023-04-21 12:41:57,2023-04-21 12:42:50,0.001,0,15.435,FALSE
2,"Apr","OWC","W",72,"2023_04_21_OWC_W_72_2",2023-04-21 12:43:49.5,NA,NA,NA,NA,NA,372.963073631811,8.89840543914737,0.064369627508335,16457.1351141065,2.26226656753644,2.06537953072683e-68,0.997286306389549,7.37235997109521,368.831846339675,0.997665652568176,6.97309437923318,373.816125881233,TRUE,8.85236363756239,0.0339853406144684,4.06558145887829,2023-04-21 12:43:23,2023-04-21 12:44:16,0.001,0,15.755,FALSE
1,"May","OWC","TR",58,"2023_05_10_OWC_TR_58_1",2023-05-10 13:04:42.5,234.723928952147,-0.782739141930827,1.31093620496523e-34,0.945895292497861,2.04980729798922,191.504847149232,-0.548061508062074,0.0119947989570979,15708.3203110933,0.421556465608718,1.18519246219431e-43,0.975697776938531,1.37378417610374,154.003573556705,0.988731336559012,0.954000015949531,191.55915035483,TRUE,-0.546811150011911,0.0111600375973973,1.40430781114904,2023-05-10 13:04:16,2023-05-10 13:05:09,0.001,0,16.2566666666667,FALSE
2,"May","OWC","TR",58,"2023_05_10_OWC_TR_58_2",2023-05-10 13:06:07.5,NA,NA,NA,NA,NA,173.528694326673,-0.155457494721331,0.010155620297433,15666.3040742114,0.356918645653217,6.63016954739939e-21,0.818385386713827,1.16314000034787,163.028747784493,0.861153444790307,1.03714820615707,175.269472989831,TRUE,-0.167897017111637,0.0085731669738617,0.968656025547373,2023-05-10 13:05:41,2023-05-10 13:06:34,0.001,0,16.03,FALSE
1,"May","OWC","TR",59,"2023_05_10_OWC_TR_59_1",2023-05-10 12:48:42.5,232.984256329277,-1.14504341169118,1.14849233124664e-38,0.962215254875288,2.01705334821266,229.390627995549,-0.641681755376843,0.0170349548841408,15635.3304668011,0.598692433149363,2.03308740691843e-39,0.964647935929197,1.95104157595118,165.047683739039,0.990028343671994,1.05671885611952,229.404368462827,TRUE,-0.641501217822777,0.0205842307317317,2.02548611248918,2023-05-10 12:48:16,2023-05-10 12:49:09,0.001,0,16.8,FALSE
2,"May","OWC","TR",59,"2023_05_10_OWC_TR_59_2",2023-05-10 12:50:07.5,NA,NA,NA,NA,NA,191.455137575422,-0.0633351051840208,0.0119892793353891,15538.4894033803,0.421362478846007,2.54305325397758e-06,0.349238096143892,1.37315200469439,164.486797396204,0.633258934616268,1.05124512671326,191.546120015035,TRUE,-0.0668832210168177,0.0132036839394189,1.52257723706109,2023-05-10 12:49:41,2023-05-10 12:50:34,0.001,0,16.715,FALSE
1,"May","OWC","TR",60,"2023_05_10_OWC_TR_60_1",2023-05-10 12:55:30.5,428.959514330859,2.21665008343506,1.34849960126662e-25,0.879972229939099,12.3817477199332,288.433376849932,2.24015077576106,0.0294283802016229,15671.0141174497,1.03425859747692,5.25243446947401e-55,0.991105907841509,3.37048108884151,268.906008844441,0.994247150750073,2.76438958873367,291.875652954774,TRUE,2.28672610631862,0.0239929982286355,1.97955187388902,2023-05-10 12:55:04,2023-05-10 12:55:57,0.001,0,16.7233333333333,FALSE
2,"May","OWC","TR",60,"2023_05_10_OWC_TR_60_2",2023-05-10 12:56:55.5,NA,NA,NA,NA,NA,218.642605228185,1.46674696478497,0.015421284620082,15724.161055955,0.541980091774771,5.32369500077793e-60,0.994284624402044,1.76622524996338,214.513519950366,0.995083379519591,1.67060475665244,218.756061376331,TRUE,1.46284727765506,0.0171440549976304,1.71783701795773,2023-05-10 12:56:29,2023-05-10 12:57:22,0.001,0,16.8,FALSE
1,"May","OWC","TR",61,"2023_05_10_OWC_TR_61_1",2023-05-10 13:00:18.5,494.196668352448,1.03458247508428,1.58090084981224e-75,0.96412473508899,2.55453414626609,414.112675347543,0.882527092871991,0.0113566680047825,15792.9280158618,0.406546508189339,1.37752158910848e-92,0.9833899212613,1.73820101622635,308.187588912749,0.99422789011051,1.03485984370458,414.119139522073,TRUE,0.881819757980575,0.0130029550054045,1.83789980181211,2023-05-10 12:59:53,2023-05-10 13:00:44,0.001,0,16.7983333333333,FALSE
2,"May","OWC","TR",61,"2023_05_10_OWC_TR_61_2",2023-05-10 13:01:42.5,249.154199294513,0.465239402123862,1.9918555719924e-27,0.897897636650274,2.34282953539429,172.349308876247,0.455916470270915,0.0100453218691092,15780.5948147998,0.353042214228841,1.66619038459341e-43,0.975377440223404,1.15050733880662,171.922232194884,0.977315538259697,1.12616934666703,172.630191038553,TRUE,0.450718250835908,0.00874217992136191,0.976043799105868,2023-05-10 13:01:16,2023-05-10 13:02:09,0.001,0,16.6133333333333,FALSE
1,"May","OWC","TR",63,"2023_05_10_OWC_TR_63_1",2023-05-10 12:43:34.5,236.45024085795,0.485289707936921,7.66361324923071e-32,0.930892664140588,2.08283543902403,225.222846937252,0.484645440684889,0.0163900892368705,15650.495964329,0.576028669960996,3.41857344776043e-34,0.943865747604503,1.87718404610833,198.339488654512,0.968315356112082,1.43824862619946,225.453730838108,TRUE,0.480086423072581,0.0142597836056194,1.63945755834956,2023-05-10 12:43:08,2023-05-10 12:44:01,0.001,0,16.15,FALSE
2,"May","OWC","TR",63,"2023_05_10_OWC_TR_63_2",2023-05-10 12:45:05,107.576976911216,0.127673575314961,1.0491889582301e-18,0.853572075546585,0.807350911859528,104.267483120157,0.154351164228696,0.00954673836578327,15664.1191434232,0.372567504012153,2.1529577456048e-19,0.864419121404485,0.776872250307915,107.807733692523,0.865861009476206,0.792296118984252,104.347240894793,TRUE,0.154079151261509,0.00953324048837115,0.606180740476229,2023-05-10 12:44:44,2023-05-10 12:45:26,0.001,0,16.6433333333333,FALSE
1,"May","OWC","TR",64,"2023_05_10_OWC_TR_64_b_1",2023-05-10 12:38:53.5,531.16453026978,6.61723326470433,2.05449274334972e-30,0.921588982012197,31.8987291462527,250.388428236581,7.17078958886235,0.0206908480433,12376.2110055725,0.727178571544061,3.83820967525285e-89,0.999567249094293,2.36975707002012,214.44463443704,0.999793466546482,1.66953953653014,250.837404910526,TRUE,7.16754356209924,0.0215373188662002,2.23595798511011,2023-05-10 12:38:27,2023-05-10 12:39:20,0.001,0,15.4,FALSE
2,"May","OWC","TR",64,"2023_05_10_OWC_TR_64_b_2",2023-05-10 12:40:18.5,532.073873772891,6.94960424620058,9.3517767974839e-31,0.923923447705697,32.1684454648345,262.551613999529,7.34122391077169,0.0231573811385417,12394.3943478846,0.813864724238742,3.94543799346403e-87,0.999482845111484,2.6522531875623,208.786074367887,0.999822563960137,1.58431761381803,263.048803158203,TRUE,7.328748465927,0.0243657997117756,2.46385219713324,2023-05-10 12:39:52,2023-05-10 12:40:45,0.001,0,15.4,FALSE
1,"Jun","OWC","TR",58,"2023_06_22_OWC_TR_58_1",2023-06-22 13:56:34,NA,NA,NA,NA,NA,198.905297543308,-0.0939978241981402,0.0155639130251308,15521.3979240317,0.562386586301947,2.03456013010543e-07,0.426734489882861,1.63606266524998,200.627806707096,0.45177143205882,1.63362349073253,199.13867584951,TRUE,-0.0912733004414612,0.00984964319285191,0.895403543920182,2023-06-22 13:56:09,2023-06-22 13:56:59,0.001,0,19.7,FALSE
2,"Jun","OWC","TR",58,"2023_06_22_OWC_TR_58_2",2023-06-22 13:57:57.5,250.485607483415,-0.15133559458653,0.000284852009951299,0.225559196560651,2.37189035564277,245.237828008843,-0.0925249062920682,0.0197272462020454,15511.2216659977,0.693312844581377,2.01508344334033e-05,0.29727887273504,2.25939415636773,246.505855097225,0.331946651996079,2.24658439475738,245.980498511902,TRUE,-0.106543368868906,0.0115324166184001,1.13982974227524,2023-06-22 13:57:31,2023-06-22 13:58:24,0.001,0,19.7,FALSE
1,"Jun","OWC","TR",60,"2023_06_22_OWC_TR_60_1",2023-06-22 13:51:22.5,200.434024332163,0.433801266930621,2.84858482700706e-24,0.865073234193349,1.49219273277105,171.276135628876,0.245509726130554,0.00994599791981583,15543.5802107412,0.349551480189516,2.2102831152413e-30,0.921368588750009,1.13913160251163,172.805560990569,0.924885030112004,1.13541802310766,171.334110259478,TRUE,0.24379198169439,0.00974352261966633,0.80165332539765,2023-06-22 13:50:56,2023-06-22 13:51:49,0.001,0,19.2733333333333,FALSE
2,"Jun","OWC","TR",60,"2023_06_22_OWC_TR_60_2",2023-06-22 13:52:48,335.338345443949,0.280921297613524,1.14069731219359e-61,0.929364507350629,1.15496301961143,333.453266791874,0.271453943228979,0.00726851218737622,15543.8072210439,0.257801739574988,4.52136264075467e-62,0.930609568313904,1.14473875039023,312.325600807795,0.945254480300841,1.02670922662494,334.333594093608,TRUE,0.264687251764765,0.00634884996346109,0.663009810939372,2023-06-22 13:52:22,2023-06-22 13:53:14,0.001,0,19.3566666666667,FALSE
1,"Jun","OWC","TR",61,"2023_06_22_OWC_TR_61_b_1",2023-06-22 13:46:40.5,261.901277787655,0.41307142577607,3.38687217550516e-28,0.90461042993,2.63633028501985,259.956176393665,0.512111945242095,0.0226075006799222,15569.8198677547,0.794539209615945,1.32523533737837e-28,0.90798525390136,2.58927446857736,245.904786002523,0.934131268776391,2.23411586006235,261.220005724634,TRUE,0.491306661669388,0.0196380605660403,2.3862426934779,2023-06-22 13:46:14,2023-06-22 13:47:07,0.001,0,19.1,FALSE
2,"Jun","OWC","TR",61,"2023_06_22_OWC_TR_61_b_2",2023-06-22 13:48:04.5,NA,NA,NA,NA,NA,197.881886911644,0.146298501179813,0.0127243795138765,15640.0610843647,0.447197529039002,6.75763544412487e-16,0.717686524106241,1.45734424473685,184.974915587061,0.793577299907568,1.27084253596082,198.460450423345,TRUE,0.154664921304981,0.0107029904534588,1.48803197617925,2023-06-22 13:47:38,2023-06-22 13:48:31,0.001,0,19.1,FALSE
1,"Jun","OWC","TR",63,"2023_06_22_OWC_TR_63_1",2023-06-22 14:02:19.5,564.9800774083,17.2713815787227,1.4511243293079e-34,0.945683684947105,43.6268631653104,469.526990291175,11.7311836887117,0.157394003611055,15996.127075755,5.53160249768251,1.55701303583752e-54,0.990726370064239,18.0265957226847,438.303556847141,0.995169794191354,13.2674764655196,471.450382544347,TRUE,11.5459643298931,0.131382935800184,13.6849914195204,2023-06-22 14:01:53,2023-06-22 14:02:46,0.001,0,19.9,FALSE
2,"Jun","OWC","TR",63,"2023_06_22_OWC_TR_63_2",2023-06-22 14:03:47,471.988971161832,8.00755769239692,5.02477501836958e-32,0.949006266945164,28.6997185657756,331.110581858715,8.78879965757382,0.0688575018502187,15748.4680476225,2.53560212588405,2.22894472074832e-61,0.997123329426767,6.81654490913969,320.864282278386,0.997849086218101,6.02383972465233,331.205514768272,TRUE,8.78473870414465,0.0691189963945919,6.60618737569734,2023-06-22 14:03:23,2023-06-22 14:04:11,0.001,0,19.9,FALSE
1,"Jun","OWC","TR",64,"2023_06_22_OWC_TR_64_1",2023-06-22 14:07:12.5,486.552634306268,23.165532419004,1.12187993318823e-51,0.988056328781338,21.1046429130484,547.428178143405,11.9323673030069,0.323778465569188,15962.120512397,11.379174096519,6.09047294943551e-39,0.963125272720325,37.082883519185,390.11286492048,0.998140689344723,8.49183871807839,549.364825430639,TRUE,11.5521097363279,0.275144624962217,38.3168756797374,2023-06-22 14:06:46,2023-06-22 14:07:39,0.001,0,19.76,FALSE
2,"Jun","OWC","TR",64,"2023_06_22_OWC_TR_64_2",2023-06-22 14:08:40.5,443.505882192789,5.54460571474691,5.74718065441735e-33,0.950408354670361,19.6196435440592,241.246390718862,5.97917635217265,0.025439688832969,15725.8153128197,0.927938586445935,3.85262039600295e-75,0.999131829756831,2.59590803158532,234.562096980246,0.999298863946319,2.38303108155423,242.280222889426,TRUE,5.95648295032067,0.0214961230753814,1.60568785708741,2023-06-22 14:08:16,2023-06-22 14:09:05,0.001,0,19.6733333333333,FALSE
1,"Jun","OWC","TR",65,"2023_06_22_OWC_TR_65_1",2023-06-22 14:34:45.5,NA,NA,NA,NA,NA,531.303020600061,13.3161079814703,0.278871895202554,17281.397010935,9.80093546541916,1.26312884392788e-44,0.977702059439207,31.9396596941399,481.200041400062,0.991812674396118,19.7372030333586,534.878949614415,TRUE,13.7765291575101,0.189577921513523,20.0381366097537,2023-06-22 14:34:19,2023-06-22 14:35:12,0.001,0,21.9,FALSE
2,"Jun","OWC","TR",65,"2023_06_22_OWC_TR_65_2",2023-06-22 14:36:14,NA,NA,NA,NA,NA,420.4369073492,11.4627212218223,0.218529472661107,16937.6191291076,8.20286405860488,5.30949254365396e-42,0.983907943254814,20.3220660338827,333.00187573886,0.997700021958067,7.85951875319889,420.949848110532,TRUE,11.4778346830001,0.202335194091352,19.6704288372274,2023-06-22 14:35:51,2023-06-22 14:36:37,0.001,0,21.7066666666667,FALSE
1,"Jun","OWC","TR",66,"2023_06_22_OWC_TR_66_b_1",2023-06-22 14:29:05.5,682.633304241471,49.671367589403,1.88058824527222e-35,0.949784956117985,129.678047135102,577.163571776395,36.3056021653255,0.426403999505353,18363.5782546447,14.9859421234009,1.62481094693022e-57,0.992878121912824,48.8367557674792,518.52465580655,0.997767344818457,27.8854100619871,581.975854451772,TRUE,35.499956567748,0.26828660942239,31.1819937854288,2023-06-22 14:28:39,2023-06-22 14:29:32,0.001,0,21.5,FALSE
2,"Jun","OWC","TR",66,"2023_06_22_OWC_TR_66_b_2",2023-06-22 14:30:30.5,672.511848496279,34.154046056094,1.04985561163078e-33,0.941393119033379,118.077080452568,537.376029651389,30.6353547003478,0.295002574873508,18029.5168199572,10.3678472022708,5.64908959337802e-62,0.995201338866264,33.7871331333377,477.97174732034,0.99851682720727,19.1559566946663,545.174420973343,TRUE,29.8959759608128,0.146771115208218,13.4244050891285,2023-06-22 14:30:04,2023-06-22 14:30:57,0.001,0,21.56,FALSE
1,"Jun","OWC","TR",68,"2023_06_22_OWC_TR_68_1",2023-06-22 14:39:13.5,828.28297712218,115.624426933056,8.09916869572824e-30,0.917348064706398,499.52762428664,631.846378567718,109.278914433429,0.707480125258553,18034.9001451779,24.864345134849,6.53218627313822e-71,0.997825228826373,81.0288696346146,626.394317300087,0.998174442755545,75.7089798194533,632.10611187925,TRUE,109.057782031565,0.706692391515102,74.5745268656491,2023-06-22 14:38:47,2023-06-22 14:39:40,0.000983333333333333,0,22.105,FALSE
2,"Jun","OWC","TR",68,"2023_06_22_OWC_TR_68_2",2023-06-22 14:40:39.5,776.462652012113,98.016439122031,2.51116117895486e-31,0.934923777118739,407.062425894707,608.607320014319,104.121384968557,0.748821733216739,21927.4405926754,26.8063538325989,2.18250984414899e-66,0.997420560599294,81.0424407520968,608.570063135482,0.997613250177772,79.5641963396883,608.82391780368,TRUE,104.36051555722,0.733398963779396,91.3696984855362,2023-06-22 14:40:14,2023-06-22 14:41:05,0.000433333333333333,0,22.4866666666667,FALSE
1,"Jun","OWC","TR",71,"2023_06_22_OWC_TR_71_1",2023-06-22 14:45:22.5,NA,NA,NA,NA,NA,633.139651241396,70.6232344318676,0.716002948231531,16603.0784148931,25.163879219776,8.11250562048196e-61,0.994683538319035,82.0050026550919,618.467785102837,0.996237691673506,70.3514194646807,633.827539396108,TRUE,71.1330111457147,0.673808501265532,81.9215296234524,2023-06-22 14:44:56,2023-06-22 14:45:49,0.001,0,22.4,FALSE
2,"Jun","OWC","TR",71,"2023_06_22_OWC_TR_71_2",2023-06-22 14:46:46.5,NA,NA,NA,NA,NA,567.136523629152,75.3668834050025,0.388597542954821,15959.7053944737,13.6572365521249,4.82215229838734e-76,0.998619481073329,44.5067197285725,559.145440474728,0.998894384308305,40.6184335445525,567.432625892918,TRUE,75.2314747577715,0.385191400190307,42.3924133049953,2023-06-22 14:46:20,2023-06-22 14:47:13,0.001,0,22.23,FALSE
1,"Jun","OWC","TR",72,"2023_06_22_OWC_TR_72_1",2023-06-22 14:49:23.5,NA,NA,NA,NA,NA,329.584076294792,2.01106993225073,0.0430767977362774,15751.7237655317,1.51393138546112,3.97261137033076e-44,0.97669784695423,4.93365693739294,306.146318409549,0.985980641364025,3.90257865484148,333.038122903002,TRUE,2.07557498349417,0.0327396641002904,3.66609819011791,2023-06-22 14:48:57,2023-06-22 14:49:50,0.001,0,22.4733333333333,FALSE
2,"Jun","OWC","TR",72,"2023_06_22_OWC_TR_72_2",2023-06-22 14:50:48.5,NA,NA,NA,NA,NA,272.123840610012,2.58308223079739,0.0253035650599368,15606.1229986088,0.889292225081867,1.3709933840274e-61,0.99503489293117,2.89805918404183,275.765232751987,0.995067756400423,2.94565493010439,272.585076090394,TRUE,2.59733004693583,0.0202602053627052,2.24676214969327,2023-06-22 14:50:22,2023-06-22 14:51:15,0.001,0,22.92,FALSE
1,"Jun","OWC","UP",50,"2023_06_22_OWC_UP_50_1",2023-06-22 12:59:20.5,249.987078332506,-1.00872193922665,4.87490232437245e-35,0.947913103718926,2.36096691523954,214.0454011391,-0.642553468431084,0.0147786263117911,15687.3791031111,0.519393905377968,1.4685446581336e-42,0.973228797090322,1.69262053030701,195.419133033153,0.982392554953799,1.39987901040085,215.281419541722,TRUE,-0.628609646067816,0.0123153768397675,1.14354997580283,2023-06-22 12:58:54,2023-06-22 12:59:47,0.001,0,20.8566666666667,FALSE
2,"Jun","OWC","UP",50,"2023_06_22_OWC_UP_50_2",2023-06-22 13:00:45.5,250.96462648861,-0.696284310689232,8.19401002542217e-31,0.92430859559915,2.38243391095318,165.714925716236,-0.540949998629713,0.00944681423584288,15696.6715007999,0.332007700568212,1.18640491419617e-48,0.984389145972081,1.08195926903076,163.687179587682,0.986037969821318,1.04349058814719,166.256997492422,TRUE,-0.53541811932527,0.00937885947432376,1.03296083344959,2023-06-22 13:00:19,2023-06-22 13:01:12,0.001,0,20.9,FALSE
1,"Jun","OWC","UP",51,"2023_06_22_OWC_UP_51_1",2023-06-22 13:09:38.5,NA,NA,NA,NA,NA,167.659264478629,-0.023135241389908,0.00961842666973141,15624.1860619461,0.338039008916381,0.0197522618249253,0.100120084832644,1.10161432510481,144.651478850924,0.454273928917607,0.874865551102865,167.785673513173,TRUE,-0.0260045353292602,0.0102932430230179,1.21687035850241,2023-06-22 13:09:12,2023-06-22 13:10:05,0.001,0,20.6833333333333,FALSE
2,"Jun","OWC","UP",51,"2023_06_22_OWC_UP_51_2",2023-06-22 13:11:03.5,NA,NA,NA,NA,NA,154.364407924984,-0.0915939031305245,0.00850437026178363,15635.8130532313,0.298885565536215,7.53271791752239e-15,0.690471674318242,0.974019600924794,135.45032870791,0.797505078260633,0.803417403508534,154.508716663651,TRUE,-0.0913032507471625,0.00850890629408263,0.993696476845419,2023-06-22 13:10:37,2023-06-22 13:11:30,0.001,0,20.5,FALSE
1,"Jun","OWC","UP",52,"2023_06_22_OWC_UP_52_1",2023-06-22 13:04:50.5,NA,NA,NA,NA,NA,146.540856783718,-0.31711638092839,0.00880706453041988,15675.4915601713,0.323292452206845,2.00544462193044e-37,0.962866895172353,0.953158774305846,139.637554595573,0.96989082336401,0.8759885741544,146.573237104354,TRUE,-0.318372115379084,0.00893072923414892,1.11636023934245,2023-06-22 13:04:25,2023-06-22 13:05:16,0.001,0,20.8475409836066,FALSE
2,"Jun","OWC","UP",52,"2023_06_22_OWC_UP_52_2",2023-06-22 13:06:14.5,229.671571820368,-0.365393371377105,2.37526003383053e-27,0.897205440668883,1.95612348927814,127.752994924346,-0.381135797080716,0.00664708363656855,15653.4068663374,0.233611342254239,1.10839818921039e-48,0.984429916118732,0.761301489905538,131.528604087494,0.984494481585131,0.774766829565432,127.761598125361,TRUE,-0.381728693369359,0.00640075842878326,0.715314626830156,2023-06-22 13:05:48,2023-06-22 13:06:41,0.001,0,20.7,FALSE
1,"Jun","OWC","UP",55,"2023_06_22_OWC_UP_55_1",2023-06-22 12:53:54.5,NA,NA,NA,NA,NA,184.109219684552,-0.0652256517930793,0.0112009108794018,15751.9677480584,0.393655318343185,3.65633902544636e-07,0.394716710233433,1.28285886067018,155.501431728392,0.669089260153849,0.967323273637556,184.147471903982,TRUE,-0.0673606580475997,0.0116573840944764,1.26198023747243,2023-06-22 12:53:28,2023-06-22 12:54:21,0.001,0,21.03,FALSE
2,"Jun","OWC","UP",55,"2023_06_22_OWC_UP_55_2",2023-06-22 12:55:21.5,NA,NA,NA,NA,NA,151.214679961224,-0.132268379501504,0.0103397263072551,15757.051536238,0.377152058611576,4.44383782446159e-17,0.773201593652995,1.05508281731074,154.527475371632,0.776297408453513,1.07039423547196,151.216577338969,TRUE,-0.132614490742184,0.0109064690591144,1.02750230951314,2023-06-22 12:54:57,2023-06-22 12:55:46,0.001,0,20.7466666666667,FALSE
1,"Jun","OWC","UP",56,"2023_06_22_OWC_UP_56_1",2023-06-22 12:48:27.5,NA,NA,NA,NA,NA,164.506094047913,-0.314346266488245,0.00934166667283684,15704.192445857,0.328312295986048,5.71683312902321e-37,0.956092822310191,1.0699165446191,163.253706793939,0.960162392548139,1.03931078944372,164.57983955372,TRUE,-0.3124254966208,0.0104368428059732,0.967855068751723,2023-06-22 12:48:01,2023-06-22 12:48:54,0.001,0,21.5,FALSE
2,"Jun","OWC","UP",56,"2023_06_22_OWC_UP_56_2",2023-06-22 12:49:52.5,NA,NA,NA,NA,NA,153.882064672985,-0.36456917083658,0.00846647323292242,15742.1986529661,0.297553676806696,2.39542730732967e-42,0.972720487493282,0.969679191489246,146.322299113638,0.977977465375208,0.888505445688532,154.663148245477,TRUE,-0.366283492044695,0.00914233983502383,0.798812997556761,2023-06-22 12:49:26,2023-06-22 12:50:19,0.001,0,21.3,FALSE
1,"Jun","OWC","W",67,"2023_06_22_OWC_W_67_1",2023-06-22 14:55:32.5,721.31059441306,49.1576664423982,1.91195532972191e-31,0.928422954002333,185.522816661129,523.028429389956,43.6205355074543,0.258303676672468,15733.3965867631,9.07806670051338,6.37685992781044e-73,0.998179916296308,29.5839475852217,500.787922120582,0.998880427214225,23.6620997061881,524.722418381857,TRUE,43.3375771234657,0.203734775541176,25.2603607217469,2023-06-22 14:55:06,2023-06-22 14:55:59,0.001,0,22.9333333333333,FALSE
2,"Jun","OWC","W",67,"2023_06_22_OWC_W_67_2",2023-06-22 14:57:00.5,NA,NA,NA,NA,NA,375.19213080881,40.5006264533167,0.120508077648133,16026.3156127341,4.48018931675277,1.23353637952266e-79,0.999592910562104,11.5662645967948,366.034077305777,0.99969051587581,10.3114554884099,375.299208289728,TRUE,40.5285575531794,0.118434723163482,11.5073055575999,2023-06-22 14:56:37,2023-06-22 14:57:24,0.001,0,22.8,FALSE
1,"Jun","OWC","W",69,"2023_06_22_OWC_W_69_1",2023-06-22 15:01:01.5,698.604448749095,62.6461483091352,4.19741738853105e-30,0.919408016256555,150.345470990431,642.304365845155,32.8671218548685,0.779414310104522,20522.5845760316,27.3924676009756,6.89997908076464e-42,0.971588185577977,89.2676108770292,642.196030471364,0.973669583950321,87.6374954112329,642.936180878059,TRUE,32.3227805472227,0.107025623918417,12.0011298260622,2023-06-22 15:00:35,2023-06-22 15:01:28,0.001,0,22.6,FALSE
2,"Jun","OWC","W",69,"2023_06_22_OWC_W_69_2",2023-06-22 15:02:29,549.730659780627,38.9569917468757,2.13196396238057e-42,0.981531184871317,63.4447757048459,519.925104320045,32.1675773350154,0.472821519087161,19373.7614856758,17.4111348327593,1.31516280226397e-48,0.989947644361063,46.8069423412438,417.76042792574,0.998848366982747,16.1910895653084,527.245126636408,TRUE,31.0649393659431,0.270306775188699,30.4966873701843,2023-06-22 15:02:05,2023-06-22 15:02:53,0.001,0,22.6,FALSE
1,"Jun","OWC","W",70,"2023_06_22_OWC_W_70_1",2023-06-22 15:05:54.5,737.18480565454,53.4268107706302,3.32109152007932e-32,0.933076978684729,214.897530625101,558.219317316168,52.2385001821651,0.357801187152095,15823.5968606264,12.5749005369686,1.21559881459095e-69,0.997566410535584,40.9795621301193,516.349549073247,0.998959265035028,27.329418918495,558.696933397771,TRUE,52.0533047925489,0.352875320729863,45.9304710603056,2023-06-22 15:05:28,2023-06-22 15:06:21,0.001,0,22.4,FALSE
2,"Jun","OWC","W",70,"2023_06_22_OWC_W_70_2",2023-06-22 15:07:19.5,733.309985246081,52.5431468494876,2.76248221852196e-31,0.927404123231343,207.324115904017,526.72408894622,48.4089865421807,0.267295557761696,16545.3191043563,9.39408580385198,1.68966386169097e-74,0.998417124103593,30.6138026080504,499.152911622974,0.999117863128411,23.3065774214825,528.599007451153,TRUE,48.1027672659401,0.206479740185471,20.3488360193989,2023-06-22 15:06:53,2023-06-22 15:07:46,0.001,0,22.4,FALSE
1,"Jun","CRC","TR",33,"2023_06_29_CRC_TR_33_1",2023-06-29 10:28:13.5,NA,NA,NA,NA,NA,582.49685800092,0.654922546389968,0.447989382504476,17348.5387413155,15.7445590705016,0.14978186061095,0.0394774124933204,51.3089654064566,581.099978979525,0.130832989117176,49.7745971099418,586.057823307299,TRUE,-0.0554315998693475,0.0172322548315517,1.46301228661667,2023-06-29 10:27:47,2023-06-29 10:28:40,0.001,0,22.7,FALSE
2,"Jun","CRC","TR",33,"2023_06_29_CRC_TR_33_2",2023-06-29 10:29:37.5,206.251829036855,-0.408594908167239,1.84710703727384e-31,0.928517749406221,1.574779453549,173.331955915628,-0.363572772877114,0.0101371371319314,17091.0306658499,0.356269055947714,2.37456051493177e-38,0.961145577895641,1.16102309281309,152.063184885663,0.975665826211011,0.937012972067288,173.48865558453,TRUE,-0.362189650691003,0.0102089307748611,1.08927295092199,2023-06-29 10:29:11,2023-06-29 10:30:04,0.001,0,22.42,FALSE
1,"Jun","CRC","TR",34,"2023_06_29_CRC_TR_34_1",2023-06-29 10:32:21.5,226.14829685464,-0.704108618574712,9.12640601968885e-32,0.930427425918323,1.89333871567733,181.046736100119,-0.445072887489978,0.0108877551172337,17183.297738024,0.382649478499037,3.31660822255221e-41,0.969820697218003,1.24699261295224,177.181080041484,0.973911462184713,1.18236296721916,182.89525132999,TRUE,-0.432872829430936,0.00862566124086473,0.97828417983587,2023-06-29 10:31:55,2023-06-29 10:32:48,0.001,0,21.9733333333333,FALSE
2,"Jun","CRC","TR",34,"2023_06_29_CRC_TR_34_2",2023-06-29 10:33:46.5,208.561640886061,-0.509378078422317,4.40688437923467e-26,0.885013735783096,1.60882223418061,194.249558770281,-0.285238073954013,0.0123035413070679,17222.1972031687,0.432407196354822,4.41774046757518e-29,0.91178525535051,1.4091449484184,188.35609613948,0.926553162073644,1.31125844612916,196.301329272085,TRUE,-0.269623572595476,0.00836568484077836,0.909124342951857,2023-06-29 10:33:20,2023-06-29 10:34:13,0.001,0,21.9,FALSE
1,"Jun","CRC","TR",36,"2023_06_29_CRC_TR_36_1",2023-06-29 10:50:41.5,NA,NA,NA,NA,NA,221.972050496306,0.190582159733884,0.0159040989291257,16587.7756212957,0.558948570729171,1.40198396817909e-16,0.734147694200994,1.82152277184207,206.478502907776,0.814704973770707,1.55082552303292,222.103795287076,TRUE,0.189503406805234,0.0132829925573678,1.41538877425254,2023-06-29 10:50:15,2023-06-29 10:51:08,0.001,0,21.7,FALSE
2,"Jun","CRC","TR",36,"2023_06_29_CRC_TR_36_2",2023-06-29 10:52:06.5,182.235528653634,0.283201977467899,1.97778086391684e-11,0.627643645779676,1.54980331729729,187.043193300596,0.137670760123463,0.016976533691833,16693.7876623689,0.631145117954023,2.04061006672949e-10,0.588416869748106,1.6293935182459,165.696351469261,0.757269490744535,1.27941654495941,188.235217243629,TRUE,0.125064256075385,0.0164540628995082,1.06937581942827,2023-06-29 10:51:43,2023-06-29 10:52:30,0.001,0,21.7,FALSE
1,"Jun","CRC","TR",37,"2023_06_29_CRC_TR_37_1",2023-06-29 10:46:38.5,183.16063703448,0.259485362507236,1.41575262656953e-29,0.915556527713136,1.27164062772225,202.938617667182,0.258199491652332,0.0133343229124967,16769.2913064931,0.468633951963919,1.97393080851383e-25,0.878204763649142,1.52720207164504,167.537664484625,0.941285074443789,1.08136492855955,203.83179924737,TRUE,0.24802169696672,0.0130952124764501,1.49425496884414,2023-06-29 10:46:12,2023-06-29 10:47:05,0.001,0,21.7,FALSE
2,"Jun","CRC","TR",37,"2023_06_29_CRC_TR_37_2",2023-06-29 10:48:03.5,258.513145363411,1.11070837661166,7.7125103581123e-14,0.661763925688172,2.55490824245571,286.039038818954,0.182820683713058,0.0287831378722043,16604.6827256632,1.01158159581781,5.33764398938713e-08,0.436885566532504,3.2965804169688,227.813490343903,0.822111332285924,1.88954028610817,293.56945121394,TRUE,0.114192145286557,0.0140756206320057,1.6717375503017,2023-06-29 10:47:37,2023-06-29 10:48:30,0.001,0,21.7666666666667,FALSE
1,"Jun","CRC","TR",39,"2023_06_29_CRC_TR_39_1",2023-06-29 10:41:27.320755,749.585608058816,108.586198589229,4.98820585876441e-30,0.922793640131094,274.582887589725,680.204496977888,61.1868944389208,1.25029616162464,19254.4874238755,43.7916960970777,1.54237252741531e-44,0.979148950810993,142.695699876879,676.013463042521,0.982134768357017,134.752956782509,681.118601837793,TRUE,60.1898867162418,0.920358030574867,108.694567892195,2023-06-29 10:41:01,2023-06-29 10:41:54,0.001,0,21.7,FALSE
2,"Jun","CRC","TR",39,"2023_06_29_CRC_TR_39_2",2023-06-29 10:42:52.792453,655.734511932185,53.7053748041855,2.50547934691529e-38,0.963478149884215,113.280322230921,610.976304779911,37.0162702796883,0.654545317095754,18294.6043487835,23.1753553477327,1.10170362487169e-47,0.984303837743426,74.2634003288464,544.798272204159,0.995824214776795,39.0781697798558,614.032817414395,TRUE,36.0782342982476,0.520686558915153,62.2639806019774,2023-06-29 10:42:26,2023-06-29 10:43:19,0.001,0,21.7,FALSE
1,"Jun","CRC","TR",40,"2023_06_29_CRC_TR_40_1",2023-06-29 10:36:43.5,NA,NA,NA,NA,NA,197.984670779818,0.0544179429723012,0.0127364951017588,17211.5665134523,0.447623330623896,8.24923509376478e-05,0.259840281842672,1.45873186306846,165.367398876935,0.624308484019847,1.05985172260218,198.072330476662,TRUE,0.0567866106338176,0.0126826035509398,1.59176522040665,2023-06-29 10:36:17,2023-06-29 10:37:10,0.001,0,21.9,FALSE
2,"Jun","CRC","TR",40,"2023_06_29_CRC_TR_40_2",2023-06-29 10:38:08.584906,NA,NA,NA,NA,NA,162.296434615899,-0.186995355772578,0.00941665902051266,17188.9142894426,0.332224879089351,1.18263091544574e-25,0.885480083656312,1.07765703594946,159.841238377979,0.898612217645037,1.03447480483598,162.377307028089,TRUE,-0.185402327740536,0.0100042188588439,1.19004498956737,2023-06-29 10:37:42,2023-06-29 10:38:35,0.000423728813559322,0,21.7,FALSE
1,"Jun","CRC","UP",25,"2023_06_29_CRC_UP_25_a_1",2023-06-29 09:16:03.5,NA,NA,NA,NA,NA,172.917884844665,-0.299556817355571,0.0100983458456158,16410.7529677833,0.354905738595412,2.92229690748645e-34,0.944203007840938,1.15658026259129,172.533751161239,0.948554021129016,1.13256404397254,172.965686108858,TRUE,-0.300791256811886,0.0100099761311286,1.30228979166887,2023-06-29 09:15:37,2023-06-29 09:16:30,0.001,0,20.1,FALSE
2,"Jun","CRC","UP",25,"2023_06_29_CRC_UP_25_a_2",2023-06-29 09:17:28.5,NA,NA,NA,NA,NA,167.22644758246,-0.116742009780633,0.00957995734630463,16408.5371116462,0.33668700692984,7.33448806002529e-17,0.740648700520424,1.09720836982551,169.610783130338,0.748293481617487,1.10232282110184,167.267478490975,TRUE,-0.115790944972721,0.0111011033810628,1.12063652690335,2023-06-29 09:17:02,2023-06-29 09:17:55,0.00085,0,20.1,FALSE
1,"Jun","CRC","UP",26,"2023_06_29_CRC_UP_26_1",2023-06-29 09:20:52.5,221.340342854426,-0.320493796808603,0.000199584406285505,0.235527844461128,1.81089952009074,209.85167863718,0.0806011000973272,0.0142157599516878,16421.5424036192,0.499612002052714,6.36332594696333e-07,0.382034542518778,1.62815451453329,181.837872431445,0.658419184786768,1.23445971764151,212.943758681285,TRUE,0.103332007827343,0.0101074746090648,1.13468379685333,2023-06-29 09:20:26,2023-06-29 09:21:19,0.001,0,19.99,FALSE
2,"Jun","CRC","UP",26,"2023_06_29_CRC_UP_26_2",2023-06-29 09:22:19,NA,NA,NA,NA,NA,170.967414278004,-0.105685883116308,0.0118349160618175,16412.2891424363,0.427642973359503,7.49821647218259e-12,0.619402768500148,1.24407430726723,135.267791607915,0.825256758193375,0.860721822144544,171.329967051837,TRUE,-0.112583558294554,0.00998776061186508,1.03505279930936,2023-06-29 09:21:54,2023-06-29 09:22:44,0.001,0,19.7066666666667,FALSE
1,"Jun","CRC","UP",27,"2023_06_29_CRC_UP_27_1",2023-06-29 09:26:50.5,NA,NA,NA,NA,NA,257.044046806931,0.0540550751643049,0.0220060535498995,16343.2314787646,0.773401387524075,0.0174105683106349,0.103969953491726,2.52038973337308,202.71909740324,0.695740093771917,1.49777110711351,264.399536308505,TRUE,0.00249322001172405,0.0132814643174558,1.36517945374111,2023-06-29 09:26:24,2023-06-29 09:27:17,0.001,0,19.9,FALSE
2,"Jun","CRC","UP",27,"2023_06_29_CRC_UP_27_2",2023-06-29 09:28:15.5,389.832041613893,-0.822532107881883,1.09316696507636e-18,0.779181798121779,8.61868064986139,347.85593939395,-1.09461113558543,0.0510174858698661,16423.093464766,1.79300637755307,1.70486673098079e-27,0.898505509040001,5.84311709127435,332.330974587716,0.929301023338862,4.97332210481886,348.219166079038,TRUE,-1.11414410454761,0.0542379713875248,5.92227757501208,2023-06-29 09:27:49,2023-06-29 09:28:42,0.001,0,19.9,FALSE
1,"Jun","CRC","UP",28,"2023_06_29_CRC_UP_28_1",2023-06-29 09:32:30.5,228.103430222396,-0.261056375324608,0.0636353795770313,0.0646079372798935,1.92792611543978,226.759610862751,0.0371464941269906,0.0166249758338833,16288.9328018366,0.584283744848846,0.0297818886908275,0.0875984254615939,1.90408599680456,226.689217162933,0.153845002490045,1.86997231839746,227.399785742844,TRUE,0.0264856030224152,0.0157388009151961,1.69838567187547,2023-06-29 09:32:04,2023-06-29 09:32:57,0.001,0,19.9,FALSE
2,"Jun","CRC","UP",28,"2023_06_29_CRC_UP_28_2",2023-06-29 09:33:56.5,NA,NA,NA,NA,NA,213.371697828461,-0.139592148317317,0.0146867242753598,16306.18034245,0.516164014005983,5.83144970336246e-13,0.634673268378957,1.68209483797548,215.018620522219,0.650250703318695,1.6784362355272,214.035560588565,TRUE,-0.146044592282795,0.0126147802015873,1.45623886085726,2023-06-29 09:33:30,2023-06-29 09:34:23,0.001,0,19.9,FALSE
1,"Jun","CRC","UP",29,"2023_06_29_CRC_UP_29_1",2023-06-29 09:37:35.5,268.593083927551,0.207698995399233,1.00507948496783e-12,0.627025547509708,2.80484723147819,253.371657833678,0.245133000277656,0.0212703476833486,16300.1450718154,0.747545050461645,6.18418447510247e-16,0.718640935196464,2.43612812287428,203.464919849659,0.896314867082249,1.50815015637733,253.399074475716,TRUE,0.24322984155232,0.0224559775730028,2.8919783639652,2023-06-29 09:37:09,2023-06-29 09:38:02,0.001,0,20.1,FALSE
2,"Jun","CRC","UP",29,"2023_06_29_CRC_UP_29_2",2023-06-29 09:39:01.5,NA,NA,NA,NA,NA,185.919098210483,-0.0798589359446659,0.0113901988774276,16304.8551841601,0.400307833296982,4.74919416190666e-09,0.485947042215252,1.30453832835816,154.649340966784,0.732483127745362,0.959721382751897,186.040112136264,TRUE,-0.0836851127735502,0.0114896703414813,1.33168175280556,2023-06-29 09:38:35,2023-06-29 09:39:28,0.001,0,20.1,FALSE
1,"Jun","CRC","UP",30,"2023_06_29_CRC_UP_30_1",2023-06-29 09:41:25.5,350.211738203815,1.00899019993289,8.32946329524865e-23,0.846429408969624,5.97197297807022,350.238165148832,0.882705895768026,0.052155314282036,16341.3599997438,1.83299528654764,8.43648374741907e-23,0.846354234991957,5.9734344624409,343.439449910348,0.874202494184176,5.51209242398855,350.640777281679,TRUE,0.884398177170011,0.0566094864184882,5.42472392886676,2023-06-29 09:40:59,2023-06-29 09:41:52,0.001,0,20.3,FALSE
2,"Jun","CRC","UP",30,"2023_06_29_CRC_UP_30_2",2023-06-29 09:42:51.5,NA,NA,NA,NA,NA,353.696333296087,-0.035844546487057,0.0538523560896514,16536.3779587705,1.89263771565107,0.508603705319128,0.00844790372141966,6.16779946929323,353.842237957375,0.0767506464243924,6.0694404192819,353.837606800733,TRUE,-0.0511104338479773,0.0535097351350172,7.28681354165874,2023-06-29 09:42:25,2023-06-29 09:43:18,0.001,0,20.3,FALSE
1,"Jul","CRC","TR",33,"2023_07_13_CRC_TR_33_1",2023-07-13 10:32:59.5,298.316655157632,-1.17832253168444,8.24040577507556e-33,0.936565799253339,3.69347343904407,191.275008027536,-0.919270822937463,0.0119692994883008,15893.2006316459,0.420660288358941,3.32031244078179e-55,0.991261396141492,1.37086367974046,175.639574126624,0.99392530799604,1.16560672774167,191.304659389355,TRUE,-0.918019046400333,0.0113899031801221,1.43350233125387,2023-07-13 10:32:33,2023-07-13 10:33:26,0.001,0,20.7,FALSE
2,"Jul","CRC","TR",33,"2023_07_13_CRC_TR_33_2",2023-07-13 10:34:28.5,NA,NA,NA,NA,NA,125.886416584199,-0.725775900958207,0.0101136240600558,15875.2837438393,0.383318359948781,3.12444505279461e-47,0.991528382243441,0.910647468906133,122.281796527166,0.992819251241673,0.858131151436175,126.03377588391,TRUE,-0.729191863782115,0.0102839861946737,0.905053168489214,2023-07-13 10:34:06,2023-07-13 10:34:51,0.001,0,20.8266666666667,FALSE
1,"Jul","CRC","TR",34,"2023_07_13_CRC_TR_34_3_1",2023-07-13 10:27:53.5,275.130188035017,-0.827059774122449,1.32233928198391e-32,0.935402860892007,2.97986446010348,202.269250465757,-0.731974832311967,0.0132519344323638,15955.4813949694,0.465738413938151,7.50517223797913e-48,0.983241702614755,1.51776598266141,187.191889914079,0.988229351149472,1.29719940233463,202.353430792386,TRUE,-0.732718172712759,0.0106946769105136,1.04293166720185,2023-07-13 10:27:27,2023-07-13 10:28:20,0.001,0,20.7,FALSE
2,"Jul","CRC","TR",34,"2023_07_13_CRC_TR_34_3_2",2023-07-13 10:29:20.5,NA,NA,NA,NA,NA,135.579556378029,-0.479835398244648,0.00884314129446549,15870.1119871299,0.322562594472202,9.73520492531389e-45,0.98395844166754,0.902368801028595,134.582413872363,0.985484168222746,0.876846272391713,135.58117890243,TRUE,-0.479503945326157,0.0093112875143162,1.05916905713934,2023-07-13 10:28:56,2023-07-13 10:29:45,0.001,0,20.7,FALSE
1,"Jul","CRC","TR",36,"2023_07_13_CRC_TR_36_1",2023-07-13 10:38:17.5,197.950739683818,-0.988009862091741,1.04021585804087e-39,0.96554686891396,1.45827363532409,209.625536893478,-0.483959836853817,0.0141860246426799,15927.5104425326,0.498566956461372,2.88526094980492e-37,0.95723158642722,1.62474888038029,170.41175728555,0.98078781618316,1.11052850906788,212.640683088666,TRUE,-0.462323753287528,0.0107069623142159,1.07886723704524,2023-07-13 10:37:51,2023-07-13 10:38:44,0.000516666666666667,0,20.8033333333333,FALSE
2,"Jul","CRC","TR",36,"2023_07_13_CRC_TR_36_2",2023-07-13 10:39:42.5,NA,NA,NA,NA,NA,146.577615598594,-0.3200156728083,0.0079127885218655,15908.493443149,0.278094461967866,5.69262617097031e-41,0.969187442785522,0.906264765176543,147.426364935469,0.970934095664915,0.897635073123602,146.671961738389,TRUE,-0.318610419886336,0.00696599878296131,0.811211883047832,2023-07-13 10:39:16,2023-07-13 10:40:09,0.001,0,20.9,FALSE
1,"Jul","CRC","TR",37,"2023_07_13_CRC_TR_37_1",2023-07-13 10:43:16.5,227.847737391413,-0.52702200785224,2.05042487710057e-29,0.914347060095457,1.92336709875038,157.553952418032,-0.408928319047804,0.00875927377568333,15934.7946906265,0.307844133726906,3.97478489695024e-44,0.976697356943384,1.00321412224034,158.62463186013,0.977927773184063,0.995705235062241,158.219757103502,TRUE,-0.404773430537443,0.00835751294846214,0.860349281850645,2023-07-13 10:42:50,2023-07-13 10:43:43,0.001,0,20.9,FALSE
2,"Jul","CRC","TR",37,"2023_07_13_CRC_TR_37_2",2023-07-13 10:44:44.5,NA,NA,NA,NA,NA,127.335510808083,-0.279935748785245,0.00911459516903153,15898.3382902323,0.338857881560888,2.68632650919094e-32,0.953501672418844,0.874811228219098,127.189533740248,0.957349379447986,0.85666482898617,128.008083464864,TRUE,-0.273010533912342,0.00838710336014554,0.702730300251003,2023-07-13 10:44:21,2023-07-13 10:45:08,0.001,0,20.9,FALSE
1,"Jul","CRC","TR",39,"2023_07_13_CRC_TR_39_1",2023-07-13 10:49:00.5,NA,NA,NA,NA,NA,441.607617447527,13.494380346442,0.121539526060084,15881.8078028078,4.27149910731344,1.77274197108655e-63,0.995799466850367,13.9201230691482,418.514598585027,0.997456632765166,11.0461788955651,441.88242801037,TRUE,13.5473752428544,0.121609436597933,15.7231679513701,2023-07-13 10:48:34,2023-07-13 10:49:27,0.001,0,20.9466666666667,FALSE
2,"Jul","CRC","TR",39,"2023_07_13_CRC_TR_39_2",2023-07-13 10:50:27.5,492.65699258948,10.3546834042973,4.39582978463821e-34,0.955440833952212,32.0738927724237,350.356662627217,10.302997479885,0.0757480897365542,15847.7187729078,2.76298879980894,9.33185560338099e-64,0.997412191752581,7.72946067915477,341.621422459598,0.997994072639874,6.95156278785388,351.437544097924,TRUE,10.2346487381965,0.0730110858984474,7.32376147770373,2023-07-13 10:50:03,2023-07-13 10:50:52,0.001,0,21.1,FALSE
1,"Jul","CRC","TR",40,"2023_07_13_CRC_TR_40_1",2023-07-13 10:53:39.5,277.607364749199,-0.653087263781372,1.66492718080906e-30,0.922219509458434,3.04900295667058,161.860385608609,-0.685187224374856,0.00911560135877336,15948.5561244083,0.320367244540485,1.00730359341016e-54,0.990880380708947,1.04402491005839,156.438013792389,0.992340553735989,0.975748434312336,162.016628702597,TRUE,-0.684454690273671,0.00916286101994244,0.880398757408945,2023-07-13 10:53:13,2023-07-13 10:54:06,0.001,0,21.1,FALSE
2,"Jul","CRC","TR",40,"2023_07_13_CRC_TR_40_2",2023-07-13 10:55:04.5,246.395148753442,-0.70626039396496,1.94432790070599e-33,0.939989053729067,2.28373586146853,169.799595398706,-0.582678337807563,0.00981094483452666,15960.6795784461,0.344805047881006,1.829819466185e-49,0.985471811304224,1.12366374913886,155.623025410608,0.989624080774216,0.968412964712357,171.314409428092,TRUE,-0.571584895348867,0.00798495846650428,0.887482642126239,2023-07-13 10:54:38,2023-07-13 10:55:31,0.001,0,21.16,FALSE
